entity_id,site_id,entity_name,entity_status,corresponding_current,persist_id,depth_ref,geology,rock_age,wokam,vegetation_type,land_use,copernicus_lcc,cover_type,cover_thickness,host_rock_trace_elements,drip_water_trace_elements,distance_entrance,speleothem_type,drip_type,drip_height,d13C,d18O,iso_std,d18O_water_equilibrium,d18O_dripwater_carbonate_difference,organics,fluid_inclusions,mineralogy_petrology_fabric,clumped_isotopes,noble_gas_temperatures,C14,ODL,Sr_Ca,Sr_Ca_method,Sr_Ca_std,Sr_Ca_downsampled,Sr_Ca_downsampling_method,Mg_Ca,Mg_Ca_method,Mg_Ca_std,Mg_Ca_downsampled,Mg_Ca_downsampling_method,Ba_Ca,Ba_Ca_method,Ba_Ca_std,Ba_Ca_downsampled,Ba_Ca_downsampling_method,U_Ca,U_Ca_method,U_Ca_std,U_Ca_downsampled,U_Ca_downsampling_method,P_Ca,P_Ca_method,P_Ca_std,P_Ca_downsampled,P_Ca_downsampling_method,Sr_isotopes,Sr_isotopes_method,Sr_isotopes_std,trace_elements_datafile,trace_elements_metadatafile,cave_map,entity_scan,added_in_release_id,last_modified_release_id,data_DOI_URL
1,1,BT-1,current,,1-BT1,from top,limestone,Pleistocene,discontinuous carbonate,unknown,unknown,"closed forest, evergreen needle leaf",unknown,30.0,no,no,32.4,stalagmite,unknown,,yes,yes,Vienna-PDB,unknown,,no,no,yes,no,no,no,no,no,,,,,no,,,,,no,,,,,no,,,,,no,,,,,no,,,no,,no,no,1,1,https://www.ncdc.noaa.gov/paleo/study/20449
2,1,BT-2.1,current,,1-BT21,from top,limestone,Pleistocene,discontinuous carbonate,unknown,unknown,"closed forest, evergreen needle leaf",unknown,30.0,no,no,32.4,stalagmite,unknown,,yes,yes,Vienna-PDB,unknown,,no,no,yes,no,no,no,no,no,,,,,no,,,,,no,,,,,no,,,,,no,,,,,no,,,no,,no,no,1,1,https://www.ncdc.noaa.gov/paleo/study/20449
3,1,BT-2.2,current,,1-BT22,from top,limestone,Pleistocene,discontinuous carbonate,unknown,unknown,"closed forest, evergreen needle leaf",unknown,30.0,no,no,32.4,stalagmite,unknown,,yes,yes,Vienna-PDB,unknown,,no,no,yes,no,no,no,no,no,,,,,no,,,,,no,,,,,no,,,,,no,,,,,no,,,no,,no,no,1,1,https://www.ncdc.noaa.gov/paleo/study/20449
4,1,BT-2.3,current,,1-BT23,from top,limestone,Pleistocene,discontinuous carbonate,unknown,unknown,"closed forest, evergreen needle leaf",unknown,30.0,no,no,32.4,stalagmite,unknown,,yes,yes,Vienna-PDB,unknown,,no,no,yes,no,no,no,no,no,,,,,no,,,,,no,,,,,no,,,,,no,,,,,no,,,no,,no,no,1,1,https://www.ncdc.noaa.gov/paleo/study/20449
5,1,BT-2.4,current,,1-BT24,from top,limestone,Pleistocene,discontinuous carbonate,unknown,unknown,"closed forest, evergreen needle leaf",unknown,30.0,no,no,32.4,stalagmite,unknown,,yes,yes,Vienna-PDB,unknown,,no,no,yes,no,no,no,no,no,,,,,no,,,,,no,,,,,no,,,,,no,,,,,no,,,no,,no,no,1,1,https://www.ncdc.noaa.gov/paleo/study/20449
6,1,BT-2.5,current,,1-BT25,from top,limestone,Pleistocene,discontinuous carbonate,unknown,unknown,"closed forest, evergreen needle leaf",unknown,30.0,no,no,32.4,stalagmite,unknown,,yes,yes,Vienna-PDB,unknown,,no,no,yes,no,no,no,no,no,,,,,no,,,,,no,,,,,no,,,,,no,,,,,no,,,no,,no,no,1,1,https://www.ncdc.noaa.gov/paleo/study/20449
7,1,BT-4,current,,1-BT4,from top,limestone,Pleistocene,discontinuous carbonate,unknown,unknown,"closed forest, evergreen needle leaf",unknown,30.0,no,no,32.4,stalagmite,unknown,,yes,yes,Vienna-PDB,unknown,,no,no,yes,no,no,no,no,no,,,,,no,,,,,no,,,,,no,,,,,no,,,,,no,,,no,,no,no,1,1,https://www.ncdc.noaa.gov/paleo/study/20449
8,1,BT-6,current,,1-BT6,from top,limestone,Pleistocene,discontinuous carbonate,unknown,unknown,"closed forest, evergreen needle leaf",unknown,30.0,no,no,32.4,stalagmite,unknown,,yes,yes,Vienna-PDB,unknown,,no,no,yes,no,no,no,no,no,,,,,no,,,,,no,,,,,no,,,,,no,,,,,no,,,no,,no,no,1,1,https://www.ncdc.noaa.gov/paleo/study/20449
9,1,BT-8,current,,1-BT8,from top,limestone,Pleistocene,discontinuous carbonate,unknown,unknown,"closed forest, evergreen needle leaf",unknown,30.0,no,no,32.4,stalagmite,unknown,,yes,yes,Vienna-PDB,unknown,,no,no,yes,no,no,no,no,no,,,,,no,,,,,no,,,,,no,,,,,no,,,,,no,,,no,,no,no,1,1,https://www.ncdc.noaa.gov/paleo/study/20449
10,1,BT-9,current,,1-BT9,from top,limestone,Pleistocene,discontinuous carbonate,unknown,unknown,"closed forest, evergreen needle leaf",unknown,30.0,no,no,32.4,stalagmite,unknown,,yes,yes,Vienna-PDB,unknown,,no,no,yes,no,no,no,no,no,,,,,no,,,,,no,,,,,no,,,,,no,,,,,no,,,no,,no,no,1,1,https://www.ncdc.noaa.gov/paleo/study/20449
11,2,KS06-A-H,current,,2-KS06AH,from top,limestone,Pleistocene,,sparse,unknown,"closed forest, evergreen needle leaf",thin,,,,,stalagmite,unknown,,yes,yes,Vienna-PDB,unknown,,no,no,no,no,no,no,no,no,,,,,no,,,,,no,,,,,no,,,,,no,,,,,no,,,no,,no,yes,1,1,https://www.ncdc.noaa.gov/paleo/study/21350 
12,2,KS06-A,current,,2-KS06A,from top,limestone,Pleistocene,,sparse,unknown,"closed forest, evergreen needle leaf",thin,,,,,stalagmite,unknown,,yes,yes,Vienna-PDB,unknown,,no,no,no,no,no,no,no,no,,,,,no,,,,,no,,,,,no,,,,,no,,,,,no,,,no,,no,yes,1,1,https://www.ncdc.noaa.gov/paleo/study/21351
13,2,KS06-B,current,,2-KS06B,from top,limestone,Pleistocene,,sparse,unknown,"closed forest, evergreen needle leaf",thin,,,,,stalagmite,unknown,,yes,yes,Vienna-PDB,unknown,,no,no,no,no,no,no,no,no,,,,,no,,,,,no,,,,,no,,,,,no,,,,,no,,,no,,no,yes,1,1,https://www.ncdc.noaa.gov/paleo/study/21352
14,2,KS08-1-H,current,,2-KS081H,from top,limestone,Pleistocene,,sparse,unknown,"closed forest, evergreen needle leaf",thin,,,,,stalagmite,unknown,,yes,yes,Vienna-PDB,unknown,,no,no,no,no,no,no,no,no,,,,,no,,,,,no,,,,,no,,,,,no,,,,,no,,,no,,no,yes,1,1,https://www.ncdc.noaa.gov/paleo/study/21353
15,2,KS08-1,current,,2-KS081,from top,limestone,Pleistocene,,sparse,unknown,"closed forest, evergreen needle leaf",thin,,,,,stalagmite,unknown,,yes,yes,Vienna-PDB,unknown,,no,no,no,no,no,no,no,no,,,,,no,,,,,no,,,,,no,,,,,no,,,,,no,,,no,,no,yes,1,1,https://www.ncdc.noaa.gov/paleo/study/21354
16,2,KS08-2-H,current,,2-KS082H,from top,limestone,Pleistocene,,sparse,unknown,"closed forest, evergreen needle leaf",thin,,,,,stalagmite,unknown,,yes,yes,Vienna-PDB,unknown,,no,no,no,no,no,no,no,no,,,,,no,,,,,no,,,,,no,,,,,no,,,,,no,,,no,,no,yes,1,1,https://www.ncdc.noaa.gov/paleo/study/21355
17,2,KS08-2,current,,2-KS082,from top,limestone,Pleistocene,,sparse,unknown,"closed forest, evergreen needle leaf",thin,,unknown,unknown,,stalagmite,unknown,,yes,yes,Vienna-PDB,unknown,,no,no,no,no,no,no,no,yes,unknown,unknown,Yes-SISAL downsampled,linear interpolation,yes,micro XRF (ITRAX),unknown,Yes-SISAL downsampled,linear interpolation,yes,micro XRF (ITRAX),unknown,Yes-SISAL downsampled,linear interpolation,yes,micro XRF (ITRAX),unknown,Yes-SISAL downsampled,linear interpolation,no,,,,,no,,,yes,no,no,yes,1,1,https://www.ncei.noaa.gov/pub/data/paleo/speleothem/asia/china/kesang2016ks08-2elem.txt
18,2,KS08-2-MIS3,current,,2-KS082MIS3,from top,limestone,Pleistocene,,sparse,unknown,"closed forest, evergreen needle leaf",thin,,,,,stalagmite,unknown,,yes,yes,Vienna-PDB,unknown,,no,no,no,no,no,no,no,no,,,,,no,,,,,no,,,,,no,,,,,no,,,,,no,,,no,,no,no,1,1,https://www.ncdc.noaa.gov/paleo/study/21357
19,2,KS08-6,current,,2-KS086,from top,limestone,Pleistocene,,sparse,unknown,"closed forest, evergreen needle leaf",thin,,,,,stalagmite,unknown,,yes,yes,Vienna-PDB,unknown,,no,no,no,no,no,no,no,no,,,,,no,,,,,no,,,,,no,,,,,no,,,,,no,,,no,,no,no,1,1,https://www.ncdc.noaa.gov/paleo/study/21357
20,3,PAR01,current,,3-PAR01,from top,limestone,Carboniferous,continuous carbonate,unknown,unknown,"closed forest, evergreen broad leaf",unknown,,,,200.0,stalagmite,unknown,,yes,yes,Vienna-PDB,yes,,no,no,no,no,no,no,no,no,,,,,no,,,,,no,,,,,no,,,,,no,,,,,no,,,no,,no,no,1,1,
21,3,PAR03,current,,3-PAR03,from top,limestone,Carboniferous,continuous carbonate,unknown,unknown,"closed forest, evergreen broad leaf",unknown,,,,200.0,stalagmite,unknown,,yes,yes,Vienna-PDB,yes,,no,no,no,no,no,no,no,no,,,,,no,,,,,no,,,,,no,,,,,no,,,,,no,,,no,,no,no,1,1,
22,3,PAR06,current,,3-PAR06,from top,limestone,Carboniferous,continuous carbonate,unknown,unknown,"closed forest, evergreen broad leaf",unknown,,,,500.0,stalagmite,unknown,,yes,yes,Vienna-PDB,yes,,no,no,no,no,no,no,no,no,,,,,no,,,,,no,,,,,no,,,,,no,,,,,no,,,no,,no,no,1,1,
23,3,PAR07,current,,3-PAR07,from top,limestone,Carboniferous,continuous carbonate,unknown,unknown,"closed forest, evergreen broad leaf",unknown,,,,500.0,stalagmite,unknown,,yes,yes,Vienna-PDB,yes,,no,no,no,no,no,no,no,no,,,,,no,,,,,no,,,,,no,,,,,no,,,,,no,,,no,,no,no,1,1,
24,3,PAR08,current,,3-PAR08,from top,limestone,Carboniferous,continuous carbonate,unknown,unknown,"closed forest, evergreen broad leaf",unknown,,,,500.0,stalagmite,unknown,,yes,yes,Vienna-PDB,yes,,no,no,no,no,no,no,no,no,,,,,no,,,,,no,,,,,no,,,,,no,,,,,no,,,no,,no,no,1,1,
25,3,PAR16,current,,3-PAR16,from top,limestone,Carboniferous,continuous carbonate,unknown,unknown,"closed forest, evergreen broad leaf",unknown,,,,200.0,stalagmite,unknown,,yes,yes,Vienna-PDB,yes,,no,no,no,no,no,no,no,no,,,,,no,,,,,no,,,,,no,,,,,no,,,,,no,,,no,,no,no,1,1,
26,3,PAR24,current,,3-PAR24,from top,limestone,Carboniferous,continuous carbonate,unknown,unknown,"closed forest, evergreen broad leaf",unknown,,,,200.0,stalagmite,unknown,,yes,yes,Vienna-PDB,yes,,no,no,no,no,no,no,no,no,,,,,no,,,,,no,,,,,no,,,,,no,,,,,no,,,no,,no,no,1,1,
27,4,Vil-stm6,current,,4-VILSTM6,from base,limestone,Jurassic,continuous carbonate,trees and grass,unknown,"open forest, other",thin,,unknown,unknown,,stalagmite,unknown,,yes,yes,Vienna-PDB,unknown,,no,no,no,no,no,no,no,no,,,,,no,,,,,no,,,,,no,,,,,no,,,,,no,,,no,,no,no,1,1,
28,4,Vil-stm9,current,,4-VILSTM9,from base,limestone,Jurassic,continuous carbonate,trees and grass,unknown,"open forest, other",thin,30.0,unknown,unknown,,stalagmite,unknown,,yes,yes,Vienna-PDB,unknown,,no,no,no,no,no,no,no,no,,,,,no,,,,,no,,,,,no,,,,,no,,,,,no,,,no,,no,no,1,1,
29,4,Vil-stm11,current,,4-VILSTM11,from base,limestone,Jurassic,continuous carbonate,trees and grass,unknown,"open forest, other",thin,40.0,unknown,unknown,200.0,stalagmite,unknown,,yes,yes,Vienna-PDB,no,,no,no,no,no,no,no,no,no,,,,,no,,,,,no,,,,,no,,,,,no,,,,,no,,,no,,no,no,1,1,
30,4,Vil-stm14,current,,4-VILSTM14,from base,limestone,Jurassic,continuous carbonate,trees and grass,unknown,"open forest, other",thin,30.0,unknown,unknown,,stalagmite,unknown,,yes,yes,Vienna-PDB,unknown,,no,no,no,no,no,no,no,no,,,,,no,,,,,no,,,,,no,,,,,no,,,,,no,,,no,,no,no,1,1,
31,4,Vil-stm27,current,,4-VILSTM27,from base,limestone,Jurassic,continuous carbonate,trees and grass,unknown,"open forest, other",thin,30.0,unknown,unknown,,stalagmite,unknown,,yes,yes,Vienna-PDB,unknown,,no,no,no,no,no,no,no,no,,,,,no,,,,,no,,,,,no,,,,,no,,,,,no,,,no,,no,no,1,1,
32,4,Vil-car1,current,,4-VILCAR1,from top,limestone,Jurassic,continuous carbonate,trees and grass,unknown,"open forest, other",thin,25.0,unknown,unknown,150.0,flowstone,unknown,,yes,yes,Vienna-PDB,no,,no,yes,yes,yes,no,no,no,yes,unknown,,No-aliquots of same powder used for stable isotope and trace element measurements,,yes,solution ICP-AES,,No-aliquots of same powder used for stable isotope and trace element measurements,,yes,solution ICP-AES,,No-aliquots of same powder used for stable isotope and trace element measurements,,no,,,,,no,,,,,no,,,yes,no,no,no,1,1,
33,4,Vil-stm1,current,,4-VILSTM1,from top,limestone,Jurassic,continuous carbonate,trees and grass,unknown,"open forest, other",thin,8.0,unknown,unknown,150.0,stalagmite,unknown,,yes,yes,Vienna-PDB,no,,no,yes,no,no,no,yes,no,yes,solution ICP-MS,,No-but different powders used for stable isotope and trace element measurements,,yes,solution ICP-MS,,No-but different powders used for stable isotope and trace element measurements,,yes,solution ICP-MS,,No-but different powders used for stable isotope and trace element measurements,,yes,solution ICP-MS,,No-but different powders used for stable isotope and trace element measurements,,no,,,,,no,,,yes,no,no,no,1,1,
34,5,YK5,current,,5-YK5,from top,limestone,Permian,discontinuous carbonate,unknown,unknown,"closed forest, evergreen broad leaf",unknown,,,,,stalagmite,unknown,,no,yes,Vienna-PDB,yes,,no,no,yes,no,no,no,no,no,,,,,no,,,,,no,,,,,no,,,,,no,,,,,no,,,no,,yes,yes,1,1,
35,5,YK12,current,,5-YK12,from top,limestone,Permian,discontinuous carbonate,unknown,unknown,"closed forest, evergreen broad leaf",unknown,,,,,stalagmite,unknown,,no,yes,Vienna-PDB,yes,,no,no,yes,no,no,no,no,no,,,,,no,,,,,no,,,,,no,,,,,no,,,,,no,,,no,,yes,yes,1,1,
36,5,YK23,current,,5-YK23,from top,limestone,Permian,discontinuous carbonate,unknown,unknown,"closed forest, evergreen broad leaf",unknown,,,,,stalagmite,unknown,,no,yes,Vienna-PDB,yes,,no,no,yes,no,no,no,no,no,,,,,no,,,,,no,,,,,no,,,,,no,,,,,no,,,no,,yes,yes,1,1,
37,5,YK47,current,,5-YK47,from top,limestone,Permian,discontinuous carbonate,unknown,unknown,"closed forest, evergreen broad leaf",unknown,,,,,stalagmite,unknown,,no,yes,Vienna-PDB,yes,,no,no,yes,no,no,no,no,no,,,,,no,,,,,no,,,,,no,,,,,no,,,,,no,,,no,,yes,yes,1,1,
38,5,YK61,current,,5-YK61,from top,limestone,Permian,discontinuous carbonate,unknown,unknown,"closed forest, evergreen broad leaf",unknown,,,,,stalagmite,unknown,,no,yes,Vienna-PDB,yes,,no,no,yes,no,no,no,no,no,,,,,no,,,,,no,,,,,no,,,,,no,,,,,no,,,no,,yes,yes,1,1,
39,5,JFYK7,current,,5-JFYK7,from top,limestone,Permian,discontinuous carbonate,unknown,unknown,"closed forest, evergreen broad leaf",unknown,,,,,stalagmite,unknown,,yes,yes,Vienna-PDB,yes,,no,no,yes,no,no,no,no,no,,,,,no,,,,,no,,,,,no,,,,,no,,,,,no,,,no,,yes,yes,1,1,
40,6,MSD,current,,6-MSD,from top,unknown,unknown,,unknown,unknown,cultivated and managed vegetation / agriculture,unknown,,,,35.0,stalagmite,unknown,,no,yes,Vienna-PDB,yes,,no,no,no,no,no,no,no,no,,,,,no,,,,,no,,,,,no,,,,,no,,,,,no,,,no,,no,no,1,1,https://www.ncdc.noaa.gov/paleo/study/5426
41,6,MSL,current partially modified,706,6-MSL,from top,unknown,unknown,,unknown,unknown,cultivated and managed vegetation / agriculture,unknown,,,,35.0,stalagmite,unknown,,no,yes,Vienna-PDB,yes,,no,no,no,no,no,no,no,no,,,,,no,,,,,no,,,,,no,,,,,no,,,,,no,,,no,,no,no,1,1,https://www.ncdc.noaa.gov/paleo/study/5426
42,6,PD,current,,6-PD,from top,unknown,unknown,,unknown,unknown,cultivated and managed vegetation / agriculture,unknown,,,,35.0,stalagmite,unknown,,no,yes,Vienna-PDB,yes,,no,no,no,no,no,no,no,no,,,,,no,,,,,no,,,,,no,,,,,no,,,,,no,,,no,,no,no,1,1,https://www.ncdc.noaa.gov/paleo/study/5426
43,6,YT,current,,6-YT,from top,unknown,unknown,,unknown,unknown,cultivated and managed vegetation / agriculture,unknown,,,,35.0,stalagmite,unknown,,no,yes,Vienna-PDB,yes,,no,no,no,no,no,no,no,no,,,,,no,,,,,no,,,,,no,,,,,no,,,,,no,,,no,,no,no,1,1,https://www.ncdc.noaa.gov/paleo/study/5426
44,6,H82,current,,6-H82,from top,unknown,unknown,,unknown,unknown,cultivated and managed vegetation / agriculture,unknown,,,,35.0,stalagmite,unknown,,no,yes,Vienna-PDB,yes,,no,no,no,no,no,no,no,no,,,,,no,,,,,no,,,,,no,,,,,no,,,,,no,,,no,,no,no,1,1,https://www.ncdc.noaa.gov/paleo/study/5426
45,7,T5,current,,7-T5,from top,dolomite,Precambrian,,trees and grass,unknown,herbaceous vegetation,patchy,22.5,no,no,100.0,stalagmite,unknown,,yes,yes,PDB,yes,,no,no,yes,no,no,no,no,no,,,,,no,,,,,no,,,,,no,,,,,no,,,,,no,,,no,,no,no,1,1,
46,7,T7_1999,superseded,49,7-T7,from top,dolomite,Precambrian,,trees and grass,unknown,herbaceous vegetation,patchy,22.5,no,no,100.0,stalagmite,unknown,,yes,yes,PDB,unknown,,no,no,no,no,no,no,no,no,,,,,no,,,,,no,,,,,no,,,,,no,,,,,no,,,no,,no,no,1,1,https://www.ncdc.noaa.gov/paleo/study/5420
47,7,T7_2001,superseded,49,7-T7,from top,dolomite,Precambrian,,trees and grass,unknown,herbaceous vegetation,patchy,22.5,no,no,100.0,stalagmite,unknown,,yes,yes,PDB,unknown,,no,no,no,no,no,no,no,no,,,,,no,,,,,no,,,,,no,,,,,no,,,,,no,,,no,,no,no,1,1,https://www.ncdc.noaa.gov/paleo/study/5420
48,7,T8,current,,7-T8,from top,dolomite,Precambrian,,trees and grass,unknown,herbaceous vegetation,patchy,22.5,no,no,100.0,stalagmite,unknown,,yes,yes,PDB,unknown,,no,no,no,no,no,no,no,no,,,,,no,,,,,no,,,,,no,,,,,no,,,,,no,,,no,,no,no,1,1,https://www.ncdc.noaa.gov/paleo/study/5432
49,7,T7_2013,current,,7-T7,from top,dolomite,Precambrian,,trees and grass,unknown,herbaceous vegetation,patchy,22.5,no,no,100.0,stalagmite,unknown,,yes,yes,Vienna-PDB,unknown,,no,no,no,no,no,no,no,no,,,,,no,,,,,no,,,,,no,,,,,no,,,,,no,,,no,,no,no,1,1,https://www.ncdc.noaa.gov/paleo/study/14349
50,8,LH-70s-1,current,,8-LH70S1,from top,limestone,Carboniferous,continuous carbonate,moorland,limited or no use,herbaceous vegetation,unknown,50.0,unknown,unknown,250.0,stalagmite,unknown,,yes,yes,PDB,unknown,,no,yes,no,no,no,no,no,no,,,,,no,,,,,no,,,,,no,,,,,no,,,,,no,,,no,,no,no,1,1,
51,8,LH-70s-2,current,,8-LH70S2,from top,limestone,Carboniferous,continuous carbonate,moorland,limited or no use,herbaceous vegetation,unknown,50.0,unknown,unknown,250.0,stalagmite,unknown,,yes,yes,PDB,unknown,,no,yes,no,no,no,no,no,no,,,,,no,,,,,no,,,,,no,,,,,no,,,,,no,,,no,,no,no,1,1,
52,8,LH-70s-3,current,,8-LH70S3,from top,limestone,Carboniferous,continuous carbonate,moorland,limited or no use,herbaceous vegetation,unknown,50.0,unknown,unknown,250.0,stalagmite,unknown,,yes,yes,PDB,unknown,,no,yes,no,no,no,no,no,no,,,,,no,,,,,no,,,,,no,,,,,no,,,,,no,,,no,,no,no,1,1,
53,9,TON-1,current,,9-TON1,from top,unknown,Pleistocene,,sparse,unknown,herbaceous vegetation,unknown,,no,no,,stalagmite,unknown,,yes,yes,Vienna-PDB,unknown,,no,no,no,no,no,no,no,yes,unknown,unknown,No-not applicable,,no,,,,,no,,,,,no,,,,,no,,,,,no,,,no,no,no,yes,1,1,https://www.ncei.noaa.gov/access/paleo-search/study/21350
54,9,TON-2,current,,9-TON2,from top,unknown,Pleistocene,,sparse,unknown,herbaceous vegetation,unknown,,no,no,,stalagmite,unknown,,yes,yes,Vienna-PDB,unknown,,no,no,no,no,no,no,no,yes,unknown,unknown,No-not applicable,,no,,,,,no,,,,,no,,,,,no,,,,,no,,,no,no,no,yes,1,1,https://www.ncei.noaa.gov/access/paleo-search/study/21350
55,10,JAR7,current,,10-JAR7,from top,dolomite,unknown,continuous carbonate,deciduous,forest,"closed forest, other",patchy,,no,yes,300.0,stalagmite,seasonal drip,10.0,yes,yes,Vienna-PDB,yes,,no,no,no,no,no,no,no,no,,,,,no,,,,,no,,,,,no,,,,,no,,,,,no,,,no,,yes,yes,1,1,10.1594/PANGAEA.878256; 10.1594/PANGAEA.905143
56,10,JAR14,current,,10-JAR14,from top,dolomite,unknown,continuous carbonate,deciduous,forest,"closed forest, other",patchy,,no,yes,300.0,stalagmite,seasonal drip,10.0,yes,yes,Vienna-PDB,yes,,no,no,no,no,no,no,no,no,,,,,no,,,,,no,,,,,no,,,,,no,,,,,no,,,no,,yes,yes,1,1,10.1594/PANGAEA.878256; 10.1594/PANGAEA.905143
57,10,JAR13,current,,10-JAR13,from top,dolomite,unknown,continuous carbonate,deciduous,forest,"closed forest, other",patchy,,no,yes,300.0,stalagmite,seasonal drip,10.0,yes,yes,Vienna-PDB,yes,,no,no,no,no,no,no,no,no,,,,,no,,,,,no,,,,,no,,,,,no,,,,,no,,,no,,yes,yes,1,1,10.1594/PANGAEA.878256; 10.1594/PANGAEA.905144
58,11,Jeita-1,current,,11-JEITA1,from top,limestone,Jurassic,continuous carbonate,shrubland,forest,urban / built up,thick,,no,no,200.0,stalagmite,unknown,,yes,yes,Vienna-PDB,yes,,no,no,yes,no,no,no,no,yes,micro XRF,unknown,No-but different powders used for stable isotope and trace element measurements,,no,,,,,no,,,,,no,,,,,no,,,,,no,,,yes,no,yes,yes,1,1,
59,11,Jeita-2,current,,11-JEITA2,from top,limestone,Jurassic,continuous carbonate,shrubland,forest,urban / built up,thick,,no,no,200.0,stalagmite,unknown,,yes,yes,Vienna-PDB,yes,,no,no,yes,no,no,no,no,no,,,,,no,,,,,no,,,,,no,,,,,no,,,,,no,,,no,,yes,yes,1,1,
60,11,Jeita-3,current,,11-JEITA3,from top,limestone,Jurassic,continuous carbonate,shrubland,forest,urban / built up,thick,,no,no,200.0,stalagmite,unknown,,yes,yes,Vienna-PDB,yes,,no,no,yes,no,no,no,no,no,,,,,no,,,,,no,,,,,no,,,,,no,,,,,no,,,no,,yes,yes,1,1,
61,12,KM-A,current,,12-KMA,from top,mixed (see notes),Eocene,continuous carbonate,grassland,other (see notes),"closed forest, evergreen broad leaf",thin,,,,1290.0,stalagmite,unknown,,no,yes,Vienna-PDB,no,,no,no,no,no,no,no,no,no,,,,,no,,,,,no,,,,,no,,,,,no,,,,,no,,,no,,yes,no,1,1,https://www.ncdc.noaa.gov/paleo/study/12912
62,12,MWS-1,current,,12-MWS1,from top,mixed (see notes),Eocene,continuous carbonate,grassland,other (see notes),"closed forest, evergreen broad leaf",thin,,,,,stalagmite,unknown,,no,yes,Vienna-PDB,unknown,,no,no,no,no,unknown,no,no,no,,,,,no,,,,,no,,,,,no,,,,,no,,,,,no,,,no,,yes,yes,1,1,
63,12,MAW-6,current,,12-MAW6,from top,mixed (see notes),Eocene,continuous carbonate,grassland,other (see notes),"closed forest, evergreen broad leaf",thin,30.0,,,,stalagmite,unknown,,yes,yes,Vienna-PDB,no,,no,no,yes,no,no,no,no,no,,,,,no,,,,,no,,,,,no,,,,,no,,,,,no,,,no,,yes,yes,1,1,
64,13,BGC-6,current,,13-BGC6,from base,limestone,Devonian,,unknown,unknown,herbaceous vegetation,patchy,,no,no,300.0,stalagmite,unknown,,no,yes,Vienna-PDB,unknown,,no,no,no,no,no,no,no,no,,,,,no,,,,,no,,,,,no,,,,,no,,,,,no,,,no,,no,no,1,1,https://www.ncdc.noaa.gov/paleo/study/14648
65,13,BGC-11_2013,superseded,635,13-BGC11,from base,limestone,Devonian,,unknown,unknown,herbaceous vegetation,patchy,,no,no,300.0,stalagmite,unknown,,no,yes,Vienna-PDB,unknown,,no,no,no,no,no,no,no,no,,,,,no,,,,,no,,,,,no,,,,,no,,,,,no,,,no,,no,no,1,1,https://www.ncdc.noaa.gov/paleo/study/14648
66,13,BGC-14,current,,13-BGC14,from base,limestone,Devonian,,unknown,unknown,herbaceous vegetation,patchy,,no,no,300.0,stalagmite,unknown,,no,yes,Vienna-PDB,unknown,,no,no,no,no,no,no,no,no,,,,,no,,,,,no,,,,,no,,,,,no,,,,,no,,,no,,no,no,1,1,https://www.ncdc.noaa.gov/paleo/study/14648
67,14,LMC-14,current,,14-LMC14,from top,limestone,Cambrian,,shrubland,forest,"open forest, other",patchy,,unknown,no,,stalagmite,unknown,,yes,yes,Vienna-PDB,no,,no,no,no,no,no,no,no,no,,,,,no,,,,,no,,,,,no,,,,,no,,,,,no,,,no,,no,no,1,1,https://www.ncei.noaa.gov/access/metadata/landing-page/bin/iso?id=noaa-cave-16517
68,14,LMC-21,current,,14-LMC21,from top,limestone,Cambrian,,shrubland,forest,"open forest, other",patchy,,unknown,no,,stalagmite,unknown,,yes,yes,Vienna-PDB,no,,no,no,no,no,no,no,no,no,,,,,no,,,,,no,,,,,no,,,,,no,,,,,no,,,no,,no,no,1,1,https://www.ncei.noaa.gov/access/metadata/landing-page/bin/iso?id=noaa-cave-16517
69,14,LC-2,current,,14-LC2,from top,limestone,Cambrian,,shrubland,forest,"open forest, other",patchy,,unknown,no,,stalagmite,unknown,,yes,yes,Vienna-PDB,no,,no,no,no,no,no,no,no,no,,,,,no,,,,,no,,,,,no,,,,,no,,,,,no,,,no,,no,yes,1,1,
70,15,BA-1b,current,,15-BA1B,from top,limestone,Cretaceous,continuous carbonate,unknown,unknown,"closed forest, mixed",unknown,,no,no,,stalagmite,unknown,,no,yes,Vienna-PDB,unknown,,no,no,no,no,no,no,no,no,,,,,no,,,,,no,,,,,no,,,,,no,,,,,no,,,no,,no,no,1,1,https://www.ncdc.noaa.gov/paleo/study/12279
71,15,BA-1,current,,15-BA1,from top,limestone,Cretaceous,continuous carbonate,unknown,unknown,"closed forest, mixed",unknown,,no,no,,stalagmite,unknown,,no,yes,Vienna-PDB,unknown,,no,no,yes,no,no,no,no,no,,,,,no,,,,,no,,,,,no,,,,,no,,,,,no,,,no,,no,no,1,1,https://www.ncdc.noaa.gov/paleo/study/12279
72,15,BA-2,current,,15-BA2,from top,limestone,Cretaceous,continuous carbonate,unknown,unknown,"closed forest, mixed",unknown,,no,no,,stalagmite,unknown,,no,yes,Vienna-PDB,unknown,,no,no,no,no,no,no,no,no,,,,,no,,,,,no,,,,,no,,,,,no,,,,,no,,,no,,no,no,1,1,https://www.ncdc.noaa.gov/paleo/study/12279
73,16,Han-stm1,current,,16-HANSTM1,from base,limestone,Devonian,continuous carbonate,mixed (see notes),forest,"closed forest, deciduous broad leaf",thin,,no,no,,stalagmite,unknown,,yes,yes,PDB,unknown,,no,no,no,no,no,yes,no,no,,,,,no,,,,,no,,,,,no,,,,,no,,,,,no,,,no,,yes,no,1,1,
74,16,Han-stm5b,current,,16-HANSTM5B,from top,limestone,Devonian,continuous carbonate,mixed (see notes),forest,"closed forest, deciduous broad leaf",thin,50.0,no,no,100.0,stalagmite,unknown,,yes,yes,PDB,unknown,,no,no,no,no,no,yes,no,no,,,,,no,,,,,no,,,,,no,,,,,no,,,,,no,,,no,,yes,no,1,1,
75,16,Han-9,current,,16-HAN9,from top,limestone,Devonian,continuous carbonate,mixed (see notes),forest,"closed forest, deciduous broad leaf",thin,40.0,no,no,1000.0,stalagmite,unknown,,yes,yes,Vienna-PDB,unknown,,no,no,yes,no,no,no,no,no,,,,,no,,,,,no,,,,,no,,,,,no,,,,,no,,,no,,yes,yes,1,1,https://www.ncdc.noaa.gov/paleo/study/20345
76,17,HY1,current,,17-HY1,from top,unknown,unknown,discontinuous carbonate,trees and shrubs,forest,"open forest, other",unknown,,no,no,600.0,stalagmite,unknown,,no,yes,Vienna-PDB,yes,,no,no,no,no,no,no,no,no,,,,,no,,,,,no,,,,,no,,,,,no,,,,,no,,,no,,no,yes,1,1,https://www.ncdc.noaa.gov/paleo/study/11177
77,17,HY2,current,,17-HY2,from top,unknown,unknown,discontinuous carbonate,trees and shrubs,forest,"open forest, other",unknown,,no,no,800.0,stalagmite,unknown,,no,yes,Vienna-PDB,yes,,no,no,no,no,no,no,no,no,,,,,no,,,,,no,,,,,no,,,,,no,,,,,no,,,no,,no,yes,1,1,https://www.ncdc.noaa.gov/paleo/study/11177
78,17,HY3,current,,17-HY3,from top,unknown,unknown,discontinuous carbonate,trees and shrubs,forest,"open forest, other",unknown,,no,no,1000.0,stalagmite,unknown,,no,yes,Vienna-PDB,yes,,no,no,no,no,no,no,no,no,,,,,no,,,,,no,,,,,no,,,,,no,,,,,no,,,no,,no,yes,1,1,https://www.ncdc.noaa.gov/paleo/study/11177
79,18,Abissal,current,,18-ABISSAL,from top,limestone,unknown,continuous carbonate,unknown,unknown,shrubs,unknown,,no,no,,stalagmite,seepage flow,,no,yes,Vienna-PDB,yes,,no,no,no,no,no,no,no,no,,,,,no,,,,,no,,,,,no,,,,,no,,,,,no,,,no,,no,no,1,1,
80,18,Ale-1,current,,18-ALE1,from top,limestone,unknown,continuous carbonate,unknown,unknown,shrubs,unknown,,no,no,,stalagmite,seepage flow,,no,yes,Vienna-PDB,yes,,no,no,no,no,no,no,no,no,,,,,no,,,,,no,,,,,no,,,,,no,,,,,no,,,no,,no,no,1,1,
81,19,Kanaan_MIS5,current,,19-KANAANMIS5,from top,limestone,Jurassic,continuous carbonate,unknown,unknown,urban / built up,unknown,50.0,no,no,25.0,stalagmite,unknown,2.4,yes,yes,Vienna-PDB,yes,,no,no,no,no,no,no,no,no,,,,,no,,,,,no,,,,,no,,,,,no,,,,,no,,,no,,yes,yes,1,1,
82,19,Kanaan_MIS6,current,,19-KANAANMIS6,from top,limestone,Jurassic,continuous carbonate,unknown,unknown,urban / built up,unknown,50.0,no,no,25.0,stalagmite,unknown,0.5,yes,yes,Vienna-PDB,yes,,no,no,no,no,no,no,no,no,,,,,no,,,,,no,,,,,no,,,,,no,,,,,no,,,no,,yes,yes,1,1,
83,20,SC02,current partially modified,850,20-SC02,from top,limestone,unknown,continuous carbonate,unknown,unknown,"closed forest, evergreen broad leaf",unknown,,,,,stalagmite,unknown,,no,yes,Vienna-PDB,no,,no,no,no,no,no,no,no,no,,,,,no,,,,,no,,,,,no,,,,,no,,,,,no,,,no,,no,yes,1,1,
84,20,SC03,current,,20-SC03,from top,limestone,unknown,continuous carbonate,unknown,unknown,"closed forest, evergreen broad leaf",unknown,,,,,stalagmite,unknown,,no,yes,Vienna-PDB,no,,no,no,no,no,no,no,no,no,,,,,no,,,,,no,,,,,no,,,,,no,,,,,no,,,no,,no,yes,1,1,
85,21,SU967,current,,21-SU967,from top,dolomite limestone,Ordovician,,unknown,unknown,herbaceous vegetation,unknown,10.0,no,no,20.0,stalagmite,seepage flow,,yes,yes,Vienna-PDB,yes,,yes,no,yes,no,no,yes,no,no,,,,,no,,,,,no,,,,,no,,,,,no,,,,,no,,,no,,no,yes,1,1,https://www.ncdc.noaa.gov/paleo/study/10072
86,21,SU032,current,,21-SU032,from top,dolomite limestone,Ordovician,,unknown,unknown,herbaceous vegetation,unknown,10.0,no,no,20.0,stalagmite,seepage flow,,yes,yes,Vienna-PDB,yes,,no,no,yes,no,no,yes,no,no,,,,,no,,,,,no,,,,,no,,,,,no,,,,,no,,,no,,no,no,1,1,
87,22,Merc-1,current,,22-MERC1,from top,limestone,Jurassic,continuous carbonate,unknown,farmland,cultivated and managed vegetation / agriculture,thin,25.0,no,no,10.0,stalagmite,unknown,3.0,yes,yes,Vienna-PDB,unknown,,no,no,yes,no,no,yes,no,no,,,,,no,,,,,no,,,,,no,,,,,no,,,,,no,,,no,,yes,yes,1,1,
88,22,Asfa-3,current,,22-ASFA3,from top,limestone,Jurassic,continuous carbonate,unknown,farmland,cultivated and managed vegetation / agriculture,thin,30.0,no,no,15.0,stalagmite,unknown,,yes,yes,Vienna-PDB,unknown,,yes,no,yes,no,yes,yes,no,no,,,,,no,,,,,no,,,,,no,,,,,no,,,,,no,,,no,,yes,yes,1,1,
89,23,LG11,current,,23-LG11,from top,limestone,Precambrian,discontinuous carbonate,deciduous,mixed (see notes),shrubs,patchy,,no,no,700.0,stalagmite,unknown,3.0,yes,yes,Vienna-PDB,unknown,,no,no,no,no,no,no,no,no,,,,,no,,,,,no,,,,,no,,,,,no,,,,,no,,,no,,no,no,1,1,10.1594/PANGAEA.932757
90,23,LG3,current,,23-LG3,from top,limestone,Precambrian,discontinuous carbonate,deciduous,mixed (see notes),shrubs,patchy,,no,no,700.0,stalagmite,unknown,3.0,yes,yes,Vienna-PDB,unknown,,no,no,no,no,no,no,no,no,,,,,no,,,,,no,,,,,no,,,,,no,,,,,no,,,no,,no,no,1,1,10.1594/PANGAEA.932757
91,24,LSF16,current,,24-LSF16,from top,limestone,Precambrian,discontinuous carbonate,deciduous,mixed (see notes),herbaceous vegetation,patchy,20.0,no,no,,stalagmite,unknown,3.0,yes,yes,Vienna-PDB,yes,,no,no,no,no,no,no,no,no,,,,,no,,,,,no,,,,,no,,,,,no,,,,,yes,unknown,SrCO3 (NIST SRM 987),no,no,no,no,1,1,
92,24,LSF3_2015,current partially modified,604,24-LSF3,from top,limestone,Precambrian,discontinuous carbonate,deciduous,mixed (see notes),herbaceous vegetation,patchy,20.0,no,no,,stalagmite,unknown,3.0,no,yes,Vienna-PDB,yes,,no,no,no,no,no,no,no,no,,,,,no,,,,,no,,,,,no,,,,,no,,,,,no,,,no,,no,no,1,1,
93,25,PAL3,current,,25-PAL3,from top,limestone,Triassic,continuous carbonate,unknown,unknown,"closed forest, evergreen broad leaf",unknown,80.0,no,no,600.0,stalagmite,unknown,,yes,yes,Vienna-PDB,yes,,no,no,no,no,no,no,no,no,,,,,no,,,,,no,,,,,no,,,,,no,,,,,no,,,no,,no,yes,1,1,https://www.ncdc.noaa.gov/paleo/study/19301
94,25,PAL4,current,,25-PAL4,from top,limestone,Triassic,continuous carbonate,unknown,unknown,"closed forest, evergreen broad leaf",unknown,80.0,no,no,700.0,stalagmite,unknown,,yes,yes,Vienna-PDB,yes,,no,no,no,no,no,no,no,no,,,,,no,,,,,no,,,,,no,,,,,no,,,,,no,,,no,,no,yes,1,1,https://www.ncdc.noaa.gov/paleo/study/19301
95,26,FM3,current,,26-FM3,from top,marble,unknown,,mixed (see notes),forest,herbaceous vegetation,unknown,30.0,no,no,200.0,stalagmite,unknown,,yes,yes,Vienna-PDB,unknown,,no,no,no,no,no,no,no,no,,,,,no,,,,,no,,,,,no,,,,,no,,,,,no,,,no,,yes,yes,1,1,
96,26,Oks82,current,,26-OKS82,from top,marble,unknown,,mixed (see notes),forest,herbaceous vegetation,unknown,20.0,no,no,,stalagmite,unknown,,yes,yes,Vienna-PDB,unknown,,no,no,no,no,no,no,no,no,,,,,no,,,,,no,,,,,no,,,,,no,,,,,no,,,no,,yes,yes,1,1,
97,27,TM0,current,,27-TM0,from top,dolomite,Precambrian,discontinuous carbonate,deciduous,forest,herbaceous vegetation,thick,30.0,yes,yes,250.0,stalagmite,unknown,,yes,yes,Vienna-PDB,unknown,,no,no,yes,no,no,no,no,no,,,,,no,,,,,no,,,,,no,,,,,no,,,,,no,,,no,,no,no,1,1,https://www.ncdc.noaa.gov/paleo/study/21550
98,27,TM2,current,,27-TM2,from top,dolomite,Precambrian,discontinuous carbonate,deciduous,forest,herbaceous vegetation,thick,30.0,yes,yes,500.0,stalagmite,unknown,,yes,yes,Vienna-PDB,unknown,,no,no,unknown,no,no,no,no,no,,,,,no,,,,,no,,,,,no,,,,,no,,,,,no,,,no,,no,no,1,1,
99,28,VSPM1,current,,28-VSPM1,from top,dolomite,Precambrian,discontinuous carbonate,sparse,limited or no use,shrubs,thin,,no,no,1.0,stalagmite,seasonal drip,,yes,yes,Vienna-PDB,unknown,,unknown,unknown,unknown,unknown,unknown,unknown,unknown,no,,,,,no,,,,,no,,,,,no,,,,,no,,,,,no,,,no,,no,yes,1,1,
100,28,VSPM4,current,,28-VSPM4,from top,dolomite,Precambrian,discontinuous carbonate,sparse,limited or no use,shrubs,thin,,,,1.0,stalagmite,seasonal drip,,no,yes,Vienna-PDB,unknown,,no,no,yes,no,no,no,no,no,,,,,no,,,,,no,,,,,no,,,,,no,,,,,no,,,no,,no,yes,1,1,
101,29,MC-S1,current,,29-MCS1,from top,limestone,Cambrian,discontinuous carbonate,sparse,limited or no use,"open forest, other",unknown,17.0,no,no,100.0,stalagmite,unknown,,yes,yes,Vienna-PDB,unknown,,no,no,yes,no,no,no,no,yes,unknown,NIST SRM 612,Yes-SISAL downsampled,Binned average,yes,LA-ICP-MS,NIST SRM 612,Yes-SISAL downsampled,Binned average,no,,,,,no,,,,,no,,,,,no,,,yes,no,no,yes,1,1,
102,29,MC-S2,current,,29-MCS2,from top,limestone,Cambrian,discontinuous carbonate,sparse,limited or no use,"open forest, other",unknown,17.0,no,no,37.0,stalagmite,unknown,,yes,yes,Vienna-PDB,unknown,,no,no,yes,no,no,no,no,yes,unknown,NIST SRM 612,Yes-SISAL downsampled,Binned average,yes,LA-ICP-MS,NIST SRM 612,Yes-SISAL downsampled,Binned average,no,,,,,no,,,,,no,,,,,no,,,yes,no,no,yes,1,1,
103,30,LII4,superseded,104,30-LII4,from top,dolomite,unknown,,mixed (see notes),forest,urban / built up,patchy,,no,no,,stalagmite,unknown,,yes,yes,PDB,unknown,,no,no,yes,no,no,yes,no,no,,,,,no,,,,,no,,,,,no,,,,,no,,,,,no,,,no,,no,no,1,1,
104,30,LII4-KH,current,,30-LII4KH,from top,dolomite,unknown,,mixed (see notes),forest,urban / built up,patchy,,no,no,,stalagmite,unknown,,yes,yes,PDB,unknown,,no,no,yes,no,no,yes,no,no,,,,,no,,,,,no,,,,,no,,,,,no,,,,,no,,,no,,no,no,1,1,
105,31,ABA_1,current,,31-ABA1,from top,limestone,Triassic,continuous carbonate,other (see notes),forest,"closed forest, deciduous broad leaf",unknown,40.0,no,no,500.0,flowstone,seepage flow,,yes,yes,Vienna-PDB,unknown,,no,yes,yes,no,no,no,no,no,,,,,no,,,,,no,,,,,no,,,,,no,,,,,no,,,no,,no,yes,1,1,
106,31,ABA_2,current,,31-ABA2,from top,limestone,Triassic,continuous carbonate,other (see notes),forest,"closed forest, deciduous broad leaf",unknown,40.0,no,no,500.0,flowstone,seepage flow,,yes,yes,Vienna-PDB,unknown,,no,yes,yes,no,no,no,no,no,,,,,no,,,,,no,,,,,no,,,,,no,,,,,no,,,no,,no,yes,1,1,
107,32,MAJ-5,current,,32-MAJ5,from top,limestone,unknown,continuous carbonate,unknown,unknown,herbaceous vegetation,unknown,,no,no,,stalagmite,unknown,,yes,yes,Vienna-PDB,no,,no,no,yes,no,no,no,no,no,,,,,no,,,,,no,,,,,no,,,,,no,,,,,no,,,no,,yes,yes,1,1,https://www.ncdc.noaa.gov/paleo/study/22970
108,33,Bero-1,current,,33-BERO1,from top,limestone,Jurassic,continuous carbonate,unknown,farmland,shrubs,mixed (see notes),,no,no,0.1,stalagmite,unknown,,yes,yes,Vienna-PDB,unknown,,no,no,yes,no,no,yes,no,no,,,,,no,,,,,no,,,,,no,,,,,no,,,,,no,,,no,,no,yes,1,1,
109,34,CBD-2,current,,34-CBD2,from top,unknown,Cretaceous,,deciduous,forest,"closed forest, other",thick,,no,no,15.0,stalagmite,unknown,,yes,yes,Vienna-PDB,no,,no,no,no,no,no,no,no,no,,,,,no,,,,,no,,,,,no,,,,,no,,,,,no,,,no,,no,no,1,1,https://www.ncdc.noaa.gov/paleo/study/10670
110,35,CUR4,current,,35-CUR4,from top,limestone,unknown,continuous carbonate,evergreen,forest,"closed forest, other",patchy,,no,no,500.0,stalagmite,seasonal drip,,yes,yes,Vienna-PDB,yes,,no,no,yes,no,no,no,no,no,,,,,no,,,,,no,,,,,no,,,,,no,,,,,no,,,no,,no,yes,1,1,10.1594/PANGAEA.924810; https://www.ncei.noaa.gov/access/paleo-search/study/20043
111,36,DY-1,current,,36-DY1,from top,dolomite,Precambrian,,unknown,unknown,"closed forest, evergreen broad leaf",unknown,80.0,no,no,1000.0,stalagmite,unknown,,no,yes,Vienna-PDB,yes,,no,no,no,no,no,no,no,no,,,,,no,,,,,no,,,,,no,,,,,no,,,,,no,,,no,,no,yes,1,1,https://www.ncdc.noaa.gov/paleo/study/8628
112,37,DSSG-4,current,,37-DSSG4,from top,dolomite,Ordovician,discontinuous carbonate,unknown,unknown,cultivated and managed vegetation / agriculture,unknown,,no,no,,stalagmite,unknown,,yes,yes,Vienna-PDB,yes,,no,no,no,no,no,no,no,no,,,,,no,,,,,no,,,,,no,,,,,no,,,,,no,,,no,,no,yes,1,1,
113,38,DV2,current,,38-DV2,from top,limestone,unknown,continuous carbonate,sparse,pasture,shrubs,thin,,no,no,500.0,stalagmite,unknown,,yes,yes,Vienna-PDB,yes,,no,no,no,no,no,no,no,no,,,,,no,,,,,no,,,,,no,,,,,no,,,,,no,,,no,,no,yes,1,1,https://www.ncdc.noaa.gov/paleo/study/13670; 10.1594/PANGAEA.924810
114,39,D3,current partially modified,700,39-D3,from top,limestone,Pleistocene,continuous carbonate,unknown,unknown,"closed forest, evergreen broad leaf",unknown,100.0,unknown,unknown,300.0,stalagmite,unknown,,no,yes,Vienna-PDB,yes,,no,no,no,no,no,no,no,no,,,,,no,,,,,no,,,,,no,,,,,no,,,,,no,,,no,,no,no,1,1,
115,39,D4_2004,current partially modified,446; 701,39-D4,from top,limestone,Pleistocene,continuous carbonate,unknown,unknown,"closed forest, evergreen broad leaf",unknown,100.0,unknown,unknown,500.0,stalagmite,unknown,,no,yes,Vienna-PDB,yes,,no,no,no,no,no,no,no,no,,,,,no,,,,,no,,,,,no,,,,,no,,,,,no,,,no,,no,no,1,1,
116,40,GEX-SPA,current,,40-GEXSPA,from top,limestone,Jurassic,continuous carbonate,shrubland,forest,"open forest, other",patchy,5.0,no,no,15.0,stalagmite,unknown,,yes,yes,Vienna-PDB,unknown,,no,no,yes,no,no,yes,no,no,,,,,no,,,,,no,,,,,no,,,,,no,,,,,no,,,no,,no,yes,1,1,10.1594/PANGAEA.884250
117,41,FG01,current,,41-FG01,from top,limestone,Permian,,unknown,unknown,"closed forest, deciduous broad leaf",unknown,,no,no,700.0,stalagmite,seepage flow,,no,yes,Vienna-PDB,yes,,unknown,unknown,unknown,unknown,unknown,unknown,unknown,no,,,,,no,,,,,no,,,,,no,,,,,no,,,,,no,,,no,,no,no,1,1,
118,42,IFK1,current,,42-IFK1,from top,dolomite limestone,Jurassic,,sparse,forest,"open forest, other",patchy,,,,,stalagmite,unknown,,yes,yes,Vienna-PDB,no,,no,no,yes,no,no,no,no,no,,,,,no,,,,,no,,,,,no,,,,,no,,,,,no,,,no,,no,yes,1,1,
119,43,KL 3,current,,43-KL3,from top,limestone,Precambrian,,deciduous,forest,"open forest, other",thick,50.0,no,no,1.8,stalagmite,unknown,,yes,yes,Vienna-PDB,no,,no,no,yes,no,no,no,no,no,,,,,no,,,,,no,,,,,no,,,,,no,,,,,no,,,no,,no,no,1,1,
120,44,GK-09-02,current,,44-GK0902,from top,limestone,Triassic,continuous carbonate,grassland,forest,"closed forest, evergreen needle leaf",mixed (see notes),30.0,no,no,90.0,stalagmite,seasonal drip,,yes,yes,Vienna-PDB,yes,,unknown,unknown,yes,unknown,unknown,yes,unknown,no,,,,,no,,,,,no,,,,,no,,,,,no,,,,,no,,,no,,no,no,1,1,
121,45,BW-1,current,,45-BW1,from top,dolomite,Precambrian,continuous carbonate,deciduous,forest,"closed forest, other",mixed (see notes),120.0,no,no,40.0,stalagmite,unknown,,yes,yes,Vienna-PDB,yes,,no,no,yes,no,no,no,no,no,,,,,no,,,,,no,,,,,no,,,,,no,,,,,no,,,no,,no,yes,1,1,
122,46,L4,current,,46-L4,from top,limestone,Ordovician,,grassland,forest,herbaceous vegetation,thin,15.0,no,no,400.0,stalagmite,unknown,,yes,yes,Vienna-PDB,unknown,,no,no,no,no,no,no,no,no,,,,,no,,,,,no,,,,,no,,,,,no,,,,,no,,,no,,no,no,1,1,
123,47,L03,current,,47-L03,from top,marble,unknown,continuous carbonate,unknown,forest,permanent water bodies,patchy,,no,no,,stalagmite,unknown,,yes,yes,Vienna-PDB,unknown,,no,no,no,no,no,no,yes,no,,,,,no,,,,,no,,,,,no,,,,,no,,,,,no,,,no,,no,no,1,1,
124,48,LC-1,current,,48-LC1,from top,limestone,Devonian,discontinuous carbonate,unknown,unknown,shrubs,unknown,,no,no,100.0,stalagmite,unknown,,yes,yes,Vienna-PDB,no,,no,yes,no,no,no,no,no,no,,,,,no,,,,,no,,,,,no,,,,,no,,,,,no,,,no,,no,no,1,1,
125,49,ML1,current,,49-ML1,from top,dolomite limestone,Permian,,evergreen,forest,"open forest, other",unknown,10.0,no,no,20.0,stalagmite,unknown,,yes,yes,Vienna-PDB,no,,unknown,unknown,yes,no,unknown,unknown,unknown,no,,,,,no,,,,,no,,,,,no,,,,,no,,,,,no,,,no,,yes,no,1,1,https://www.ncdc.noaa.gov/paleo/study/22058
126,50,MC3,current,,50-MC3,from top,limestone,Triassic,,evergreen,forest,shrubs,unknown,15.0,no,no,30.0,stalagmite,seasonal drip,15.0,yes,yes,PDB,yes,,unknown,yes,yes,unknown,unknown,unknown,unknown,no,,,,,no,,,,,no,,,,,no,,,,,no,,,,,no,,,no,,yes,yes,1,1,https://www.ncdc.noaa.gov/paleo/study/22058
127,51,NBJ,current,,51-NBJ,from top,limestone,Cretaceous,continuous carbonate,unknown,forest,"open forest, evergreen needle leaf",unknown,,no,no,,stalagmite,unknown,,yes,yes,Vienna-PDB,yes,,no,no,no,no,no,no,no,no,,,,,no,,,,,no,,,,,no,,,,,no,,,,,no,,,no,,no,no,1,1,https://www.ncdc.noaa.gov/paleo/study/19460
128,52,ALHO6,current,,52-ALHO6,from top,limestone,unknown,continuous carbonate,unknown,forest,"closed forest, other",patchy,,no,no,800.0,stalagmite,seasonal drip,,yes,yes,Vienna-PDB,yes,,no,no,no,no,no,no,no,no,,,,,no,,,,,no,,,,,no,,,,,no,,,,,no,,,no,,no,yes,1,1,https://www.ncdc.noaa.gov/paleo/study/20043
129,53,YD01,current,,53-YD01,from base,limestone,Carboniferous,continuous carbonate,moorland,limited or no use,herbaceous vegetation,unknown,30.0,no,no,275.0,stalagmite,seepage flow,,yes,yes,PDB,yes,,no,yes,yes,no,no,yes,yes,no,,,,,no,,,,,no,,,,,no,,,,,no,,,,,no,,,no,,no,no,1,1,https://www.bodc.ac.uk/projects/data_management/uk/rapid/data_inventories/palaeo_sampling/isomap-uk/
130,54,SAH-A,superseded,900,54-SAHA,from top,unknown,unknown,discontinuous carbonate,grassland,limited or no use,cultivated and managed vegetation / agriculture,thin,30.0,,,,stalagmite,unknown,,no,no,,yes,,no,no,no,no,no,no,no,no,,,,,no,,,,,no,,,,,no,,,,,no,,,,,no,,,no,,no,yes,1,1,
131,54,SAH-B,superseded,901,54-SAHB,from top,unknown,unknown,discontinuous carbonate,grassland,limited or no use,cultivated and managed vegetation / agriculture,thin,30.0,,,,stalagmite,unknown,,no,no,,yes,,no,no,no,no,no,no,no,no,,,,,no,,,,,no,,,,,no,,,,,no,,,,,no,,,no,,no,yes,1,1,
132,54,SAH-AB,superseded,902,54-SAHAB-COMP,from top,unknown,unknown,discontinuous carbonate,grassland,limited or no use,cultivated and managed vegetation / agriculture,thin,30.0,,,,composite,not applicable,,yes,yes,Vienna-PDB,yes,,no,no,no,no,no,no,no,no,,,,,no,,,,,no,,,,,no,,,,,no,,,,,no,,,no,,no,no,1,1,
133,55,7H,current,,55-7H-COMP,from top,limestone,Cretaceous,continuous carbonate,mixed (see notes),unknown,herbaceous vegetation,unknown,215.0,unknown,unknown,,composite,not applicable,,no,yes,Vienna-PDB,unknown,,no,no,yes,no,no,no,no,no,,,,,no,,,,,no,,,,,no,,,,,no,,,,,no,,,no,,yes,no,1,1,https://www.ncdc.noaa.gov/paleo/study/18115
134,55,7H-2,current,,55-7H2,from top,limestone,Cretaceous,continuous carbonate,mixed (see notes),unknown,herbaceous vegetation,unknown,215.0,unknown,unknown,,stalagmite,unknown,,no,yes,Vienna-PDB,unknown,,no,no,yes,no,no,no,no,no,,,,,no,,,,,no,,,,,no,,,,,no,,,,,no,,,no,,yes,yes,1,1,https://www.ncdc.noaa.gov/paleo/study/18115
135,55,7H-3,current,,55-7H3,from top,limestone,Cretaceous,continuous carbonate,mixed (see notes),unknown,herbaceous vegetation,unknown,215.0,unknown,unknown,,stalagmite,unknown,,no,yes,Vienna-PDB,unknown,,no,no,yes,no,no,no,no,no,,,,,no,,,,,no,,,,,no,,,,,no,,,,,no,,,no,,yes,yes,1,1,https://www.ncdc.noaa.gov/paleo/study/18115
136,56,MAR_L,current,,56-MARL,from top,limestone,Miocene,,unknown,forest,herbaceous vegetation,patchy,18.0,no,no,,stalagmite,unknown,2.0,yes,yes,Vienna-PDB,unknown,,unknown,unknown,unknown,no,unknown,no,unknown,no,,,,,no,,,,,no,,,,,no,,,,,no,,,,,no,,,no,,no,no,1,1,
137,57,SG95,current,,57-SG95,from top,marble,unknown,continuous carbonate,other (see notes),limited or no use,herbaceous vegetation,thin,,no,no,,stalagmite,unknown,,yes,yes,Vienna-PDB,no,,no,no,no,no,no,no,yes,no,,,,,no,,,,,no,,,,,no,,,,,no,,,,,no,,,no,,no,no,1,1,
138,58,SPA12,current,,58-SPA12,from top,marble,Jurassic,continuous carbonate,other (see notes),other (see notes),bare / sparse vegetation,patchy,,,,,stalagmite,unknown,,no,yes,Vienna-PDB,unknown,,no,no,no,no,no,no,no,no,,,,,no,,,,,no,,,,,no,,,,,no,,,,,no,,,no,,no,no,1,1,
139,58,SPA70,current,,58-SPA70,from top,marble,Jurassic,continuous carbonate,other (see notes),other (see notes),bare / sparse vegetation,patchy,,,,,stalagmite,unknown,,no,yes,Vienna-PDB,unknown,,no,no,no,no,no,no,no,no,,,,,no,,,,,no,,,,,no,,,,,no,,,,,no,,,no,,no,no,1,1,
140,58,SPA128,current,,58-SPA128,from top,marble,Jurassic,continuous carbonate,other (see notes),other (see notes),bare / sparse vegetation,patchy,,,,,stalagmite,unknown,,no,yes,Vienna-PDB,unknown,,no,no,no,no,no,no,no,no,,,,,no,,,,,no,,,,,no,,,,,no,,,,,no,,,no,,no,no,1,1,
141,58,SPA127,current partially modified,732,58-SPA127,from top,marble,Jurassic,continuous carbonate,other (see notes),other (see notes),bare / sparse vegetation,patchy,,,,,stalagmite,unknown,,no,yes,Vienna-PDB,unknown,,no,no,no,no,no,no,no,no,,,,,no,,,,,no,,,,,no,,,,,no,,,,,no,,,no,,no,no,1,1,
142,58,COMNISPA II,current,,58-COMNISPAII-COMP,from top,marble,Jurassic,continuous carbonate,other (see notes),other (see notes),bare / sparse vegetation,patchy,,,,,composite,not applicable,,no,yes,Vienna-PDB,no,,no,no,no,no,no,no,no,no,,,,,no,,,,,no,,,,,no,,,,,no,,,,,no,,,no,,no,no,1,1,
143,59,SZ2,current,,59-SZ2,from top,limestone,Permian,discontinuous carbonate,mixed (see notes),forest,"closed forest, evergreen broad leaf",thin,,unknown,unknown,100.0,stalagmite,unknown,,yes,yes,Vienna-PDB,yes,,no,no,no,no,no,no,no,no,,,,,no,,,,,no,,,,,no,,,,,no,,,,,no,,,no,,no,no,1,1,https://www.ncdc.noaa.gov/paleo/study/6211
144,60,Taurius,current,,60-TAURIUS,from top,unknown,unknown,continuous carbonate,evergreen,forest,"closed forest, evergreen broad leaf",thick,30.0,unknown,unknown,100.0,stalagmite,unknown,,yes,yes,PDB,yes,,no,no,yes,no,no,no,no,no,,,,,no,,,,,no,,,,,no,,,,,no,,,,,no,,,no,,no,no,1,1,https://www.ncdc.noaa.gov/paleo/study/14988
145,61,T1,current,,61-T1,from top,unknown,unknown,,unknown,unknown,herbaceous vegetation,unknown,,no,no,50.0,stalagmite,unknown,,yes,yes,Vienna-PDB,no,,no,no,no,no,no,no,no,no,,,,,no,,,,,no,,,,,no,,,,,no,,,,,no,,,no,,no,no,1,1,https://www.ncei.noaa.gov/access/paleo-search/study/11712
146,62,TR5,current,,62-TR5,from top,limestone,unknown,continuous carbonate,shrubland,pasture,shrubs,thin,,no,no,800.0,stalagmite,unknown,,yes,yes,Vienna-PDB,yes,,no,no,no,no,no,no,no,no,,,,,no,,,,,no,,,,,no,,,,,no,,,,,no,,,no,,no,no,1,1,10.1594/PANGAEA.924810
147,63,Chaac,current,,63-CHAAC,from top,unknown,unknown,continuous carbonate,unknown,unknown,"open forest, other",unknown,,unknown,unknown,,stalagmite,unknown,,no,yes,Vienna-PDB,yes,,no,no,no,no,no,no,no,no,,,,,no,,,,,no,,,,,no,,,,,no,,,,,no,,,no,,no,no,1,1,https://www.ncdc.noaa.gov/paleo/study/9791
148,64,WS-B,current,,64-WSB,from top,unknown,unknown,continuous carbonate,unknown,unknown,"closed forest, evergreen broad leaf",unknown,,no,no,1000.0,stalagmite,unknown,,yes,yes,Vienna-PDB,yes,,no,no,no,no,no,no,no,no,,,,,no,,,,,no,,,,,no,,,,,no,,,,,no,,,no,,no,no,1,1,https://www.ncdc.noaa.gov/paleo/study/11937
149,65,WR5,current,,65-WR5,from top,limestone,Pleistocene,continuous carbonate,evergreen,forest,"closed forest, evergreen broad leaf",unknown,,no,no,,stalagmite,unknown,,yes,yes,Vienna-PDB,yes,,no,no,no,no,no,no,no,no,,,,,no,,,,,no,,,,,no,,,,,no,,,,,no,,,no,,no,no,1,1,https://www.ncdc.noaa.gov/paleo/study/13217
150,66,WSC-97-10-5,current,,66-WSC97105,from base,limestone,Carboniferous,continuous carbonate,grassland,pasture,herbaceous vegetation,unknown,50.0,unknown,unknown,800.0,stalagmite,seepage flow,,yes,yes,PDB,yes,,no,no,yes,no,no,no,yes,no,,,,,no,,,,,no,,,,,no,,,,,no,,,,,no,,,no,,no,no,1,1,https://www.bodc.ac.uk/projects/data_management/uk/rapid/data_inventories/palaeo_sampling/isomap-uk/
151,67,Squeeze1,current,,67-SQUEEZE1,from top,limestone,unknown,continuous carbonate,unknown,unknown,"closed forest, evergreen broad leaf",unknown,,yes,no,,stalagmite,unknown,,yes,yes,Vienna-PDB,yes,,no,no,no,no,no,no,no,no,,,,,no,,,,,no,,,,,no,,,,,no,,,,,no,,,no,,no,no,1,1,https://www.ncdc.noaa.gov/paleo/study/13217
152,68,AF12,current,,68-AF12,from top,dolomite,Cretaceous,continuous carbonate,mixed (see notes),unknown,shrubs,thin,10.0,unknown,unknown,,stalagmite,seepage flow,,no,yes,Vienna-PDB,unknown,,unknown,unknown,unknown,no,no,yes,unknown,no,,,,,no,,,,,no,,,,,no,,,,,no,,,,,yes,solution ICP-MS,SrCO3 (NIST SRM 987),no,no,no,yes,1,1,
153,69,XL-1,current,,69-XL1,from top,dolomite,Precambrian,discontinuous carbonate,shrubland,limited or no use,"open forest, other",thin,200.0,no,no,35.0,stalagmite,unknown,,yes,yes,Vienna-PDB,yes,,no,no,yes,no,no,no,no,no,,,,,no,,,,,no,,,,,no,,,,,no,,,,,no,,,no,,no,no,1,1,
154,58,SPA133,current,,58-SPA133,from top,marble,Jurassic,continuous carbonate,other (see notes),other (see notes),bare / sparse vegetation,patchy,,,,,stalagmite,unknown,,no,yes,Vienna-PDB,no,,no,no,no,no,no,no,no,no,,,,,no,,,,,no,,,,,no,,,,,no,,,,,no,,,no,,no,no,1,1,https://www.ncdc.noaa.gov/paleo/study/14510
155,70,AB-DC-01,current,,70-ABDC01,from top,limestone,Pleistocene,,unknown,unknown,herbaceous vegetation,unknown,,no,no,,stalagmite,unknown,,yes,yes,Vienna-PDB,unknown,,no,no,no,no,no,no,no,yes,unknown,standard stock solutions of known concentrations,No-aliquots of same powder used for stable isotope and trace element measurements,,yes,solution OES-MS,standard stock solutions of known concentrations,No-aliquots of same powder used for stable isotope and trace element measurements,,no,,,,,no,,,,,no,,,,,no,,,no,no,no,yes,1,1,http://www1.ncdc.noaa.gov/pub/data/paleo/speleothem/atlantic/abaco2017dc-01.txt
156,70,AB-DC-03,current,,70-ABDC03,from top,limestone,Pleistocene,,unknown,unknown,herbaceous vegetation,unknown,,no,no,,stalagmite,unknown,,yes,yes,Vienna-PDB,unknown,,no,no,no,no,no,no,no,yes,unknown,standard stock solutions of known concentrations,No-aliquots of same powder used for stable isotope and trace element measurements,,yes,solution OES-MS,standard stock solutions of known concentrations,No-aliquots of same powder used for stable isotope and trace element measurements,,no,,,,,no,,,,,no,,,,,no,,,no,no,no,yes,1,1,http://www1.ncdc.noaa.gov/pub/data/paleo/speleothem/atlantic/abaco2017dc-03.txt
157,70,AB-DC-12,current partially modified,692,70-ABDC12,from top,limestone,Pleistocene,,unknown,unknown,herbaceous vegetation,unknown,,,,,stalagmite,unknown,,yes,yes,Vienna-PDB,unknown,,no,no,no,no,no,no,no,no,,,,,no,,,,,no,,,,,no,,,,,no,,,,,no,,,no,,no,yes,1,1,https://www.ncdc.noaa.gov/paleo/study/21490 
158,70,AB-DC-09,current,,70-ABDC09,from top,limestone,Pleistocene,,unknown,unknown,herbaceous vegetation,unknown,,no,no,,stalagmite,unknown,,yes,yes,Vienna-PDB,unknown,,no,no,no,no,no,no,no,yes,unknown,standard stock solutions of known concentrations,No-aliquots of same powder used for stable isotope and trace element measurements,,yes,solution OES-MS,standard stock solutions of known concentrations,No-aliquots of same powder used for stable isotope and trace element measurements,,no,,,,,no,,,,,no,,,,,no,,,yes,no,no,no,1,1,http://www1.ncdc.noaa.gov/pub/data/paleo/speleothem/atlantic/abaco2017dc-09.txt
159,71,BAR-II#L,current,,71-BARII#L,from top,limestone,Triassic,discontinuous carbonate,deciduous,forest,cultivated and managed vegetation / agriculture,patchy,150.0,yes,yes,1000.0,stalagmite,unknown,15.0,yes,yes,Vienna-PDB,unknown,,no,yes,yes,no,no,no,no,no,,,,,no,,,,,no,,,,,no,,,,,no,,,,,no,,,no,,no,no,1,1,
160,71,BAR-II#B,current,,71-BARII#B,from top,limestone,Triassic,discontinuous carbonate,deciduous,forest,cultivated and managed vegetation / agriculture,patchy,150.0,yes,yes,1000.0,stalagmite,unknown,15.0,yes,yes,Vienna-PDB,unknown,,no,yes,yes,no,no,no,no,no,,,,,no,,,,,no,,,,,no,,,,,no,,,,,no,,,no,,no,no,1,1,
161,72,POM2,current,,72-POM2,from top,limestone,Cretaceous,continuous carbonate,deciduous,forest,"closed forest, deciduous broad leaf",thick,100.0,no,yes,220.0,stalagmite,seepage flow,10.0,yes,yes,Vienna-PDB,yes,,unknown,unknown,unknown,unknown,unknown,unknown,unknown,no,,,,,no,,,,,no,,,,,no,,,,,no,,,,,no,,,no,,no,no,1,1,
162,73,BDinf,current,,73-BDINF,from base,dolomite limestone,Jurassic,continuous carbonate,deciduous,forest,"open forest, other",unknown,10.0,no,no,20.0,stalagmite,mixed,,yes,yes,Vienna-PDB,unknown,,no,no,yes,no,no,no,no,no,,,,,no,,,,,no,,,,,no,,,,,no,,,,,no,,,no,,no,no,1,1,
163,74,V3,current,,74-V3,from top,limestone,Precambrian,,shrubland,limited or no use,herbaceous vegetation,unknown,,no,no,1100.0,stalagmite,unknown,,yes,yes,PDB,unknown,,no,no,no,no,no,no,no,no,,,,,no,,,,,no,,,,,no,,,,,no,,,,,no,,,no,,no,no,1,1,
164,75,CWN4,current,,75-CWN4,from top,limestone,Cretaceous,continuous carbonate,unknown,unknown,"closed forest, evergreen needle leaf",thin,20.0,no,no,24.0,stalagmite,unknown,,yes,yes,Vienna-PDB,no,,no,yes,no,no,no,no,no,no,,,,,no,,,,,no,,,,,no,,,,,no,,,,,no,,,no,,no,no,1,1,
165,76,CC-1,current,,76-CC1,from top,limestone,Cretaceous,continuous carbonate,mixed (see notes),mixed (see notes),"closed forest, deciduous broad leaf",patchy,140.0,no,no,160.0,stalagmite,unknown,,yes,yes,Vienna-PDB,yes,,unknown,unknown,yes,unknown,unknown,yes,unknown,no,,,,,no,,,,,no,,,,,no,,,,,no,,,,,no,,,no,,no,no,1,1,
166,77,Chau-stm6,current,,77-CHAUSTM6,from base,limestone,Cretaceous,discontinuous carbonate,shrubland,limited or no use,"closed forest, deciduous broad leaf",thin,,no,no,,stalagmite,unknown,,yes,yes,Vienna-PDB,yes,,no,no,no,no,no,no,no,no,,,,,no,,,,,no,,,,,no,,,,,no,,,,,no,,,no,,no,no,1,1,
167,78,CHIL-1,current,,78-CHIL1,from base,unknown,unknown,,unknown,unknown,"open forest, other",unknown,20.0,no,no,75.0,stalagmite,unknown,,yes,yes,Vienna-PDB,unknown,,no,no,no,no,unknown,no,no,no,,,,,no,,,,,no,,,,,no,,,,,no,,,,,no,,,no,,no,no,1,1,https://www.ncdc.noaa.gov/paleo/study/5430
168,79,Dim-E2,current,,79-DIME2,from top,limestone,Permian,,shrubland,forest,"closed forest, evergreen needle leaf",other (see notes),15.0,yes,no,250.0,stalagmite,mixed,,yes,yes,Vienna-PDB,yes,,no,no,yes,no,no,no,no,yes,unknown,Japanese coral standard JCP-1 doped with single element standards of known concentrations,No-aliquots of same powder used for stable isotope and trace element measurements,,yes,solution ICP-MS,Japanese coral standard JCP-1 doped with single element standards of known concentrations,No-aliquots of same powder used for stable isotope and trace element measurements,,yes,solution ICP-MS,Japanese coral standard JCP-1 doped with single element standards of known concentrations,No-aliquots of same powder used for stable isotope and trace element measurements,,yes,solution ICP-MS,Japanese coral standard JCP-1 doped with single element standards of known concentrations,No-aliquots of same powder used for stable isotope and trace element measurements,,no,,,,,yes,TIMS,SrCO3 (NIST SRM 987),no,no,no,yes,1,1,
169,79,Dim-E3,current,,79-DIME3,from top,limestone,Permian,,shrubland,forest,"closed forest, evergreen needle leaf",other (see notes),15.0,yes,no,250.0,stalagmite,mixed,,yes,yes,Vienna-PDB,yes,,no,no,yes,no,no,no,no,yes,unknown,Japanese coral standard JCP-1 doped with single element standards of known concentrations,No-aliquots of same powder used for stable isotope and trace element measurements,,yes,solution ICP-MS,Japanese coral standard JCP-1 doped with single element standards of known concentrations,No-aliquots of same powder used for stable isotope and trace element measurements,,yes,solution ICP-MS,Japanese coral standard JCP-1 doped with single element standards of known concentrations,No-aliquots of same powder used for stable isotope and trace element measurements,,yes,solution ICP-MS,Japanese coral standard JCP-1 doped with single element standards of known concentrations,No-aliquots of same powder used for stable isotope and trace element measurements,,no,,,,,yes,TIMS,SrCO3 (NIST SRM 987),no,no,no,yes,1,1,
170,79,Dim-E4,superseded,693,79-DIME4,from top,limestone,Permian,,shrubland,forest,"closed forest, evergreen needle leaf",other (see notes),15.0,,,250.0,stalagmite,mixed,,yes,yes,Vienna-PDB,yes,,unknown,unknown,yes,unknown,unknown,no,unknown,no,,,,,no,,,,,no,,,,,no,,,,,no,,,,,no,,,no,,no,yes,1,1,
171,80,FR-5,current,,80-FR5,from top,dolomite,Cambrian,continuous carbonate,mixed (see notes),limited or no use,"closed forest, evergreen broad leaf",patchy,300.0,no,no,1000.0,stalagmite,unknown,,no,yes,Vienna-PDB,yes,,no,no,yes,no,no,no,no,no,,,,,no,,,,,no,,,,,no,,,,,no,,,,,no,,,no,,no,no,1,1,
172,80,FR-0510,current,,80-FR0510,from top,dolomite,Cambrian,continuous carbonate,mixed (see notes),limited or no use,"closed forest, evergreen broad leaf",patchy,300.0,no,no,,stalagmite,unknown,,yes,yes,Vienna-PDB,yes,,no,no,yes,no,no,yes,no,no,,,,,no,,,,,no,,,,,no,,,,,no,,,,,no,,,no,,no,no,1,1,
173,81,stm2,current,,81-STM2,from top,limestone,Jurassic,continuous carbonate,shrubland,unknown,"open forest, other",unknown,,no,no,,stalagmite,unknown,,yes,yes,Vienna-PDB,unknown,,no,no,no,no,no,no,no,no,,,,,no,,,,,no,,,,,no,,,,,no,,,,,no,,,no,,no,no,1,1,
174,81,stm4,current,,81-STM4,from top,limestone,Jurassic,continuous carbonate,shrubland,unknown,"open forest, other",unknown,,no,no,,stalagmite,unknown,,yes,yes,Vienna-PDB,unknown,,no,no,no,no,no,no,no,no,,,,,no,,,,,no,,,,,no,,,,,no,,,,,no,,,no,,no,no,1,1,
175,82,HW-3,current,,82-HW3,from top,limestone,other (see notes),continuous carbonate,evergreen,forest,"closed forest, evergreen broad leaf",unknown,,no,no,,unknown,unknown,,yes,yes,Vienna-PDB,unknown,,unknown,unknown,unknown,unknown,unknown,unknown,unknown,no,,,,,no,,,,,no,,,,,no,,,,,no,,,,,no,,,no,,no,no,1,1,
176,83,Min-stm1,current,,83-MINSTM1,from base,limestone,Cretaceous,continuous carbonate,trees and shrubs,unknown,shrubs,thin,50.0,no,no,300.0,stalagmite,unknown,,yes,yes,Vienna-PDB,unknown,,no,no,no,no,no,no,no,no,,,,,no,,,,,no,,,,,no,,,,,no,,,,,no,,,no,,no,no,1,1,
177,84,Leany,current,,84-LEANY,from top,limestone,Triassic,continuous carbonate,unknown,forest,"closed forest, deciduous broad leaf",patchy,100.0,no,no,50.0,stalagmite,seasonal drip,,yes,yes,Vienna-PDB,unknown,,no,yes,no,no,no,no,no,no,,,,,no,,,,,no,,,,,no,,,,,no,,,,,no,,,no,,no,no,1,1,
178,85,MC01,current,,85-MC01,from top,limestone,Cretaceous,continuous carbonate,deciduous,forest,"closed forest, evergreen broad leaf",unknown,,no,no,8.0,stalagmite,unknown,,yes,yes,Vienna-PDB,unknown,,unknown,unknown,yes,unknown,unknown,unknown,unknown,no,,,,,no,,,,,no,,,,,no,,,,,no,,,,,no,,,no,,no,no,1,1,https://www.ncdc.noaa.gov/paleo/study/20506
179,86,MOD-22,current,,86-MOD22,from top,limestone,Cretaceous,continuous carbonate,shrubland,limited or no use,"open forest, other",patchy,22.0,no,no,150.0,stalagmite,seasonal drip,1.0,yes,yes,Vienna-PDB,yes,,unknown,unknown,yes,unknown,unknown,yes,unknown,no,,,,,no,,,,,no,,,,,no,,,,,no,,,,,no,,,no,,no,no,1,1,
180,87,Candela,superseded,715; 716; 717; 718,87-CANDELA,from top,limestone,Carboniferous,discontinuous carbonate,unknown,unknown,"closed forest, evergreen needle leaf",patchy,40.0,,,400.0,stalagmite,unknown,,yes,yes,Vienna-PDB,unknown,,no,no,no,no,no,yes,no,no,,,,,no,,,,,no,,,,,no,,,,,no,,,,,no,,,no,,no,no,1,1,
181,88,POS-STM-4,current,,88-POSSTM4,from top,limestone,Cretaceous,continuous carbonate,mixed (see notes),forest,cultivated and managed vegetation / agriculture,mixed (see notes),30.0,unknown,unknown,200.0,stalagmite,seepage flow,,yes,yes,PDB,unknown,,unknown,unknown,unknown,unknown,unknown,yes,unknown,no,,,,,no,,,,,no,,,,,no,,,,,no,,,,,no,,,no,,no,no,1,1,
182,89,Gib04a,current,,89-GIB04A,from top,limestone,Jurassic,,shrubland,limited or no use,"open forest, other",unknown,100.0,unknown,unknown,,stalagmite,seepage flow,,yes,yes,Vienna-PDB,unknown,,unknown,unknown,yes,unknown,unknown,yes,unknown,no,,,,,no,,,,,no,,,,,no,,,,,no,,,,,no,,,no,,no,no,1,1,
183,90,Trio,current,,90-TRIO,from top,limestone,Triassic,continuous carbonate,deciduous,forest,"closed forest, deciduous broad leaf",thick,20.0,yes,yes,30.0,stalagmite,unknown,1.0,yes,yes,Vienna-PDB,yes,,no,yes,yes,no,no,no,no,no,,,,,no,,,,,no,,,,,no,,,,,no,,,,,no,,,no,,no,no,1,1,https://www.ncdc.noaa.gov/paleo/study/11817
184,91,PU-2,current,,91-PU2,from base,limestone,Jurassic,continuous carbonate,evergreen,forest,"closed forest, deciduous broad leaf",thick,100.0,no,no,100.0,stalagmite,unknown,,yes,yes,PDB,yes,,unknown,unknown,yes,no,unknown,no,unknown,no,,,,,no,,,,,no,,,,,no,,,,,no,,,,,no,,,no,,no,no,1,1,
185,92,Keklik1,current,,92-KEKLIK1,from top,limestone,Devonian,discontinuous carbonate,unknown,unknown,herbaceous vegetation,unknown,40.0,unknown,unknown,35.0,stalagmite,unknown,,yes,yes,Vienna-PDB,unknown,,no,no,no,no,no,yes,no,yes,micro XRF,unknown,No-not applicable,,no,,,,,no,,,,,no,,,,,no,,,,,no,,,yes,no,no,no,1,1,
186,93,GC08,current,,93-GC08,from top,limestone,unknown,continuous carbonate,unknown,unknown,"closed forest, evergreen broad leaf",unknown,,no,no,,stalagmite,unknown,,yes,yes,Vienna-PDB,yes,,no,no,no,no,no,no,no,no,,,,,no,,,,,no,,,,,no,,,,,no,,,,,no,,,no,,no,no,1,1,https://www.ncdc.noaa.gov/paleo/study/13217
187,94,AB3,current,,94-AB3,from top,dolomite limestone,Eocene,continuous carbonate,grassland,farmland,herbaceous vegetation,unknown,100.0,,,1000.0,stalagmite,seasonal drip,,yes,yes,Vienna-PDB,unknown,,no,no,no,no,no,no,no,no,,,,,no,,,,,no,,,,,no,,,,,no,,,,,no,,,no,,no,no,1,1,
188,94,AB2,current,,94-AB2,from top,dolomite limestone,Eocene,continuous carbonate,grassland,farmland,herbaceous vegetation,unknown,100.0,,,1000.0,stalagmite,seasonal drip,,yes,yes,Vienna-PDB,unknown,,no,no,yes,no,no,no,no,no,,,,,no,,,,,no,,,,,no,,,,,no,,,,,no,,,no,,no,no,1,1,https://www.ncdc.noaa.gov/paleo/study/21850
189,94,MA3,current,,94-MA3,from top,dolomite limestone,Eocene,continuous carbonate,grassland,farmland,herbaceous vegetation,unknown,,,,,stalagmite,unknown,,yes,yes,Vienna-PDB,no,,no,no,yes,no,no,no,no,no,,,,,no,,,,,no,,,,,no,,,,,no,,,,,no,,,no,,no,no,1,1,https://www.ncdc.noaa.gov/paleo/study/22910
190,94,ANJB-2,current,,94-ANJB2,from top,dolomite limestone,Eocene,continuous carbonate,grassland,farmland,herbaceous vegetation,unknown,,,,,stalagmite,unknown,,yes,yes,Vienna-PDB,no,,no,no,yes,no,no,no,no,no,,,,,no,,,,,no,,,,,no,,,,,no,,,,,no,,,no,,no,no,1,1,https://www.ncdc.noaa.gov/paleo/study/22970
191,95,BC01-07,current,,95-BC0107,from top,limestone,Eocene,,unknown,unknown,urban / built up,unknown,,no,no,15.0,stalagmite,unknown,,yes,yes,Vienna-PDB,unknown,,no,no,unknown,no,no,no,no,no,,,,,no,,,,,no,,,,,no,,,,,no,,,,,no,,,no,,no,no,1,1,https://www.ncdc.noaa.gov/paleo/study/20612
192,96,Boss,current,,96-BOSS,from top,limestone,Jurassic,continuous carbonate,deciduous,other (see notes),urban / built up,thin,10.0,yes,yes,300.0,stalagmite,unknown,4.0,yes,yes,PDB,yes,,unknown,unknown,yes,no,no,yes,no,no,,,,,no,,,,,no,,,,,no,,,,,no,,,,,no,,,no,,no,no,1,1,
193,96,BFM-9,current,,96-BFM9,from top,limestone,Jurassic,continuous carbonate,deciduous,other (see notes),urban / built up,thin,10.0,yes,yes,300.0,stalagmite,unknown,4.0,yes,yes,PDB,yes,,unknown,unknown,yes,no,no,yes,no,no,,,,,no,,,,,no,,,,,no,,,,,no,,,,,no,,,no,,no,no,1,1,
194,96,F2,current,,96-F2,from base,limestone,Jurassic,continuous carbonate,deciduous,other (see notes),urban / built up,thin,10.0,yes,yes,300.0,stalagmite,unknown,4.0,yes,yes,PDB,yes,,unknown,unknown,yes,no,no,yes,no,no,,,,,no,,,,,no,,,,,no,,,,,no,,,,,no,,,no,,no,no,1,1,
195,97,BMS1,current,,97-BMS1,from top,limestone,Jurassic,continuous carbonate,unknown,unknown,permanent water bodies,unknown,100.0,no,no,,stalagmite,unknown,,yes,yes,Vienna-PDB,yes,,no,no,yes,no,no,no,no,no,,,,,no,,,,,no,,,,,no,,,,,no,,,,,no,,,no,,no,no,1,1,
196,98,CC3,current,,98-CC3,from top,limestone,Carboniferous,continuous carbonate,grassland,pasture,herbaceous vegetation,other (see notes),20.0,unknown,unknown,250.0,stalagmite,unknown,,yes,yes,PDB,yes,,no,no,yes,no,no,no,no,no,,,,,no,,,,,no,,,,,no,,,,,no,,,,,no,,,no,,no,no,1,1,
197,99,DP1_2013,current partially modified,198,99-DP1,from top,dolomite,Precambrian,continuous carbonate,mixed (see notes),unknown,"open forest, other",patchy,,no,no,100.0,stalagmite,unknown,,yes,yes,Vienna-PDB,no,,no,no,yes,no,no,no,no,no,,,,,no,,,,,no,,,,,no,,,,,no,,,,,no,,,no,,no,no,1,1,https://www.ncdc.noaa.gov/paleo/study/14268
198,99,DP1_2016,current partially modified,197,99-DP1,from top,dolomite,Precambrian,continuous carbonate,mixed (see notes),unknown,"open forest, other",patchy,,no,no,100.0,stalagmite,unknown,,yes,yes,Vienna-PDB,no,,no,no,yes,no,no,no,no,no,,,,,no,,,,,no,,,,,no,,,,,no,,,,,no,,,no,,no,no,1,1,https://www.ncdc.noaa.gov/paleo/study/20433
199,100,K1,current,,100-K1,from top,limestone,Devonian,,mixed (see notes),forest,"closed forest, mixed",unknown,,,,,stalagmite,unknown,,yes,yes,Vienna-PDB,yes,,unknown,unknown,yes,unknown,unknown,unknown,unknown,no,,,,,no,,,,,no,,,,,no,,,,,no,,,,,no,,,no,,no,no,1,1,https://www.ncdc.noaa.gov/paleo/study/8642
200,100,K3,current,,100-K3,from top,limestone,Devonian,,mixed (see notes),forest,"closed forest, mixed",unknown,,,,,stalagmite,unknown,,yes,yes,Vienna-PDB,yes,,unknown,unknown,yes,unknown,unknown,unknown,unknown,no,,,,,no,,,,,no,,,,,no,,,,,no,,,,,no,,,no,,no,no,1,1,https://www.ncdc.noaa.gov/paleo/study/8642
201,101,PFU6,current,,101-PFU6,from top,unknown,Cretaceous,,unknown,unknown,"closed forest, evergreen needle leaf",unknown,,no,no,,flowstone,unknown,,yes,yes,Vienna-PDB,no,,no,no,yes,no,no,no,no,no,,,,,no,,,,,no,,,,,no,,,,,no,,,,,no,,,no,,no,no,1,1,https://www.ncdc.noaa.gov/paleo/study/12841
202,102,K11,current,,102-K11,from top,dolomite limestone,Precambrian,,mixed (see notes),limited or no use,"closed forest, evergreen needle leaf",thin,14.0,no,no,200.0,stalagmite,unknown,,yes,yes,Vienna-PDB,yes,,unknown,unknown,unknown,unknown,unknown,unknown,unknown,no,,,,,no,,,,,no,,,,,no,,,,,no,,,,,no,,,no,,no,no,1,1,https://www.ncdc.noaa.gov/paleo/study/9745
203,103,LD12,current,,103-LD12,from top,limestone,unknown,continuous carbonate,sparse,pasture,shrubs,thin,,no,no,,stalagmite,unknown,,yes,yes,Vienna-PDB,unknown,,no,no,no,no,no,no,no,no,,,,,no,,,,,no,,,,,no,,,,,no,,,,,no,,,no,,no,no,1,1,10.1594/PANGAEA.924810
204,104,LR06-B1_2009,superseded,226,104-LR06B1,from top,limestone,Miocene,discontinuous carbonate,unknown,unknown,"open forest, evergreen broad leaf",unknown,40.0,,,800.0,stalagmite,unknown,,no,yes,Vienna-PDB,yes,,no,yes,yes,no,no,no,no,no,,,,,no,,,,,no,,,,,no,,,,,no,,,,,no,,,no,,no,yes,1,1,
205,104,LR06-B3_2009,superseded,227; 367,104-LR06B3,from top,limestone,Miocene,discontinuous carbonate,unknown,unknown,"open forest, evergreen broad leaf",unknown,40.0,,,800.0,stalagmite,unknown,,no,yes,Vienna-PDB,yes,,no,yes,yes,no,no,no,no,no,,,,,no,,,,,no,,,,,no,,,,,no,,,,,no,,,no,,no,no,1,1,
206,105,SCH-5,current,,105-SCH5,from top,limestone,Cretaceous,,unknown,unknown,"closed forest, mixed",,,,,400.0,stalagmite,unknown,,yes,yes,Vienna-PDB,unknown,,no,no,yes,no,no,no,no,no,,,,,no,,,,,no,,,,,no,,,,,no,,,,,no,,,no,,no,no,1,1,https://www.ncdc.noaa.gov/paleo/study/19219
207,105,SCH-7,current,,105-SCH7,from top,limestone,Cretaceous,,unknown,unknown,"closed forest, mixed",,,,,,stalagmite,unknown,,no,yes,Vienna-PDB,unknown,,no,no,no,no,no,no,no,no,,,,,no,,,,,no,,,,,no,,,,,no,,,,,no,,,no,,no,no,1,1,https://www.ncdc.noaa.gov/paleo/study/12279
208,106,SE09-6,current,,106-SE096,from top,marly limestone,Eocene,continuous carbonate,trees and shrubs,forest,"open forest, other",thick,3.0,no,no,180.0,stalagmite,unknown,,yes,yes,Vienna-PDB,unknown,,no,no,yes,no,no,no,no,no,,,,,yes,solution OES-MS,unknown,No-not applicable,,no,,,,,no,,,,,no,,,,,no,,,no,no,no,yes,1,1,
209,107,YOKI,current,,107-YOKI,from top,limestone,Cretaceous,,other (see notes),forest,"closed forest, evergreen broad leaf",thin,14.0,unknown,unknown,50.0,stalagmite,seepage flow,,yes,yes,Vienna-PDB,no,,yes,no,yes,no,no,yes,no,no,,,,,no,,,,,no,,,,,yes,solution ICP-MS,unknown,No-not applicable,,no,,,,,no,,,yes,no,no,no,1,1,https://www.ncdc.noaa.gov/paleo/study/13519
210,107,YOKG,current,,107-YOKG,from top,limestone,Cretaceous,,other (see notes),forest,"closed forest, evergreen broad leaf",thin,14.0,unknown,unknown,50.0,stalagmite,seepage flow,,yes,yes,Vienna-PDB,no,,yes,no,yes,no,no,yes,no,no,,,,,no,,,,,no,,,,,no,,,,,no,,,,,no,,,no,,no,no,1,1,
211,108,Cla4,current,,108-CLA4,from top,dolomite,Jurassic,continuous carbonate,shrubland,limited or no use,"open forest, other",patchy,,unknown,unknown,500.0,stalagmite,unknown,,yes,yes,PDB,no,,no,no,no,no,no,no,no,no,,,,,no,,,,,no,,,,,no,,,,,no,,,,,no,,,no,,no,no,1,1,
212,108,CL26,current,,108-CL26,from top,dolomite,Jurassic,continuous carbonate,shrubland,limited or no use,"open forest, other",patchy,,unknown,unknown,,stalagmite,unknown,,yes,yes,PDB,yes,,no,no,no,no,no,no,no,no,,,,,no,,,,,no,,,,,no,,,,,no,,,,,no,,,no,,no,no,1,1,
213,104,LR07-E1,current partially modified,215,104-LR07E1,from top,limestone,Miocene,discontinuous carbonate,unknown,unknown,"open forest, evergreen broad leaf",unknown,,,,1200.0,stalagmite,unknown,,no,yes,Vienna-PDB,yes,,no,no,no,no,no,no,no,no,,,,,no,,,,,no,,,,,no,,,,,no,,,,,no,,,no,,no,no,1,1,
214,104,LR06-C3_2011,superseded,369,104-LR06C3,from top,limestone,Miocene,discontinuous carbonate,unknown,unknown,"open forest, evergreen broad leaf",unknown,,,,900.0,stalagmite,unknown,,no,yes,Vienna-PDB,yes,,no,no,no,no,no,no,no,no,,,,,no,,,,,no,,,,,no,,,,,no,,,,,no,,,no,,no,no,1,1,
215,104,LR07-E1-D,current partially modified,213,104-LR07E1,from top,limestone,Miocene,discontinuous carbonate,unknown,unknown,"open forest, evergreen broad leaf",unknown,,,,1200.0,stalagmite,unknown,,no,yes,Vienna-PDB,yes,,no,no,no,no,no,no,no,no,,,,,no,,,,,no,,,,,no,,,,,no,,,,,no,,,no,,no,no,1,1,
216,109,MO-1,current,,109-MO1,from top,limestone,Cretaceous,continuous carbonate,sparse,forest,"open forest, other",thin,20.0,unknown,unknown,200.0,stalagmite,unknown,,yes,yes,Vienna-PDB,unknown,,no,no,no,no,no,no,no,no,,,,,yes,solution ICP-AES,standard stock solutions of known concentrations,No-aliquots of same powder used for stable isotope and trace element measurements,,no,,,,,no,,,,,no,,,,,no,,,no,no,no,yes,1,1,
217,109,MO-7,current,,109-MO7,from top,limestone,Cretaceous,continuous carbonate,sparse,forest,"open forest, other",thin,20.0,unknown,unknown,300.0,stalagmite,unknown,,yes,yes,Vienna-PDB,unknown,,no,no,no,no,no,no,no,no,,,,,yes,solution ICP-AES,standard stock solutions of known concentrations,No-aliquots of same powder used for stable isotope and trace element measurements,,no,,,,,no,,,,,no,,,,,no,,,no,no,no,yes,1,1,
218,110,ME-12,current,,110-ME12,from top,dolomite,Cretaceous,continuous carbonate,sparse,limited or no use,herbaceous vegetation,patchy,20.0,no,no,,stalagmite,seepage flow,,yes,yes,Vienna-PDB,unknown,,no,unknown,unknown,unknown,no,unknown,unknown,no,,,,,no,,,,,no,,,,,no,,,,,no,,,,,no,,,no,,no,no,1,1,https://www.ncdc.noaa.gov/paleo/study/5422
219,111,RN1,current,,111-RN1,from top,limestone,unknown,continuous carbonate,shrubland,forest,shrubs,patchy,,unknown,unknown,,stalagmite,seepage flow,,no,yes,Vienna-PDB,yes,,no,no,no,no,no,no,no,no,,,,,no,,,,,no,,,,,no,,,,,no,,,,,no,,,no,,no,no,1,1,
220,111,RN4,current,,111-RN4,from top,limestone,unknown,continuous carbonate,shrubland,forest,shrubs,patchy,,unknown,unknown,,stalagmite,seepage flow,,no,yes,Vienna-PDB,yes,,no,no,no,no,no,no,no,no,,,,,no,,,,,no,,,,,no,,,,,no,,,,,no,,,no,,no,no,1,1,
221,112,XY-2,current,,112-XY2,from top,limestone,Triassic,discontinuous carbonate,unknown,unknown,"closed forest, evergreen broad leaf",thick,50.0,no,no,300.0,stalagmite,unknown,,no,yes,Vienna-PDB,no,,no,no,yes,no,no,no,no,no,,,,,no,,,,,no,,,,,no,,,,,no,,,,,no,,,no,,no,no,1,1,
222,112,XY07-8,current,,112-XY078,from top,limestone,Triassic,discontinuous carbonate,unknown,unknown,"closed forest, evergreen broad leaf",thick,,no,no,,stalagmite,unknown,,yes,yes,Vienna-PDB,no,,no,no,yes,no,no,yes,no,no,,,,,no,,,,,no,,,,,no,,,,,no,,,,,no,,,no,,no,no,1,1,
223,104,LR07-A8,current,,104-LR07A8,from top,limestone,Miocene,discontinuous carbonate,unknown,unknown,"open forest, evergreen broad leaf",unknown,30.0,,,600.0,stalagmite,unknown,,yes,yes,Vienna-PDB,unknown,,no,no,no,no,no,no,no,no,,,,,no,,,,,no,,,,,no,,,,,no,,,,,no,,,no,,no,no,1,1,
224,104,LR07-A9,current,,104-LR07A9,from top,limestone,Miocene,discontinuous carbonate,unknown,unknown,"open forest, evergreen broad leaf",unknown,30.0,,,600.0,stalagmite,unknown,,yes,yes,Vienna-PDB,unknown,,no,yes,no,no,no,no,no,no,,,,,no,,,,,no,,,,,no,,,,,no,,,,,no,,,no,,no,no,1,1,
225,104,LR07-E11,current,,104-LR07E11,from top,limestone,Miocene,discontinuous carbonate,unknown,unknown,"open forest, evergreen broad leaf",unknown,50.0,,,1000.0,stalagmite,unknown,,yes,yes,Vienna-PDB,unknown,,no,no,no,no,no,no,no,no,,,,,no,,,,,no,,,,,no,,,,,no,,,,,no,,,no,,no,no,1,1,
226,104,LR06-B1_2016,current,,104-LR06B1,from top,limestone,Miocene,discontinuous carbonate,unknown,unknown,"open forest, evergreen broad leaf",unknown,40.0,unknown,unknown,800.0,stalagmite,unknown,,yes,yes,Vienna-PDB,yes,,no,yes,yes,no,no,no,no,yes,unknown,standard stock solutions of known concentrations,No-aliquots of same powder used for stable isotope and trace element measurements,,yes,solution ICP-AES,unknown,No-aliquots of same powder used for stable isotope and trace element measurements,,no,,,,,no,,,,,no,,,,,no,,,yes,no,no,yes,1,1,https://www.ncdc.noaa.gov/paleo/study/20285
227,104,LR06-B3_2016,current partially modified,367,104-LR06B3,from top,limestone,Miocene,discontinuous carbonate,unknown,unknown,"open forest, evergreen broad leaf",unknown,40.0,,,800.0,stalagmite,unknown,,yes,yes,Vienna-PDB,yes,,no,yes,yes,no,no,no,no,no,,,,,no,,,,,no,,,,,no,,,,,no,,,,,no,,,no,,no,no,1,1,https://www.ncdc.noaa.gov/paleo/study/20285
228,113,PX7_2015,superseded,612,113-PX7,from top,limestone,Precambrian,continuous carbonate,unknown,unknown,shrubs,unknown,,no,no,,stalagmite,unknown,,no,yes,Vienna-PDB,unknown,,no,no,no,no,no,no,no,no,,,,,no,,,,,no,,,,,no,,,,,no,,,,,no,,,no,,no,no,1,1,10.1594/PANGAEA.847283
229,114,Ach-1,current,,114-ACH1,from top,limestone,Jurassic,continuous carbonate,unknown,farmland,cultivated and managed vegetation / agriculture,thin,30.0,no,yes,200.0,stalagmite,unknown,,yes,yes,Vienna-PDB,unknown,,no,no,no,no,no,no,no,no,,,,,no,,,,,no,,,,,no,,,,,no,,,,,no,,,no,,no,no,1,1,
230,115,HOL-7,current,,115-HOL7,from top,limestone,Cretaceous,continuous carbonate,sparse,unknown,"open forest, evergreen needle leaf",thin,,,,850.0,stalagmite,unknown,,yes,yes,Vienna-PDB,unknown,,no,yes,no,no,no,no,no,no,,,,,no,,,,,no,,,,,no,,,,,no,,,,,no,,,no,,no,no,1,1,https://www.ncdc.noaa.gov/paleo/study/18155
231,115,HOL-16,current,,115-HOL16,from top,limestone,Cretaceous,continuous carbonate,sparse,unknown,"open forest, evergreen needle leaf",thin,,,,850.0,stalagmite,unknown,,yes,yes,Vienna-PDB,unknown,,unknown,unknown,unknown,unknown,unknown,unknown,unknown,no,,,,,no,,,,,no,,,,,no,,,,,no,,,,,no,,,no,,no,no,1,1,https://www.ncdc.noaa.gov/paleo/study/18155
232,115,HOL-17,current,,115-HOL17,from top,limestone,Cretaceous,continuous carbonate,sparse,unknown,"open forest, evergreen needle leaf",thin,,,,850.0,stalagmite,unknown,,yes,yes,Vienna-PDB,unknown,,unknown,unknown,unknown,unknown,unknown,unknown,unknown,no,,,,,no,,,,,no,,,,,no,,,,,no,,,,,no,,,no,,no,no,1,1,https://www.ncdc.noaa.gov/paleo/study/18155
233,115,HOL-18,current,,115-HOL18,from top,limestone,Cretaceous,continuous carbonate,sparse,unknown,"open forest, evergreen needle leaf",thin,,,,850.0,stalagmite,unknown,,yes,yes,Vienna-PDB,unknown,,no,no,yes,no,no,no,no,no,,,,,no,,,,,no,,,,,no,,,,,no,,,,,no,,,no,,no,no,1,1,https://www.ncdc.noaa.gov/paleo/study/18155
234,115,HOL-16-17,current,,115-HOL1617-COMP,from top,limestone,Cretaceous,continuous carbonate,sparse,unknown,"open forest, evergreen needle leaf",thin,,,,850.0,composite,not applicable,,no,yes,Vienna-PDB,unknown,,unknown,unknown,unknown,unknown,unknown,unknown,unknown,no,,,,,no,,,,,no,,,,,no,,,,,no,,,,,no,,,no,,no,no,1,1,https://www.ncdc.noaa.gov/paleo/study/18155
235,115,HOL-comp,current,,115-HOL-COMP,from top,limestone,Cretaceous,continuous carbonate,sparse,unknown,"open forest, evergreen needle leaf",thin,,,,850.0,composite,not applicable,,no,yes,Vienna-PDB,unknown,,unknown,unknown,unknown,unknown,unknown,unknown,unknown,no,,,,,no,,,,,no,,,,,no,,,,,no,,,,,no,,,no,,no,no,1,1,https://www.ncdc.noaa.gov/paleo/study/18155
236,115,HOL-10,current,,115-HOL10,from top,limestone,Cretaceous,continuous carbonate,sparse,unknown,"open forest, evergreen needle leaf",thin,,,,850.0,stalagmite,unknown,,yes,yes,Vienna-PDB,unknown,,no,no,unknown,no,no,unknown,no,no,,,,,no,,,,,no,,,,,no,,,,,no,,,,,no,,,no,,no,no,1,1,https://www.ncdc.noaa.gov/paleo/study/19219
237,116,BA04,current,,116-BA04,from top,limestone,Miocene,continuous carbonate,evergreen,forest,"closed forest, evergreen broad leaf",thin,,yes,yes,500.0,stalagmite,unknown,,no,yes,Vienna-PDB,unknown,,no,no,no,no,no,no,no,no,,,,,no,,,,,no,,,,,no,,,,,no,,,,,no,,,no,,no,no,1,1,https://www.ncdc.noaa.gov/paleo/study/5538
238,116,BA03_decadal,current partially modified,285,116-BA03,from top,limestone,Miocene,continuous carbonate,evergreen,forest,"closed forest, evergreen broad leaf",thin,,yes,yes,,stalagmite,unknown,,yes,yes,Vienna-PDB,unknown,,no,no,no,no,no,no,no,no,,,,,no,,,,,no,,,,,no,,,,,no,,,,,no,,,no,,no,no,1,1,https://www.ncdc.noaa.gov/paleo/study/19885
239,116,BA02,current,,116-BA02,from top,limestone,Miocene,continuous carbonate,evergreen,forest,"closed forest, evergreen broad leaf",thin,,yes,yes,,stalagmite,unknown,,no,yes,Vienna-PDB,unknown,,no,no,no,no,no,no,no,no,,,,,no,,,,,no,,,,,no,,,,,no,,,,,no,,,no,,no,no,1,1,https://www.ncdc.noaa.gov/paleo/study/14515
240,117,Bu1,current partially modified,885,117-BU1,from top,limestone,Devonian,discontinuous carbonate,deciduous,mixed (see notes),urban / built up,thin,23.0,unknown,unknown,30.0,stalagmite,seasonal drip,,yes,yes,Vienna-PDB,no,,no,yes,yes,yes,yes,yes,no,no,,,,,yes,LA-ICP-MS,NIST SRM 612,Yes-SISAL downsampled,other (see notes),no,,,,,no,,,,,no,,,,,no,,,no,no,yes,yes,1,1,https://www.ncdc.noaa.gov/paleo/study/20589
241,117,Bu2_2012,current partially modified,596,117-BU2,from top,limestone,Devonian,discontinuous carbonate,deciduous,mixed (see notes),urban / built up,thin,,unknown,unknown,,stalagmite,seasonal drip,,yes,yes,Vienna-PDB,no,,no,no,yes,yes,no,no,no,no,,,,,yes,LA-ICP-MS,NIST SRM 612,Yes-SISAL downsampled,other (see notes),no,,,,,no,,,,,no,,,,,no,,,no,no,yes,yes,1,1,https://www.ncdc.noaa.gov/paleo/study/20589
242,117,Bu4,current partially modified,886,117-BU4,from top,limestone,Devonian,discontinuous carbonate,deciduous,mixed (see notes),urban / built up,thin,23.0,unknown,unknown,40.0,stalagmite,mixed,,yes,yes,Vienna-PDB,no,,no,yes,yes,yes,yes,yes,no,no,,,,,yes,LA-ICP-MS,NIST SRM 612,Yes-SISAL downsampled,other (see notes),no,,,,,no,,,,,no,,,,,no,,,no,no,yes,yes,1,1,https://www.ncdc.noaa.gov/paleo/study/20589
243,117,Bu6,current,,117-BU6,from top,limestone,Devonian,discontinuous carbonate,deciduous,mixed (see notes),urban / built up,thin,,unknown,unknown,,flowstone,seasonal drip,,yes,yes,Vienna-PDB,no,,no,no,yes,no,yes,no,no,no,,,,,yes,LA-ICP-MS,NIST SRM 612,Yes-SISAL downsampled,other (see notes),no,,,,,no,,,,,no,,,,,no,,,no,no,yes,yes,1,1,https://www.ncdc.noaa.gov/paleo/study/20589
244,117,BuStack,current,,117-BUSTACK-COMP,from top,limestone,Devonian,discontinuous carbonate,deciduous,mixed (see notes),urban / built up,thin,,unknown,unknown,,composite,not applicable,,no,yes,Vienna-PDB,no,,no,unknown,yes,unknown,unknown,unknown,no,no,,,,,no,,,,,no,,,,,no,,,,,no,,,,,no,,,no,,yes,no,1,1,
245,118,FC12-12,current,,118-FC1212,from top,limestone,unknown,continuous carbonate,evergreen,forest,"closed forest, evergreen broad leaf",unknown,,yes,no,,stalagmite,unknown,,no,yes,Vienna-PDB,unknown,,no,no,no,no,no,no,no,no,,,,,no,,,,,no,,,,,no,,,,,no,,,,,no,,,no,,no,no,1,1,
246,118,FC12-14,current,,118-FC1214,from top,limestone,unknown,continuous carbonate,evergreen,forest,"closed forest, evergreen broad leaf",unknown,,yes,no,,stalagmite,unknown,,no,yes,Vienna-PDB,unknown,,no,no,no,no,no,no,no,no,,,,,no,,,,,no,,,,,no,,,,,no,,,,,no,,,no,,no,no,1,1,
247,118,FC12-15,current,,118-FC1215,from top,limestone,unknown,continuous carbonate,evergreen,forest,"closed forest, evergreen broad leaf",unknown,,yes,no,,stalagmite,unknown,,no,yes,Vienna-PDB,unknown,,no,no,no,no,no,no,no,no,,,,,no,,,,,no,,,,,no,,,,,no,,,,,no,,,no,,no,no,1,1,
248,119,ASR,current,,119-ASR,from top,unknown,unknown,discontinuous carbonate,unknown,unknown,"open forest, other",unknown,40.0,no,no,,stalagmite,unknown,,no,yes,Vienna-PDB,no,,unknown,unknown,unknown,unknown,unknown,unknown,unknown,no,,,,,no,,,,,no,,,,,no,,,,,no,,,,,no,,,no,,no,no,1,1,https://www.ncdc.noaa.gov/paleo/study/20082
249,119,ASM,current,,119-ASM,from top,unknown,unknown,discontinuous carbonate,unknown,unknown,"open forest, other",unknown,40.0,no,no,,stalagmite,unknown,,no,yes,Vienna-PDB,no,,unknown,unknown,unknown,unknown,unknown,unknown,unknown,no,,,,,no,,,,,no,,,,,no,,,,,no,,,,,no,,,no,,no,no,1,1,https://www.ncdc.noaa.gov/paleo/study/20082
250,120,HOR,current,,120-HOR,from base,dolomite limestone,Cretaceous,continuous carbonate,shrubland,forest,herbaceous vegetation,thin,10.0,no,no,,stalagmite,seasonal drip,,yes,yes,Vienna-PDB,unknown,,no,no,yes,no,no,no,no,no,,,,,no,,,,,no,,,,,no,,,,,no,,,,,no,,,no,,yes,no,1,1,
251,120,ARTEMISA,current,,120-ARTEMISA,from base,dolomite limestone,Cretaceous,continuous carbonate,shrubland,forest,herbaceous vegetation,thin,10.0,no,no,,stalagmite,unknown,,yes,yes,Vienna-PDB,unknown,,no,no,yes,no,no,no,no,no,,,,,yes,solution ICP-AES,standard stock solutions of known concentrations,No-aliquots of same powder used for stable isotope and trace element measurements,,no,,,,,no,,,,,no,,,,,no,,,no,no,yes,yes,1,1,https://www.ncei.noaa.gov/access/paleo-search/study/24490
252,121,TKS,current,,121-TKS,from top,other (see notes),Jurassic,,shrubland,other (see notes),herbaceous vegetation,thin,,no,no,,flowstone,unknown,,yes,yes,Vienna-PDB,unknown,2.6,no,no,yes,no,no,no,no,no,,,,,no,,,,,no,,,,,no,,,,,no,,,,,no,,,no,,no,yes,1,1,
253,122,HS4_2008,current partially modified,254,122-HS4,from top,dolomite,Cambrian,continuous carbonate,unknown,unknown,"closed forest, evergreen broad leaf",unknown,400.0,no,no,150.0,stalagmite,unknown,,yes,yes,Vienna-PDB,yes,,no,no,no,no,no,no,no,no,,,,,no,,,,,no,,,,,no,,,,,no,,,,,no,,,no,,no,no,1,1,https://www.ncdc.noaa.gov/paleo/study/6095
254,122,HS4_2013,current partially modified,253,122-HS4,from top,dolomite,Cambrian,continuous carbonate,unknown,unknown,"closed forest, evergreen broad leaf",unknown,400.0,no,no,150.0,stalagmite,unknown,,yes,yes,Vienna-PDB,unknown,,no,no,no,no,no,no,no,no,,,,,no,,,,,no,,,,,no,,,,,no,,,,,no,,,no,,no,no,1,1,https://www.ncdc.noaa.gov/paleo/study/14312
255,123,MB-2,current,,123-MB2,from top,limestone,Jurassic,continuous carbonate,barren,limited or no use,bare / sparse vegetation,barren,,no,no,,stalagmite,unknown,,yes,yes,Vienna-PDB,unknown,,no,no,yes,no,no,no,no,no,,,,,no,,,,,no,,,,,no,,,,,no,,,,,no,,,no,,no,no,1,1,https://www.ncdc.noaa.gov/paleo/study/13868
256,123,MB-3,current,,123-MB3,from top,limestone,Jurassic,continuous carbonate,barren,limited or no use,bare / sparse vegetation,barren,,no,no,,stalagmite,unknown,,yes,yes,Vienna-PDB,unknown,,no,no,yes,no,no,no,no,no,,,,,no,,,,,no,,,,,no,,,,,no,,,,,no,,,no,,no,no,1,1,https://www.ncdc.noaa.gov/paleo/study/13868
257,123,MB-5,current,,123-MB5,from top,limestone,Jurassic,continuous carbonate,barren,limited or no use,bare / sparse vegetation,barren,,no,no,,stalagmite,unknown,,yes,yes,Vienna-PDB,unknown,,yes,no,yes,no,no,no,no,no,,,,,no,,,,,no,,,,,no,,,,,no,,,,,no,,,no,,no,no,1,1,https://www.ncdc.noaa.gov/paleo/study/13868
258,123,MB-6,current,,123-MB6,from top,limestone,Jurassic,continuous carbonate,barren,limited or no use,bare / sparse vegetation,barren,,no,no,,stalagmite,unknown,,yes,yes,Vienna-PDB,unknown,,no,no,yes,no,no,no,no,no,,,,,no,,,,,no,,,,,no,,,,,no,,,,,no,,,no,,no,no,1,1,https://www.ncdc.noaa.gov/paleo/study/13868
259,124,PC-1,current,,124-PC1,from top,limestone,Devonian,discontinuous carbonate,unknown,unknown,"closed forest, evergreen needle leaf",unknown,,no,no,,stalagmite,unknown,,yes,yes,Vienna-PDB,no,,no,no,no,no,no,no,no,no,,,,,no,,,,,no,,,,,no,,,,,no,,,,,no,,,no,,no,no,1,1,
260,125,MF-3,current,,125-MF3,from top,limestone,Cretaceous,continuous carbonate,sparse,limited or no use,herbaceous vegetation,thin,20.0,no,no,,stalagmite,unknown,,yes,yes,Vienna-PDB,unknown,,unknown,unknown,yes,unknown,unknown,unknown,unknown,no,,,,,no,,,,,no,,,,,no,,,,,no,,,,,no,,,yes,,no,yes,1,1,https://www.ncei.noaa.gov/access/paleo-search/study/19744
261,58,SPA121,current partially modified,729,58-SPA121,from top,marble,Jurassic,continuous carbonate,other (see notes),other (see notes),bare / sparse vegetation,patchy,20.0,,,,stalagmite,unknown,,yes,yes,Vienna-PDB,unknown,,unknown,unknown,yes,unknown,unknown,unknown,unknown,no,,,,,no,,,,,no,,,,,no,,,,,no,,,,,no,,,no,,no,yes,1,1,https://www.ncdc.noaa.gov/paleo/study/6212
262,126,TC1,current,,126-TC1,from top,limestone,Precambrian,discontinuous carbonate,unknown,forest,"closed forest, evergreen needle leaf",unknown,,no,no,12.1,stalagmite,unknown,,yes,yes,Vienna-PDB,unknown,,no,no,yes,no,no,yes,no,no,,,,,no,,,,,no,,,,,no,,,,,no,,,,,no,,,no,,no,no,1,1,
263,127,XBL-3,current,,127-XBL3,from base,unknown,unknown,continuous carbonate,unknown,unknown,"open forest, other",unknown,,no,no,350.0,stalagmite,unknown,,no,yes,Vienna-PDB,yes,,no,no,no,no,no,no,no,no,,,,,no,,,,,no,,,,,no,,,,,no,,,,,no,,,no,,no,no,1,1,http://www.pnas.org/content/suppl/2015/02/18/1424035112.DCSupplemental/pnas.1424035112.sapp.pdf
264,127,XBL-4,current,,127-XBL4,from base,unknown,unknown,continuous carbonate,unknown,unknown,"open forest, other",unknown,,no,no,350.0,stalagmite,unknown,,no,yes,Vienna-PDB,yes,,no,no,no,no,no,no,no,no,,,,,no,,,,,no,,,,,no,,,,,no,,,,,no,,,no,,no,no,1,1,http://www.pnas.org/content/suppl/2015/02/18/1424035112.DCSupplemental/pnas.1424035112.sapp.pdf
265,127,XBL-7,current,,127-XBL7,from base,unknown,unknown,continuous carbonate,unknown,unknown,"open forest, other",unknown,,no,no,350.0,stalagmite,unknown,,no,yes,Vienna-PDB,yes,,no,no,no,no,no,no,no,no,,,,,no,,,,,no,,,,,no,,,,,no,,,,,no,,,no,,no,no,1,1,http://www.pnas.org/content/suppl/2015/02/18/1424035112.DCSupplemental/pnas.1424035112.sapp.pdf
266,127,XBL-26,current,,127-XBL26,from base,unknown,unknown,continuous carbonate,unknown,unknown,"open forest, other",unknown,,no,no,350.0,stalagmite,unknown,,no,yes,Vienna-PDB,yes,,no,no,no,no,no,no,no,no,,,,,no,,,,,no,,,,,no,,,,,no,,,,,no,,,no,,no,no,1,1,http://www.pnas.org/content/suppl/2015/02/18/1424035112.DCSupplemental/pnas.1424035112.sapp.pdf
267,127,XBL-27,current,,127-XBL27,from base,unknown,unknown,continuous carbonate,unknown,unknown,"open forest, other",unknown,,no,no,350.0,stalagmite,unknown,,no,yes,Vienna-PDB,yes,,no,no,no,no,no,no,no,no,,,,,no,,,,,no,,,,,no,,,,,no,,,,,no,,,no,,no,no,1,1,http://www.pnas.org/content/suppl/2015/02/18/1424035112.DCSupplemental/pnas.1424035112.sapp.pdf
268,127,XBL-29,current,,127-XBL29,from base,unknown,unknown,continuous carbonate,unknown,unknown,"open forest, other",unknown,,no,no,350.0,stalagmite,unknown,,no,yes,Vienna-PDB,yes,,no,no,no,no,no,no,no,no,,,,,no,,,,,no,,,,,no,,,,,no,,,,,no,,,no,,no,no,1,1,http://www.pnas.org/content/suppl/2015/02/18/1424035112.DCSupplemental/pnas.1424035112.sapp.pdf
269,127,XBL-48,current,,127-XBL48,from base,unknown,unknown,continuous carbonate,unknown,unknown,"open forest, other",unknown,,no,no,350.0,stalagmite,unknown,,no,yes,Vienna-PDB,yes,,no,no,no,no,no,no,no,no,,,,,no,,,,,no,,,,,no,,,,,no,,,,,no,,,no,,no,no,1,1,http://www.pnas.org/content/suppl/2015/02/18/1424035112.DCSupplemental/pnas.1424035112.sapp.pdf
270,127,XBL-65,current,,127-XBL65,from base,unknown,unknown,continuous carbonate,unknown,unknown,"open forest, other",unknown,,no,no,350.0,stalagmite,unknown,,no,yes,Vienna-PDB,yes,,no,no,no,no,no,no,no,no,,,,,no,,,,,no,,,,,no,,,,,no,,,,,no,,,no,,no,no,1,1,http://www.pnas.org/content/suppl/2015/02/18/1424035112.DCSupplemental/pnas.1424035112.sapp.pdf
271,128,BCC-2,current,,128-BCC2,from top,limestone,unknown,discontinuous carbonate,deciduous,forest,"closed forest, deciduous broad leaf",unknown,35.0,unknown,unknown,1000.0,stalagmite,unknown,,yes,yes,Vienna-PDB,unknown,,unknown,unknown,unknown,unknown,no,no,unknown,yes,solution ICP-MS,unknown,No-not applicable,,no,,,,,no,,,,,no,,,,,no,,,,,no,,,yes,no,no,no,1,1,https://www.ncdc.noaa.gov/paleo/study/9741
272,128,BCC-4,current,,128-BCC4,from top,limestone,unknown,discontinuous carbonate,deciduous,forest,"closed forest, deciduous broad leaf",unknown,35.0,unknown,unknown,1000.0,stalagmite,unknown,,no,yes,Vienna-PDB,unknown,,unknown,unknown,unknown,unknown,no,no,unknown,no,,,,,no,,,,,no,,,,,no,,,,,no,,,,,no,,,no,,no,no,1,1,https://www.ncdc.noaa.gov/paleo/study/9741 
273,128,BCC-6,current,,128-BCC6,from top,limestone,unknown,discontinuous carbonate,deciduous,forest,"closed forest, deciduous broad leaf",unknown,35.0,unknown,unknown,1000.0,stalagmite,unknown,,no,yes,Vienna-PDB,unknown,,unknown,unknown,unknown,unknown,no,no,unknown,no,,,,,no,,,,,no,,,,,no,,,,,no,,,,,no,,,no,,no,no,1,1,https://www.ncdc.noaa.gov/paleo/study/9741 
274,128,BCC-8,current,,128-BCC8,from top,limestone,unknown,discontinuous carbonate,deciduous,forest,"closed forest, deciduous broad leaf",unknown,35.0,unknown,unknown,1000.0,stalagmite,unknown,,yes,yes,Vienna-PDB,unknown,,unknown,unknown,unknown,unknown,no,no,no,no,,,,,no,,,,,no,,,,,no,,,,,no,,,,,no,,,no,,no,no,1,1,
275,128,BCC-10_2014,superseded,682,128-BCC10,from top,limestone,unknown,discontinuous carbonate,deciduous,forest,"closed forest, deciduous broad leaf",unknown,35.0,unknown,unknown,1000.0,stalagmite,unknown,,yes,yes,Vienna-PDB,unknown,,unknown,unknown,unknown,unknown,no,no,no,no,,,,,no,,,,,no,,,,,no,,,,,no,,,,,no,,,no,,no,no,1,1,
276,128,BCC_composite,current,,128-BCC-COMP,from top,limestone,unknown,discontinuous carbonate,deciduous,forest,"closed forest, deciduous broad leaf",unknown,35.0,unknown,unknown,1000.0,composite,not applicable,,no,yes,Vienna-PDB,unknown,,unknown,unknown,unknown,unknown,no,no,no,no,,,,,no,,,,,no,,,,,no,,,,,no,,,,,no,,,no,,no,no,1,1,
277,129,CR1,current,,129-CR1,from top,dolomite limestone,Pleistocene,continuous carbonate,evergreen,farmland,urban / built up,thin,4.0,unknown,unknown,250.0,stalagmite,seepage flow,,yes,yes,Vienna-PDB,no,,no,no,yes,no,no,no,no,no,,,,,no,,,,,no,,,,,no,,,,,no,,,,,no,,,no,,no,no,1,1,
278,130,DAN-D,current,,130-DAND,from top,unknown,unknown,,unknown,unknown,cultivated and managed vegetation / agriculture,unknown,,no,no,220.0,stalagmite,unknown,,yes,yes,Vienna-PDB,unknown,,no,no,no,no,no,no,no,no,,,,,no,,,,,no,,,,,no,,,,,no,,,,,no,,,no,,no,no,1,1,https://www.ncdc.noaa.gov/paleo/study/8639
279,131,ER76,current,,131-ER76,from top,dolomite limestone,Jurassic,continuous carbonate,mixed (see notes),forest,"closed forest, evergreen needle leaf",thick,20.0,unknown,unknown,,stalagmite,seepage flow,,yes,yes,Vienna-PDB,no,,no,no,yes,no,no,yes,no,no,,,,,no,,,,,no,,,,,no,,,,,no,,,,,no,,,no,,no,no,1,1,
280,132,SPA_126,current,,132-SPA126,from top,marble,Jurassic,continuous carbonate,barren,limited or no use,bare / sparse vegetation,barren,,no,no,,stalagmite,unknown,,yes,yes,Vienna-PDB,unknown,,no,no,yes,no,no,no,no,no,,,,,no,,,,,no,,,,,no,,,,,no,,,,,no,,,no,,no,no,1,1,https://www.ncdc.noaa.gov/paleo/study/5436
281,132,SPA_49,current,,132-SPA49,from top,marble,Jurassic,continuous carbonate,barren,limited or no use,bare / sparse vegetation,barren,,no,no,,stalagmite,unknown,,yes,yes,Vienna-PDB,unknown,,no,no,yes,no,no,no,no,no,,,,,no,,,,,no,,,,,no,,,,,no,,,,,no,,,no,,no,no,1,1,https://www.ncdc.noaa.gov/paleo/study/5436
282,133,RL4_2006,superseded,381,133-RL4,from top,dolomite,Triassic,continuous carbonate,unknown,unknown,"closed forest, deciduous broad leaf",unknown,42.0,no,no,100.0,flowstone,unknown,,yes,yes,Vienna-PDB,unknown,,yes,unknown,unknown,no,unknown,unknown,unknown,no,,,,,no,,,,,no,,,,,no,,,,,no,,,,,no,,,no,,no,no,1,1,
283,133,RL4_2016,superseded,381,133-RL4,from top,dolomite,Triassic,continuous carbonate,unknown,unknown,"closed forest, deciduous broad leaf",unknown,42.0,no,no,100.0,flowstone,unknown,,yes,yes,Vienna-PDB,unknown,,yes,unknown,unknown,no,unknown,unknown,unknown,no,,,,,no,,,,,no,,,,,no,,,,,no,,,,,no,,,no,,no,no,1,1,
284,134,COB-01-02,current,,134-COB0102,from top,unknown,unknown,,unknown,unknown,shrubs,unknown,,no,no,,stalagmite,unknown,,no,yes,PDB,unknown,,no,no,yes,no,no,no,no,no,,,,,no,,,,,no,,,,,no,,,,,no,,,,,no,,,no,,no,no,1,1,
285,116,BA03_highres,current partially modified,238,116-BA03,from top,limestone,Miocene,continuous carbonate,evergreen,forest,"closed forest, evergreen broad leaf",thin,,yes,yes,,stalagmite,unknown,,no,yes,Vienna-PDB,unknown,,no,no,no,no,no,no,no,no,,,,,no,,,,,no,,,,,no,,,,,no,,,,,no,,,no,,no,no,1,1,https://www.ncdc.noaa.gov/paleo/study/19885
286,136,JX-6,current,,136-JX6,from top,limestone,Cretaceous,discontinuous carbonate,unknown,unknown,"open forest, other",unknown,160.0,no,no,800.0,stalagmite,seasonal drip,,no,yes,Vienna-PDB,unknown,,no,no,yes,no,no,no,no,no,,,,,no,,,,,no,,,,,no,,,,,no,,,,,no,,,no,,no,no,1,1,https://www.ncdc.noaa.gov/paleo/study/12972 
287,136,JX-2,current,,136-JX2,from top,limestone,Cretaceous,discontinuous carbonate,unknown,unknown,"open forest, other",unknown,150.0,no,no,750.0,stalagmite,seasonal drip,,yes,yes,Vienna-PDB,unknown,,no,no,yes,no,no,no,no,no,,,,,no,,,,,no,,,,,no,,,,,no,,,,,no,,,no,,no,no,1,1,https://www.ncdc.noaa.gov/paleo/study/14350
288,136,JX-10,current,,136-JX10,from top,limestone,Cretaceous,discontinuous carbonate,unknown,unknown,"open forest, other",unknown,150.0,no,no,750.0,stalagmite,seasonal drip,,no,yes,Vienna-PDB,unknown,,no,no,yes,no,no,no,no,no,,,,,no,,,,,no,,,,,no,,,,,no,,,,,no,,,no,,no,no,1,1,https://www.ncdc.noaa.gov/paleo/study/14350
289,136,JX-7,current,,136-JX7,from top,limestone,Cretaceous,discontinuous carbonate,unknown,unknown,"open forest, other",unknown,160.0,no,no,800.0,stalagmite,seasonal drip,,no,yes,Vienna-PDB,unknown,,no,no,yes,no,no,no,no,no,,,,,no,,,,,no,,,,,no,,,,,no,,,,,no,,,no,,no,no,1,1,https://www.ncdc.noaa.gov/paleo/study/21019 
290,137,KC-1,current,,137-KC1,from top,limestone,Devonian,continuous carbonate,deciduous,forest,"closed forest, deciduous broad leaf",thick,150.0,no,no,,stalagmite,unknown,2.0,yes,yes,Vienna-PDB,yes,3.18,no,yes,yes,no,no,no,no,yes,unknown,standard stock solutions of known concentrations,No-not applicable,,yes,solution OES-MS,standard stock solutions of known concentrations,No-not applicable,,no,,,,,no,,,,,no,,,,,no,,,no,no,no,no,1,1,https://www.ncei.noaa.gov/access/paleo-search/study/21610
291,137,KC-3,current,,137-KC3,from top,limestone,Devonian,continuous carbonate,deciduous,forest,"closed forest, deciduous broad leaf",thick,125.0,,,,stalagmite,unknown,,yes,yes,Vienna-PDB,yes,,no,no,no,no,no,no,no,no,,,,,no,,,,,no,,,,,no,,,,,no,,,,,no,,,no,,no,no,1,1,https://www.ncdc.noaa.gov/paleo/study/21610
292,137,KC-Composite,current,,137-KC-COMP,from top,limestone,Devonian,continuous carbonate,deciduous,forest,"closed forest, deciduous broad leaf",thick,125.0,,,,composite,not applicable,,no,yes,Vienna-PDB,yes,,no,no,no,no,no,no,no,no,,,,,no,,,,,no,,,,,no,,,,,no,,,,,no,,,no,,no,no,1,1,https://www.ncdc.noaa.gov/paleo/study/21610
293,138,M1-5,current,,138-M15,from top,limestone,unknown,,unknown,unknown,shrubs,unknown,,no,no,1000.0,stalagmite,unknown,,yes,yes,Vienna-PDB,unknown,,no,no,no,no,no,no,no,no,,,,,no,,,,,no,,,,,no,,,,,no,,,,,no,,,no,,no,no,1,1,
294,139,OCNM02-1,current,,139-OCNM021,from top,marble,Triassic,discontinuous carbonate,unknown,unknown,"closed forest, evergreen needle leaf",unknown,60.0,no,no,,stalagmite,unknown,,yes,yes,Vienna-PDB,yes,,no,no,yes,no,no,no,no,no,,,,,no,,,,,no,,,,,no,,,,,no,,,,,no,,,no,,no,no,1,1,https://www.ncdc.noaa.gov/paleo/study/13543 
295,140,SB-10_2009,current,,140-SB10,from top,limestone,Pleistocene,continuous carbonate,unknown,unknown,"closed forest, evergreen broad leaf",unknown,150.0,,,1000.0,stalagmite,unknown,,no,yes,Vienna-PDB,yes,,no,no,no,no,no,no,no,no,,,,,no,,,,,no,,,,,no,,,,,no,,,,,no,,,no,,no,no,1,1,https://www.ncdc.noaa.gov/paleo/study/10445
296,140,SB-26_2009,current,,140-SB26,from top,limestone,Pleistocene,continuous carbonate,unknown,unknown,"closed forest, evergreen broad leaf",unknown,150.0,,,1000.0,stalagmite,unknown,,no,yes,Vienna-PDB,yes,,no,no,no,no,no,no,no,no,,,,,no,,,,,no,,,,,no,,,,,no,,,,,no,,,no,,no,no,1,1,https://www.ncdc.noaa.gov/paleo/study/10446
297,140,SB-27,current,,140-SB27,from top,limestone,Pleistocene,continuous carbonate,unknown,unknown,"closed forest, evergreen broad leaf",unknown,150.0,,,1000.0,stalagmite,unknown,,no,yes,Vienna-PDB,yes,,no,no,no,no,no,no,no,no,,,,,no,,,,,no,,,,,no,,,,,no,,,,,no,,,no,,no,no,1,1,https://www.ncdc.noaa.gov/paleo/study/10447
298,140,SB-43,current,,140-SB43,from top,limestone,Pleistocene,continuous carbonate,unknown,unknown,"closed forest, evergreen broad leaf",unknown,150.0,,,1000.0,stalagmite,unknown,,no,yes,Vienna-PDB,yes,,no,no,no,no,no,no,no,no,,,,,no,,,,,no,,,,,no,,,,,no,,,,,no,,,no,,no,no,1,1,https://www.ncdc.noaa.gov/paleo/study/10448
299,140,SB-44,current,,140-SB44,from top,limestone,Pleistocene,continuous carbonate,unknown,unknown,"closed forest, evergreen broad leaf",unknown,150.0,,,1000.0,stalagmite,unknown,,no,yes,Vienna-PDB,yes,,no,no,no,no,no,no,no,no,,,,,no,,,,,no,,,,,no,,,,,no,,,,,no,,,no,,no,no,1,1,https://www.ncdc.noaa.gov/paleo/study/10449
300,140,SB-49,current,,140-SB49,from top,limestone,Pleistocene,continuous carbonate,unknown,unknown,"closed forest, evergreen broad leaf",unknown,150.0,,,1000.0,stalagmite,unknown,,no,yes,Vienna-PDB,yes,,no,no,no,no,no,no,no,no,,,,,no,,,,,no,,,,,no,,,,,no,,,,,no,,,no,,no,no,1,1,https://www.ncdc.noaa.gov/paleo/study/10450
301,140,SB-12,current,,140-SB12,from top,limestone,Pleistocene,continuous carbonate,unknown,unknown,"closed forest, evergreen broad leaf",unknown,,,,1500.0,stalagmite,unknown,,no,yes,Vienna-PDB,unknown,,no,no,yes,no,unknown,no,no,no,,,,,no,,,,,no,,,,,no,,,,,no,,,,,no,,,no,,no,no,1,1,https://www.ncdc.noaa.gov/paleo/study/20450
302,140,SB-14,current,,140-SB14,from top,limestone,Pleistocene,continuous carbonate,unknown,unknown,"closed forest, evergreen broad leaf",unknown,,,,1500.0,stalagmite,unknown,,no,yes,Vienna-PDB,unknown,,no,no,yes,no,unknown,no,no,no,,,,,no,,,,,no,,,,,no,,,,,no,,,,,no,,,no,,no,no,1,1,https://www.ncdc.noaa.gov/paleo/study/20450
303,140,SB-32,current,,140-SB32,from top,limestone,Pleistocene,continuous carbonate,unknown,unknown,"closed forest, evergreen broad leaf",unknown,,,,1500.0,stalagmite,unknown,,no,yes,Vienna-PDB,unknown,,no,no,yes,no,unknown,no,no,no,,,,,no,,,,,no,,,,,no,,,,,no,,,,,no,,,no,,no,no,1,1,https://www.ncdc.noaa.gov/paleo/study/20450
304,140,SB-58,current,,140-SB58,from top,limestone,Pleistocene,continuous carbonate,unknown,unknown,"closed forest, evergreen broad leaf",unknown,,,,1500.0,stalagmite,unknown,,no,yes,Vienna-PDB,unknown,,no,no,yes,no,unknown,no,no,no,,,,,no,,,,,no,,,,,no,,,,,no,,,,,no,,,no,,no,no,1,1,https://www.ncdc.noaa.gov/paleo/study/20450
305,141,SO-1,current,,141-SO1,from top,limestone,Cretaceous,,deciduous,forest,"closed forest, deciduous broad leaf",thin,,no,yes,,stalagmite,unknown,40.0,yes,yes,Vienna-PDB,unknown,,unknown,unknown,unknown,unknown,unknown,unknown,unknown,no,,,,,no,,,,,no,,,,,no,,,,,no,,,,,no,,,yes,,no,yes,1,1,https://www.ncdc.noaa.gov/paleo/study/8637
306,142,TM-2,current,,142-TM2,from top,unknown,unknown,,barren,limited or no use,bare / sparse vegetation,barren,,no,no,150.0,stalagmite,unknown,,no,yes,Vienna-PDB,yes,,no,no,no,no,no,no,no,no,,,,,no,,,,,no,,,,,no,,,,,no,,,,,no,,,no,,no,no,1,1,https://www.ncdc.noaa.gov/paleo/study/9737
307,142,TM-5,current,,142-TM5,from top,unknown,unknown,,barren,limited or no use,bare / sparse vegetation,barren,,no,no,150.0,stalagmite,unknown,,no,yes,Vienna-PDB,yes,,no,no,no,no,no,no,no,no,,,,,no,,,,,no,,,,,no,,,,,no,,,,,no,,,no,,no,no,1,1,https://www.ncdc.noaa.gov/paleo/study/9737
308,142,TM-18a,current,,142-TM18A,from top,unknown,unknown,,barren,limited or no use,bare / sparse vegetation,barren,,no,no,200.0,stalagmite,unknown,,no,yes,Vienna-PDB,yes,,no,no,no,no,no,no,no,no,,,,,no,,,,,no,,,,,no,,,,,no,,,,,no,,,no,,no,no,1,1,https://www.ncdc.noaa.gov/paleo/study/13625
309,142,TM-18b,current,,142-TM18B,from top,unknown,unknown,,barren,limited or no use,bare / sparse vegetation,barren,,no,no,200.0,stalagmite,unknown,,no,yes,Vienna-PDB,yes,,no,no,no,no,no,no,no,no,,,,,no,,,,,no,,,,,no,,,,,no,,,,,no,,,no,,no,no,1,1,https://www.ncdc.noaa.gov/paleo/study/13625
310,143,ESP03,current,,143-ESP03,from top,unknown,unknown,,evergreen,forest,"closed forest, deciduous broad leaf",thin,5.0,yes,unknown,50.0,stalagmite,unknown,,yes,yes,Vienna-PDB,unknown,,unknown,unknown,yes,unknown,unknown,no,unknown,no,,,,,no,,,,,no,,,,,no,,,,,no,,,,,no,,,no,,no,no,1,1,
311,144,BTV21a,current,,144-BTV21A,from top,limestone,Precambrian,continuous carbonate,evergreen,forest,"closed forest, evergreen broad leaf",thick,,no,no,300.0,stalagmite,unknown,,yes,yes,Vienna-PDB,yes,,no,yes,no,no,no,no,no,yes,LA-ICP-MS,NIST SRM 612,Yes-author downsampled,running average/mean,yes,LA-ICP-MS,NIST SRM 612,Yes-author downsampled,running average/mean,yes,LA-ICP-MS,NIST SRM 612,Yes-author downsampled,running average/mean,no,,,,,no,,,,,no,,,yes,no,no,no,1,1,https://www.ncei.noaa.gov/access/paleo-search/study/21060
312,144,BT-2,current partially modified,694,144-BT2,from top,limestone,Precambrian,continuous carbonate,evergreen,forest,"closed forest, evergreen broad leaf",thick,,unknown,unknown,,stalagmite,unknown,,yes,yes,Vienna-PDB,no,,no,yes,no,no,no,no,no,no,,,,,no,,,,,no,,,,,no,,,,,no,,,,,no,,,no,,no,no,1,1,
313,145,CC-1_2004,superseded,665,145-CC1,from top,dolomite limestone,mixed (see notes),continuous carbonate,sparse,unknown,urban / built up,thin,400.0,yes,yes,500.0,stalagmite,unknown,10.0,yes,yes,Vienna-PDB,unknown,,unknown,unknown,yes,unknown,unknown,unknown,unknown,no,,,,,no,,,,,no,,,,,no,,,,,no,,,,,no,,,no,,yes,no,1,1,
314,145,CC-5_2005,superseded,666,145-CC5,from top,dolomite limestone,mixed (see notes),continuous carbonate,sparse,unknown,urban / built up,thin,400.0,yes,yes,500.0,stalagmite,unknown,10.0,yes,yes,Vienna-PDB,unknown,,unknown,unknown,yes,unknown,unknown,unknown,unknown,no,,,,,no,,,,,no,,,,,no,,,,,no,,,,,no,,,no,,yes,no,1,1,
315,145,CC-28_2007,superseded,668,145-CC28,from top,dolomite limestone,mixed (see notes),continuous carbonate,sparse,unknown,urban / built up,thin,400.0,yes,yes,500.0,stalagmite,unknown,10.0,yes,yes,Vienna-PDB,unknown,,unknown,unknown,yes,unknown,unknown,unknown,unknown,no,,,,,no,,,,,no,,,,,no,,,,,no,,,,,no,,,no,,yes,no,1,1,
316,145,CC-1_2009,superseded,665,145-CC1,from top,dolomite limestone,mixed (see notes),continuous carbonate,sparse,unknown,urban / built up,thin,400.0,yes,yes,500.0,stalagmite,unknown,10.0,yes,yes,Vienna-PDB,unknown,,unknown,unknown,yes,unknown,unknown,unknown,unknown,no,,,,,no,,,,,no,,,,,no,,,,,no,,,,,no,,,no,,yes,no,1,1,
317,145,CC-5_2009,superseded,666,145-CC5,from top,dolomite limestone,mixed (see notes),continuous carbonate,sparse,unknown,urban / built up,thin,400.0,yes,yes,500.0,stalagmite,unknown,10.0,yes,yes,Vienna-PDB,unknown,,unknown,unknown,yes,unknown,unknown,unknown,unknown,no,,,,,no,,,,,no,,,,,no,,,,,no,,,,,no,,,no,,yes,no,1,1,
318,145,CC-7_2009,superseded,667,145-CC7,from top,dolomite limestone,mixed (see notes),continuous carbonate,sparse,unknown,urban / built up,thin,400.0,yes,yes,500.0,stalagmite,unknown,10.0,yes,yes,Vienna-PDB,unknown,,unknown,unknown,yes,unknown,unknown,unknown,unknown,no,,,,,no,,,,,no,,,,,no,,,,,no,,,,,no,,,no,,yes,no,1,1,
319,146,SSC01,current,,146-SSC01,from top,limestone,Miocene,,evergreen,forest,"closed forest, evergreen broad leaf",thin,,yes,unknown,250.0,stalagmite,unknown,,no,yes,Vienna-PDB,no,,no,no,no,no,no,no,no,no,,,,,no,,,,,no,,,,,no,,,,,no,,,,,no,,,no,,no,no,1,1,ftp://ftp.ncdc.noaa.gov/pub/data/paleo/syntrace/speleothem/cave-gunungbuda-ssc01.txt
320,146,SCH02,current,,146-SCH02,from top,limestone,Miocene,,evergreen,forest,"closed forest, evergreen broad leaf",thin,,yes,unknown,250.0,stalagmite,unknown,,no,yes,Vienna-PDB,no,,no,no,no,no,no,no,no,no,,,,,no,,,,,no,,,,,no,,,,,no,,,,,no,,,no,,no,no,1,1,ftp://ftp.ncdc.noaa.gov/pub/data/paleo/syntrace/speleothem/cave-gunungbuda-sch02.txt
321,147,FS2_2012,current partially modified,322,147-FS2,from top,unknown,unknown,mixed carbonate and evaporite,unknown,unknown,"open forest, other",unknown,,no,no,,stalagmite,unknown,,yes,yes,Vienna-PDB,unknown,,unknown,unknown,unknown,unknown,unknown,unknown,unknown,no,,,,,no,,,,,no,,,,,no,,,,,no,,,,,no,,,no,,no,no,1,1,https://www.ncdc.noaa.gov/paleo/study/14748
322,147,FS2_2010,current,,147-FS2,from top,unknown,unknown,mixed carbonate and evaporite,unknown,unknown,"open forest, other",unknown,,no,no,,stalagmite,unknown,,no,yes,Vienna-PDB,unknown,,unknown,unknown,unknown,unknown,unknown,unknown,unknown,no,,,,,no,,,,,no,,,,,no,,,,,no,,,,,no,,,no,,no,no,1,1,https://www.ncdc.noaa.gov/paleo/study/9643
323,148,Buffalo Cave Flowstone,current,,148-BUFFALOCAVEFLOWSTONE,from top,dolomite,Precambrian,continuous carbonate,unknown,unknown,"open forest, other",unknown,10.0,no,no,,flowstone,unknown,,yes,yes,PDB,unknown,,yes,no,yes,no,no,no,yes,no,,,,,no,,,,,no,,,,,no,,,,,no,,,,,no,,,no,,no,no,1,1,
324,39,D8,current,,39-D8,from top,limestone,Pleistocene,continuous carbonate,unknown,unknown,"closed forest, evergreen broad leaf",unknown,,unknown,unknown,,stalagmite,unknown,,no,yes,Vienna-PDB,unknown,,no,no,no,no,no,no,no,no,,,,,no,,,,,no,,,,,no,,,,,no,,,,,no,,,no,,no,no,1,1,
325,150,ED1,current,,150-ED1,from top,marble,unknown,continuous carbonate,deciduous,forest,"closed forest, evergreen broad leaf",unknown,200.0,no,no,500.0,flowstone,unknown,,yes,yes,PDB,unknown,,no,no,no,no,no,no,no,no,,,,,no,,,,,no,,,,,no,,,,,no,,,,,no,,,no,,no,no,1,1,
326,151,GT05-5,current,,151-GT055,from top,marble,Ordovician,,unknown,forest,"closed forest, evergreen broad leaf",unknown,,no,no,,unknown,unknown,,yes,yes,Vienna-PDB,unknown,,unknown,unknown,unknown,unknown,unknown,unknown,unknown,no,,,,,no,,,,,no,,,,,no,,,,,no,,,,,no,,,no,,no,no,1,1,
327,152,H5,current,,152-H5,from top,limestone,Cretaceous,continuous carbonate,barren,limited or no use,bare / sparse vegetation,thin,50.0,no,no,1000.0,stalagmite,seasonal drip,,yes,yes,Vienna-PDB,unknown,,no,no,no,no,no,no,no,no,,,,,no,,,,,no,,,,,no,,,,,no,,,,,no,,,no,,no,no,1,1,https://www.ncdc.noaa.gov/paleo/study/9640
328,153,JHU-1,current,,153-JHU1,from top,unknown,unknown,,unknown,unknown,"open forest, deciduous broad leaf",unknown,,no,no,300.0,stalagmite,unknown,,yes,yes,Vienna-PDB,yes,,no,no,no,no,no,no,no,no,,,,,no,,,,,no,,,,,no,,,,,no,,,,,no,,,no,,no,no,1,1,https://www.ncdc.noaa.gov/paleo/study/11937
329,154,C996-1,current,,154-C9961,from top,limestone,Ordovician,continuous carbonate,unknown,unknown,"closed forest, evergreen broad leaf",unknown,,no,no,,stalagmite,unknown,,no,yes,Vienna-PDB,yes,,no,no,no,no,no,no,no,no,,,,,no,,,,,no,,,,,no,,,,,no,,,,,no,,,no,,no,no,1,1,https://www.ncdc.noaa.gov/paleo/study/9742
330,154,C996-2,current,,154-C9962,from top,limestone,Ordovician,continuous carbonate,unknown,unknown,"closed forest, evergreen broad leaf",unknown,,no,no,,stalagmite,unknown,,no,yes,Vienna-PDB,yes,,no,no,no,no,no,no,no,no,,,,,no,,,,,no,,,,,no,,,,,no,,,,,no,,,no,,no,no,1,1,https://www.ncdc.noaa.gov/paleo/study/9742
331,155,KNI-51-0,current,,155-KNI510,from base,limestone,Devonian,continuous carbonate,other (see notes),unknown,"open forest, deciduous broad leaf",patchy,15.0,unknown,unknown,600.0,stalagmite,unknown,,no,yes,Vienna-PDB,unknown,,no,no,no,no,no,no,no,no,,,,,no,,,,,no,,,,,no,,,,,no,,,,,no,,,no,,no,no,1,1,https://www.ncdc.noaa.gov/paleo/study/20530 
332,155,KNI-51-3,current,,155-KNI513,from base,limestone,Devonian,continuous carbonate,other (see notes),unknown,"open forest, deciduous broad leaf",patchy,15.0,unknown,unknown,500.0,stalagmite,unknown,,no,yes,Vienna-PDB,unknown,,no,no,no,no,no,no,no,no,,,,,no,,,,,no,,,,,no,,,,,no,,,,,no,,,no,,no,no,1,1,https://www.ncdc.noaa.gov/paleo/study/20530 
333,155,KNI-51-4,current,,155-KNI514,from base,limestone,Devonian,continuous carbonate,other (see notes),unknown,"open forest, deciduous broad leaf",patchy,15.0,unknown,unknown,600.0,stalagmite,unknown,,no,yes,Vienna-PDB,unknown,,no,no,no,no,no,no,no,no,,,,,no,,,,,no,,,,,no,,,,,no,,,,,no,,,no,,no,no,1,1,https://www.ncdc.noaa.gov/paleo/study/20530 
334,155,KNI-51-7,current,,155-KNI517,from base,limestone,Devonian,continuous carbonate,other (see notes),unknown,"open forest, deciduous broad leaf",patchy,15.0,unknown,unknown,500.0,stalagmite,unknown,,no,yes,Vienna-PDB,unknown,,no,no,no,no,no,no,no,no,,,,,no,,,,,no,,,,,no,,,,,no,,,,,no,,,no,,no,no,1,1,https://www.ncdc.noaa.gov/paleo/study/20530 
335,155,KNI-51-10,current,,155-KNI5110,from base,limestone,Devonian,continuous carbonate,other (see notes),unknown,"open forest, deciduous broad leaf",patchy,15.0,unknown,unknown,500.0,stalagmite,unknown,,no,yes,Vienna-PDB,unknown,,no,no,no,no,no,no,no,no,,,,,no,,,,,no,,,,,no,,,,,no,,,,,no,,,no,,no,no,1,1,https://www.ncdc.noaa.gov/paleo/study/20530 
336,155,KNI-51-11,current,,155-KNI5111,from base,limestone,Devonian,continuous carbonate,other (see notes),unknown,"open forest, deciduous broad leaf",patchy,15.0,unknown,unknown,500.0,stalagmite,unknown,,no,yes,Vienna-PDB,unknown,,no,no,no,no,no,no,no,no,,,,,no,,,,,no,,,,,no,,,,,no,,,,,no,,,no,,no,no,1,1,https://www.ncdc.noaa.gov/paleo/study/20530 
337,155,KNI-51-A2-side1,current,,155-KNI51A2SIDE1,from base,limestone,Devonian,continuous carbonate,other (see notes),unknown,"open forest, deciduous broad leaf",patchy,15.0,unknown,unknown,500.0,stalagmite,unknown,,no,yes,Vienna-PDB,unknown,,no,no,no,no,no,no,no,no,,,,,no,,,,,no,,,,,no,,,,,no,,,,,no,,,no,,no,no,1,1,https://www.ncdc.noaa.gov/paleo/study/20530 
338,155,KNI-51-A2-side2,current,,155-KNI51A2SIDE2,from base,limestone,Devonian,continuous carbonate,other (see notes),unknown,"open forest, deciduous broad leaf",patchy,15.0,unknown,unknown,500.0,stalagmite,unknown,,no,yes,Vienna-PDB,unknown,,no,no,no,no,no,no,no,no,,,,,no,,,,,no,,,,,no,,,,,no,,,,,no,,,no,,no,no,1,1,https://www.ncdc.noaa.gov/paleo/study/20530 
339,155,KNI-51-C,current,,155-KNI51C,from base,limestone,Devonian,continuous carbonate,other (see notes),unknown,"open forest, deciduous broad leaf",patchy,15.0,unknown,unknown,500.0,stalagmite,unknown,,no,yes,Vienna-PDB,unknown,,no,no,no,no,no,no,no,no,,,,,no,,,,,no,,,,,no,,,,,no,,,,,no,,,no,,no,no,1,1,https://www.ncdc.noaa.gov/paleo/study/20530 
340,155,KNI-51-F,current,,155-KNI51F,from base,limestone,Devonian,continuous carbonate,other (see notes),unknown,"open forest, deciduous broad leaf",patchy,15.0,unknown,unknown,500.0,stalagmite,unknown,,no,yes,Vienna-PDB,unknown,,no,no,no,no,no,no,no,no,,,,,no,,,,,no,,,,,no,,,,,no,,,,,no,,,no,,no,no,1,1,https://www.ncdc.noaa.gov/paleo/study/20530 
341,155,KNI-51-G,current,,155-KNI51G,from base,limestone,Devonian,continuous carbonate,other (see notes),unknown,"open forest, deciduous broad leaf",patchy,15.0,unknown,unknown,500.0,stalagmite,unknown,,no,yes,Vienna-PDB,unknown,,no,no,no,no,no,no,no,no,,,,,no,,,,,no,,,,,no,,,,,no,,,,,no,,,no,,no,no,1,1,https://www.ncdc.noaa.gov/paleo/study/20530 
342,155,KNI-51-H,current,,155-KNI51H,from base,limestone,Devonian,continuous carbonate,other (see notes),unknown,"open forest, deciduous broad leaf",patchy,15.0,unknown,unknown,500.0,stalagmite,unknown,,no,yes,Vienna-PDB,unknown,,no,no,no,no,no,no,no,no,,,,,no,,,,,no,,,,,no,,,,,no,,,,,no,,,no,,no,no,1,1,https://www.ncdc.noaa.gov/paleo/study/20530 
343,155,KNI-51-I,current,,155-KNI51I,from base,limestone,Devonian,continuous carbonate,other (see notes),unknown,"open forest, deciduous broad leaf",patchy,15.0,unknown,unknown,500.0,stalagmite,unknown,,no,yes,Vienna-PDB,unknown,,no,no,no,no,no,no,no,no,,,,,no,,,,,no,,,,,no,,,,,no,,,,,no,,,no,,no,no,1,1,https://www.ncdc.noaa.gov/paleo/study/20530 
344,155,KNI-51-J,current,,155-KNI51J,from base,limestone,Devonian,continuous carbonate,other (see notes),unknown,"open forest, deciduous broad leaf",patchy,15.0,unknown,unknown,500.0,stalagmite,unknown,,no,yes,Vienna-PDB,unknown,,no,no,no,no,no,no,no,no,,,,,no,,,,,no,,,,,no,,,,,no,,,,,no,,,no,,no,no,1,1,https://www.ncdc.noaa.gov/paleo/study/20530 
345,155,KNI-51-N,current,,155-KNI51N,from base,limestone,Devonian,continuous carbonate,other (see notes),unknown,"open forest, deciduous broad leaf",patchy,15.0,unknown,unknown,500.0,stalagmite,unknown,,no,yes,Vienna-PDB,unknown,,no,no,no,no,no,no,no,no,,,,,no,,,,,no,,,,,no,,,,,no,,,,,no,,,no,,no,no,1,1,https://www.ncdc.noaa.gov/paleo/study/20530 
346,155,KNI-51-O,current,,155-KNI51O,from base,limestone,Devonian,continuous carbonate,other (see notes),unknown,"open forest, deciduous broad leaf",patchy,15.0,unknown,unknown,500.0,stalagmite,unknown,,no,yes,Vienna-PDB,unknown,,no,no,no,no,no,no,no,no,,,,,no,,,,,no,,,,,no,,,,,no,,,,,no,,,no,,no,no,1,1,https://www.ncdc.noaa.gov/paleo/study/20530 
347,156,S1,current,,156-S1,from top,limestone,Palaeocene,,shrubland,forest,"open forest, other",thin,40.0,unknown,unknown,30.0,stalagmite,unknown,,yes,yes,Vienna-PDB,no,,no,no,yes,no,no,no,no,no,,,,,no,,,,,no,,,,,no,,,,,no,,,,,no,,,no,,no,no,1,1,
348,157,Mun-stm2,current,,157-MUNSTM2,from top,unknown,unknown,discontinuous carbonate,unknown,unknown,herbaceous vegetation,unknown,,no,no,,stalagmite,unknown,,yes,yes,PDB,unknown,,no,no,yes,no,no,yes,no,no,,,,,no,,,,,no,,,,,no,,,,,no,,,,,no,,,no,,no,no,1,1,
349,157,Mun-stm1,current,,157-MUNSTM1,from top,unknown,unknown,discontinuous carbonate,unknown,unknown,herbaceous vegetation,unknown,,no,no,,stalagmite,unknown,,yes,yes,PDB,unknown,,no,no,no,no,no,yes,no,no,,,,,no,,,,,no,,,,,no,,,,,no,,,,,no,,,no,,no,no,1,1,
350,158,MD3,current,,158-MD3,from top,marble,Ordovician,continuous carbonate,deciduous,forest,herbaceous vegetation,unknown,,no,no,,flowstone,unknown,,yes,yes,PDB,unknown,,unknown,unknown,unknown,unknown,unknown,unknown,unknown,no,,,,,no,,,,,no,,,,,no,,,,,no,,,,,no,,,no,,no,no,1,1,
351,159,Q5,current,,159-Q5,from top,unknown,unknown,discontinuous carbonate,unknown,unknown,herbaceous vegetation,unknown,,no,no,,stalagmite,unknown,,no,yes,Vienna-PDB,yes,,no,no,no,no,no,no,no,no,,,,,no,,,,,no,,,,,no,,,,,no,,,,,no,,,no,,no,no,1,1,ftp://ftp.ncdc.noaa.gov/pub/data/paleo/syntrace/speleothem/cave-qunf-q5.txt
352,160,2-6-HR,current,,160-26HR,from top,dolomite,Cretaceous,continuous carbonate,evergreen,forest,shrubs,thin,20.0,yes,yes,35.0,stalagmite,mixed,,no,yes,Vienna-PDB,unknown,,unknown,yes,yes,yes,no,no,unknown,no,,,,,no,,,,,no,,,,,no,,,,,no,,,,,no,,,no,,no,no,1,1,
353,160,2N-HR,current,,160-2NHR,from top,dolomite,Cretaceous,continuous carbonate,evergreen,forest,shrubs,thin,20.0,yes,yes,35.0,stalagmite,mixed,,no,yes,Vienna-PDB,unknown,,unknown,unknown,yes,unknown,no,unknown,unknown,no,,,,,no,,,,,no,,,,,no,,,,,no,,,,,no,,,no,,no,no,1,1,
354,160,Soreq-composite,current partially modified,690,160-SOREQ-COMP,from top,dolomite,Cretaceous,continuous carbonate,evergreen,forest,shrubs,thin,,yes,yes,,composite,not applicable,,yes,yes,Vienna-PDB,unknown,,unknown,unknown,unknown,unknown,unknown,unknown,unknown,no,,,,,no,,,,,no,,,,,no,,,,,no,,,,,no,,,no,,no,no,1,1,
355,161,Aurora 3,current,,161-AURORA3,from top,limestone,Oligocene,continuous carbonate,unknown,unknown,"closed forest, evergreen broad leaf",unknown,,no,no,,unknown,unknown,,yes,yes,Vienna-PDB,yes,,unknown,unknown,unknown,unknown,unknown,unknown,unknown,no,,,,,no,,,,,no,,,,,no,,,,,no,,,,,no,,,no,,no,no,1,1,
356,162,Calcite,current,,162-CALCITE,from top,limestone,Oligocene,continuous carbonate,unknown,unknown,herbaceous vegetation,unknown,,no,no,,unknown,unknown,,yes,yes,Vienna-PDB,yes,,unknown,unknown,unknown,unknown,unknown,unknown,unknown,no,,,,,no,,,,,no,,,,,no,,,,,no,,,,,no,,,no,,no,no,1,1,
357,163,GG1,current,,163-GG1,from top,unknown,unknown,discontinuous carbonate,evergreen,forest,herbaceous vegetation,unknown,,no,no,,stalagmite,unknown,,yes,yes,Vienna-PDB,yes,,unknown,unknown,unknown,unknown,unknown,unknown,unknown,no,,,,,no,,,,,no,,,,,no,,,,,no,,,,,no,,,no,,no,no,1,1,
358,163,GG2,current,,163-GG2,from top,unknown,unknown,discontinuous carbonate,evergreen,forest,herbaceous vegetation,unknown,,no,no,,stalagmite,unknown,,yes,yes,Vienna-PDB,yes,,unknown,unknown,unknown,unknown,unknown,unknown,unknown,no,,,,,no,,,,,no,,,,,no,,,,,no,,,,,no,,,no,,no,no,1,1,
359,164,Maxs,current,,164-MAXS,from top,unknown,unknown,discontinuous carbonate,evergreen,forest,herbaceous vegetation,unknown,,no,no,,stalagmite,unknown,,yes,yes,Vienna-PDB,unknown,,unknown,unknown,unknown,unknown,unknown,unknown,unknown,no,,,,,no,,,,,no,,,,,no,,,,,no,,,,,no,,,no,,no,no,1,1,
360,165,RK-C,current,,165-RKC,from top,unknown,unknown,,sparse,other (see notes),,unknown,,no,no,,unknown,unknown,,yes,yes,Vienna-PDB,unknown,,unknown,unknown,unknown,unknown,unknown,unknown,unknown,no,,,,,no,,,,,no,,,,,no,,,,,no,,,,,no,,,no,,no,no,1,1,
361,166,TR-A,current,,166-TRA,from top,unknown,Pliocene,discontinuous carbonate,evergreen,forest,herbaceous vegetation,patchy,,no,no,,unknown,unknown,,yes,yes,Vienna-PDB,yes,,unknown,unknown,unknown,unknown,unknown,unknown,unknown,no,,,,,no,,,,,no,,,,,no,,,,,no,,,,,no,,,no,,no,no,1,1,
362,166,TR-B,current,,166-TRB,from top,unknown,Pliocene,discontinuous carbonate,evergreen,forest,herbaceous vegetation,patchy,,no,no,,unknown,unknown,,yes,yes,Vienna-PDB,yes,,unknown,unknown,unknown,unknown,unknown,unknown,unknown,no,,,,,no,,,,,no,,,,,no,,,,,no,,,,,no,,,no,,no,no,1,1,
363,167,Waiau,current,,167-WAIAU,from top,limestone,Miocene,continuous carbonate,unknown,unknown,cultivated and managed vegetation / agriculture,unknown,,no,no,,unknown,unknown,,yes,yes,Vienna-PDB,yes,,unknown,unknown,unknown,unknown,unknown,unknown,unknown,no,,,,,no,,,,,no,,,,,no,,,,,no,,,,,no,,,no,,no,no,1,1,
364,168,WP1,current,,168-WP1,from top,limestone,other (see notes),continuous carbonate,evergreen,forest,"closed forest, evergreen broad leaf",unknown,,no,no,,stalagmite,unknown,,yes,yes,Vienna-PDB,yes,,unknown,unknown,unknown,unknown,unknown,unknown,unknown,no,,,,,no,,,,,no,,,,,no,,,,,no,,,,,no,,,no,,no,no,1,1,
365,169,Doubtful Xanadu,current,,169-DOUBTFULXANADU,from top,marble,unknown,continuous carbonate,unknown,unknown,herbaceous vegetation,,,unknown,unknown,,unknown,unknown,,yes,yes,Vienna-PDB,unknown,,unknown,unknown,unknown,unknown,unknown,unknown,unknown,no,,,,,no,,,,,no,,,,,no,,,,,no,,,,,no,,,no,,no,no,1,1,
366,170,S3,current,,170-S3,from top,limestone,unknown,discontinuous carbonate,trees and shrubs,unknown,shrubs,thin,20.0,no,no,,stalagmite,unknown,,yes,yes,Vienna-PDB,unknown,,no,no,no,no,no,no,no,no,,,,,no,,,,,no,,,,,no,,,,,no,,,,,no,,,no,,no,no,1,1,
367,104,LR06-B3_2013,current partially modified,227,104-LR06B3,from top,limestone,Miocene,discontinuous carbonate,unknown,unknown,"open forest, evergreen broad leaf",unknown,40.0,,,800.0,stalagmite,unknown,,no,yes,Vienna-PDB,yes,,no,yes,yes,no,no,no,no,no,,,,,no,,,,,no,,,,,no,,,,,no,,,,,no,,,no,,no,no,1,1,https://www.ncdc.noaa.gov/paleo/study/16357
368,104,LR06-C2,current,,104-LR06C2,from top,limestone,Miocene,discontinuous carbonate,unknown,unknown,"open forest, evergreen broad leaf",unknown,40.0,,,900.0,stalagmite,unknown,,no,yes,Vienna-PDB,no,,no,no,no,no,no,no,no,no,,,,,no,,,,,no,,,,,no,,,,,no,,,,,no,,,no,,no,no,1,1,https://www.ncdc.noaa.gov/paleo/study/16357
369,104,LR06-C3_2013,current,,104-LR06C3,from top,limestone,Miocene,discontinuous carbonate,unknown,unknown,"open forest, evergreen broad leaf",unknown,40.0,,,900.0,stalagmite,unknown,,no,yes,Vienna-PDB,no,,no,no,no,no,no,no,no,no,,,,,no,,,,,no,,,,,no,,,,,no,,,,,no,,,no,,no,no,1,1,https://www.ncdc.noaa.gov/paleo/study/16357
370,104,LR06-C5,current,,104-LR06C5,from top,limestone,Miocene,discontinuous carbonate,unknown,unknown,"open forest, evergreen broad leaf",unknown,40.0,,,900.0,stalagmite,unknown,,no,yes,Vienna-PDB,no,,no,no,no,no,no,no,no,no,,,,,no,,,,,no,,,,,no,,,,,no,,,,,no,,,no,,no,no,1,1,https://www.ncdc.noaa.gov/paleo/study/16357
371,104,LR06-C6,current,,104-LR06C6,from top,limestone,Miocene,discontinuous carbonate,unknown,unknown,"open forest, evergreen broad leaf",unknown,40.0,,,900.0,stalagmite,unknown,,no,yes,Vienna-PDB,no,,no,no,no,no,no,no,no,no,,,,,no,,,,,no,,,,,no,,,,,no,,,,,no,,,no,,no,no,1,1,https://www.ncdc.noaa.gov/paleo/study/16357
372,104,LL_Comp_2013,current,,104-LL-COMP,from top,limestone,Miocene,discontinuous carbonate,unknown,unknown,"open forest, evergreen broad leaf",unknown,40.0,,,900.0,composite,not applicable,,no,yes,Vienna-PDB,no,,no,no,no,no,no,no,no,no,,,,,no,,,,,no,,,,,no,,,,,no,,,,,no,,,no,,no,no,1,1,https://www.ncdc.noaa.gov/paleo/study/16357
373,171,DH2,current,,171-DH2,from base,unknown,unknown,,unknown,unknown,bare / sparse vegetation,unknown,,no,no,,other (see notes),unknown,,yes,yes,Vienna-PDB,unknown,,no,no,unknown,no,no,no,no,no,,,,,no,,,,,no,,,,,no,,,,,no,,,,,no,,,no,,no,no,1,1,https://www.ncdc.noaa.gov/paleo/study/19745
374,171,DH2-D,current,,171-DH2D,from base,unknown,unknown,,unknown,unknown,bare / sparse vegetation,unknown,,no,no,,other (see notes),unknown,,yes,yes,Vienna-PDB,unknown,,no,no,unknown,no,no,no,no,no,,,,,no,,,,,no,,,,,no,,,,,no,,,,,no,,,no,,no,no,1,1,https://www.ncdc.noaa.gov/paleo/study/19745
375,171,DH2-E Terminal1,current,,171-DH2ETERMINAL1,from base,unknown,unknown,,unknown,unknown,bare / sparse vegetation,unknown,,no,no,,other (see notes),unknown,,yes,yes,Vienna-PDB,unknown,,no,no,unknown,no,no,no,no,no,,,,,no,,,,,no,,,,,no,,,,,no,,,,,no,,,no,,no,no,1,1,https://www.ncdc.noaa.gov/paleo/study/19745
376,171,DH2-E Terminal2,current,,171-DH2ETERMINAL2,from base,unknown,unknown,,unknown,unknown,bare / sparse vegetation,unknown,,no,no,,other (see notes),unknown,,yes,yes,Vienna-PDB,unknown,,no,no,unknown,no,no,no,no,no,,,,,no,,,,,no,,,,,no,,,,,no,,,,,no,,,no,,no,no,1,1,https://www.ncdc.noaa.gov/paleo/study/19745
377,172,W5,current,,172-W5,from top,dolomite,unknown,continuous carbonate,grassland,unknown,shrubs,unknown,100.0,no,no,375.0,stalagmite,unknown,,yes,yes,Vienna-PDB,unknown,,no,no,no,no,no,no,no,no,,,,,no,,,,,no,,,,,no,,,,,no,,,,,no,,,no,,no,no,1,1,
378,173,PDR-1,current,,173-PDR1,from top,limestone,Oligocene,,unknown,forest,shrubs,unknown,50.0,no,no,360.0,stalagmite,unknown,,yes,yes,PDB,yes,,no,no,no,no,no,no,no,no,,,,,no,,,,,no,,,,,no,,,,,no,,,,,no,,,no,,no,no,1,1,
379,174,ZLP1,current,,174-ZLP1,from top,limestone,Triassic,continuous carbonate,mixed (see notes),farmland,cultivated and managed vegetation / agriculture,patchy,35.0,no,no,20.0,stalagmite,unknown,,yes,yes,Vienna-PDB,unknown,,unknown,unknown,unknown,unknown,unknown,no,unknown,no,,,,,no,,,,,no,,,,,no,,,,,no,,,,,no,,,no,,no,no,1,1,
380,174,ZLP2,current,,174-ZLP2,from top,limestone,Triassic,continuous carbonate,mixed (see notes),farmland,cultivated and managed vegetation / agriculture,patchy,35.0,no,no,20.0,stalagmite,unknown,,yes,yes,Vienna-PDB,unknown,,unknown,unknown,unknown,unknown,unknown,no,unknown,no,,,,,no,,,,,no,,,,,no,,,,,no,,,,,no,,,no,,no,no,1,1,
381,133,RL4_2018,current,,133-RL4,from top,dolomite,Triassic,continuous carbonate,unknown,unknown,"closed forest, deciduous broad leaf",unknown,42.0,no,no,100.0,flowstone,unknown,,yes,yes,Vienna-PDB,unknown,,yes,unknown,unknown,no,unknown,unknown,unknown,no,,,,,no,,,,,no,,,,,no,,,,,no,,,,,no,,,no,,no,no,1,1,
382,71,NU2,current,,71-NU2,from top,limestone,Triassic,discontinuous carbonate,deciduous,forest,cultivated and managed vegetation / agriculture,patchy,150.0,yes,yes,1000.0,stalagmite,unknown,1.5,yes,yes,Vienna-PDB,unknown,,no,yes,yes,no,no,yes,no,no,,,,,no,,,,,no,,,,,no,,,,,no,,,,,no,,,no,,no,no,1,1,
383,176,QT9,current,,176-QT9,from top,limestone,Permian,continuous carbonate,unknown,unknown,"closed forest, evergreen broad leaf",unknown,80.0,no,no,50.0,stalagmite,seasonal drip,,no,yes,Vienna-PDB,yes,,no,no,no,no,no,no,no,no,,,,,no,,,,,no,,,,,no,,,,,no,,,,,no,,,no,,no,no,1,1,
384,176,QT24,current,,176-QT24,from top,limestone,Permian,continuous carbonate,unknown,unknown,"closed forest, evergreen broad leaf",unknown,80.0,no,no,50.0,stalagmite,seasonal drip,,no,yes,Vienna-PDB,yes,,no,no,no,no,no,no,no,no,,,,,no,,,,,no,,,,,no,,,,,no,,,,,no,,,no,,no,no,1,1,
385,176,QT40,current,,176-QT40,from top,limestone,Permian,continuous carbonate,unknown,unknown,"closed forest, evergreen broad leaf",unknown,80.0,no,no,50.0,stalagmite,seasonal drip,,no,yes,Vienna-PDB,yes,,no,no,no,no,no,no,no,no,,,,,no,,,,,no,,,,,no,,,,,no,,,,,no,,,no,,no,no,1,1,
386,176,QT41,current,,176-QT41,from top,limestone,Permian,continuous carbonate,unknown,unknown,"closed forest, evergreen broad leaf",unknown,80.0,no,no,50.0,stalagmite,seasonal drip,,no,yes,Vienna-PDB,yes,,no,no,no,no,no,no,no,no,,,,,no,,,,,no,,,,,no,,,,,no,,,,,no,,,no,,no,no,1,1,
387,176,QT25,current,,176-QT25,from top,limestone,Permian,continuous carbonate,unknown,unknown,"closed forest, evergreen broad leaf",unknown,80.0,no,no,50.0,stalagmite,seasonal drip,,no,yes,Vienna-PDB,yes,,no,no,no,no,no,no,no,no,,,,,no,,,,,no,,,,,no,,,,,no,,,,,no,,,no,,no,no,1,1,
388,177,CM_2013,current,,177-CM,from top,dolomite limestone,Jurassic,continuous carbonate,mixed (see notes),unknown,"open forest, other",thin,60.0,no,no,50.0,stalagmite,unknown,,yes,yes,Vienna-PDB,unknown,,no,no,no,no,no,no,no,no,,,,,no,,,,,no,,,,,no,,,,,no,,,,,no,,,no,,no,no,1,1,
389,178,Y1,current,,178-Y1,from top,unknown,unknown,continuous carbonate,unknown,unknown,"closed forest, evergreen broad leaf",unknown,,no,no,,stalagmite,unknown,,no,yes,Vienna-PDB,no,,no,no,no,no,no,no,no,no,,,,,no,,,,,no,,,,,no,,,,,no,,,,,no,,,no,,no,no,1,1,https://www.ncdc.noaa.gov/paleo/study/10443
390,179,C09-2,current,,179-C092,from top,limestone,Jurassic,continuous carbonate,deciduous,forest,"closed forest, deciduous broad leaf",thick,1.5,unknown,yes,350.0,stalagmite,seepage flow,,yes,yes,Vienna-PDB,yes,1.28,no,no,yes,no,no,yes,no,yes,unknown,NIST SRM 612,Yes-SISAL downsampled,Binned average,yes,LA-ICP-MS,NIST SRM 612,Yes-SISAL downsampled,Binned average,yes,LA-ICP-MS,NIST SRM 612,Yes-SISAL downsampled,Binned average,yes,solution ICP-MS,NIST SRM 612,Yes-SISAL downsampled,Binned average,no,,,,,no,,,yes,no,no,yes,1,1,10.1594/PANGAEA.909984
391,180,CH-1,current,,180-CH1,from top,limestone,Devonian,discontinuous carbonate,other (see notes),limited or no use,"open forest, deciduous broad leaf",patchy,,unknown,unknown,,stalagmite,unknown,,no,yes,Vienna-PDB,unknown,,no,no,no,no,no,no,no,no,,,,,no,,,,,no,,,,,no,,,,,no,,,,,no,,,no,,no,no,1,1,
392,181,10FC-02,current,,181-10FC02,from top,unknown,unknown,,unknown,unknown,"closed forest, evergreen broad leaf",unknown,,no,no,30.0,stalagmite,unknown,,yes,yes,Vienna-PDB,yes,,no,no,no,no,no,no,no,no,,,,,no,,,,,no,,,,,no,,,,,no,,,,,no,,,no,,no,no,1,1,https://www.ncdc.noaa.gov/paleo/study/16998
393,181,05FC-04,current,,181-05FC04,from top,unknown,unknown,,unknown,unknown,"closed forest, evergreen broad leaf",unknown,,no,no,30.0,stalagmite,unknown,,yes,yes,Vienna-PDB,yes,,no,no,no,no,no,no,no,no,,,,,no,,,,,no,,,,,no,,,,,no,,,,,no,,,no,,no,no,1,1,https://www.ncdc.noaa.gov/paleo/study/16998
394,182,NK,current,,182-NK,from top,limestone,Precambrian,,deciduous,forest,cultivated and managed vegetation / agriculture,thick,,no,no,,stalagmite,unknown,,yes,yes,Vienna-PDB,unknown,,no,no,no,no,no,no,no,yes,unknown,multi-element standards pre-calibrated by Merck etc.,No-aliquots of same powder used for stable isotope and trace element measurements,,yes,solution ICP-MS,multi-element standards pre-calibrated by Merck etc.,No-aliquots of same powder used for stable isotope and trace element measurements,,yes,solution ICP-MS,multi-element standards pre-calibrated by Merck etc.,No-aliquots of same powder used for stable isotope and trace element measurements,,yes,solution ICP-MS,multi-element standards pre-calibrated by Merck etc.,No-aliquots of same powder used for stable isotope and trace element measurements,,yes,solution ICP-MS,multi-element standards pre-calibrated by Merck etc.,No-aliquots of same powder used for stable isotope and trace element measurements,,no,,,yes,no,no,yes,1,1,
395,183,CP,current,,183-CP,from top,unknown,Jurassic,continuous carbonate,unknown,forest,"closed forest, evergreen broad leaf",thick,130.0,no,no,1500.0,stalagmite,unknown,,yes,yes,Vienna-PDB,unknown,,no,no,yes,no,no,no,no,no,,,,,no,,,,,no,,,,,no,,,,,no,,,,,no,,,no,,no,no,1,1,
396,184,CR-1,current,,184-CR1,from top,limestone,other (see notes),continuous carbonate,trees and grass,forest,shrubs,unknown,,no,no,,stalagmite,unknown,,no,yes,Vienna-PDB,unknown,,no,no,no,no,no,no,no,no,,,,,no,,,,,no,,,,,no,,,,,no,,,,,no,,,no,,no,no,1,1,
397,185,EXC3,current,,185-EXC3,from top,limestone,Cretaceous,continuous carbonate,unknown,unknown,"closed forest, evergreen needle leaf",unknown,,no,no,,stalagmite,unknown,,no,yes,Vienna-PDB,unknown,,unknown,unknown,yes,unknown,unknown,unknown,unknown,no,,,,,no,,,,,no,,,,,no,,,,,no,,,,,no,,,no,,no,no,1,1,https://www.ncdc.noaa.gov/paleo/study/12279
398,185,EXC4,current,,185-EXC4,from top,limestone,Cretaceous,continuous carbonate,unknown,unknown,"closed forest, evergreen needle leaf",unknown,,no,no,,stalagmite,unknown,,no,yes,Vienna-PDB,unknown,,unknown,unknown,yes,unknown,unknown,unknown,unknown,no,,,,,no,,,,,no,,,,,no,,,,,no,,,,,no,,,no,,no,no,1,1,https://www.ncdc.noaa.gov/paleo/study/12280
399,186,JB2,current,,186-JB2,from top,limestone,Miocene,continuous carbonate,unknown,unknown,cultivated and managed vegetation / agriculture,unknown,100.0,no,no,500.0,stalagmite,unknown,,yes,yes,Vienna-PDB,unknown,,no,no,yes,no,no,no,no,no,,,,,no,,,,,no,,,,,no,,,,,no,,,,,no,,,no,,no,no,1,1,
400,187,CB25,current,,187-CB25,from top,limestone,Jurassic,continuous carbonate,unknown,forest,herbaceous vegetation,thick,50.0,no,no,,flowstone,fast flow,,yes,yes,Vienna-PDB,no,,no,yes,yes,no,no,no,no,no,,,,,no,,,,,no,,,,,no,,,,,no,,,,,no,,,no,,no,no,1,1,
401,187,CB39,current,,187-CB39,from top,limestone,Jurassic,continuous carbonate,unknown,forest,herbaceous vegetation,thick,130.0,no,no,50.0,flowstone,seepage flow,,yes,yes,Vienna-PDB,no,,no,yes,yes,no,no,no,no,no,,,,,no,,,,,no,,,,,no,,,,,no,,,,,no,,,no,,no,no,1,1,
402,187,CB47,current,,187-CB47,from top,limestone,Jurassic,continuous carbonate,unknown,forest,herbaceous vegetation,thick,50.0,no,no,,stalagmite,mixed,,yes,yes,Vienna-PDB,no,,no,yes,yes,no,no,no,no,no,,,,,no,,,,,no,,,,,no,,,,,no,,,,,no,,,no,,no,no,1,1,
403,188,CH-7,current,,188-CH7,from top,limestone,Pliocene,continuous carbonate,evergreen,forest,"closed forest, evergreen broad leaf",thin,,no,no,,stalagmite,unknown,,yes,yes,Vienna-PDB,unknown,,no,no,no,no,no,no,no,no,,,,,no,,,,,no,,,,,no,,,,,no,,,,,no,,,no,,no,no,1,1,
404,189,CH04-02,current,,189-CH0402,from top,limestone,Cretaceous,continuous carbonate,evergreen,forest,"closed forest, evergreen broad leaf",thin,55.0,no,no,,stalagmite,unknown,,yes,yes,Vienna-PDB,unknown,,unknown,unknown,unknown,unknown,unknown,unknown,unknown,no,,,,,no,,,,,no,,,,,no,,,,,no,,,,,no,,,no,,no,no,1,1,https://www.ncdc.noaa.gov/paleo/study/20611
405,190,CWC-1s,current,,190-CWC1S,from base,dolomite,Ordovician,continuous carbonate,unknown,unknown,cultivated and managed vegetation / agriculture,unknown,30.0,no,no,,stalagmite,unknown,,yes,yes,PDB,unknown,,no,no,no,no,no,no,no,no,,,,,no,,,,,no,,,,,no,,,,,no,,,,,no,,,no,,no,no,1,1,https://www.ncdc.noaa.gov/paleo/study/5425
406,190,CWC-2ss,current,,190-CWC2SS,from base,dolomite,Ordovician,continuous carbonate,unknown,unknown,cultivated and managed vegetation / agriculture,unknown,30.0,no,no,,stalagmite,unknown,,yes,yes,PDB,unknown,,no,no,no,no,no,no,no,no,,,,,no,,,,,no,,,,,no,,,,,no,,,,,no,,,no,,no,no,1,1,https://www.ncdc.noaa.gov/paleo/study/5425
407,190,CWC-3l,current,,190-CWC3L,from base,dolomite,Ordovician,continuous carbonate,unknown,unknown,cultivated and managed vegetation / agriculture,unknown,30.0,no,no,,stalagmite,mixed,,yes,yes,PDB,unknown,,no,no,no,no,no,no,no,no,,,,,no,,,,,no,,,,,no,,,,,no,,,,,no,,,no,,no,no,1,1,https://www.ncdc.noaa.gov/paleo/study/5425
408,191,DIB-1,current,,191-DIB1,from base,limestone,Carboniferous,continuous carbonate,deciduous,forest,"closed forest, deciduous broad leaf",thick,30.0,no,no,1750.0,stalagmite,unknown,,yes,yes,Vienna-PDB,unknown,,no,no,no,no,no,no,no,no,,,,,no,,,,,no,,,,,no,,,,,no,,,,,no,,,no,,no,no,1,1,https://www.ncdc.noaa.gov/paleo/study/15072
409,191,DIB-2,current,,191-DIB2,from base,limestone,Carboniferous,continuous carbonate,deciduous,forest,"closed forest, deciduous broad leaf",thick,30.0,no,no,1750.0,stalagmite,unknown,,yes,yes,Vienna-PDB,unknown,,no,no,no,no,no,no,no,no,,,,,no,,,,,no,,,,,no,,,,,no,,,,,no,,,no,,no,no,1,1,https://www.ncdc.noaa.gov/paleo/study/15072
410,192,ELC_composite,current,,192-ELC-COMP,from top,unknown,unknown,,unknown,unknown,herbaceous vegetation,unknown,,,,,composite,not applicable,,no,yes,Vienna-PDB,yes,,no,no,no,no,no,no,no,no,,,,,no,,,,,no,,,,,no,,,,,no,,,,,no,,,no,,no,no,1,1,https://www.ncdc.noaa.gov/paleo/study/13836
411,193,FR16,current,,193-FR16,from top,limestone,Jurassic,continuous carbonate,unknown,forest,"closed forest, deciduous broad leaf",unknown,600.0,no,yes,300.0,stalagmite,seepage flow,,yes,yes,Vienna-PDB,unknown,,no,no,yes,no,no,no,no,no,,,,,no,,,,,no,,,,,no,,,,,no,,,,,no,,,no,,no,no,1,1,
412,194,GC_2,current,,194-GC2,from base,unknown,unknown,discontinuous carbonate,unknown,unknown,herbaceous vegetation,unknown,,no,no,,stalagmite,unknown,,yes,yes,PDB,unknown,,unknown,unknown,unknown,unknown,unknown,unknown,unknown,no,,,,,no,,,,,no,,,,,no,,,,,no,,,,,no,,,no,,no,no,1,1,https://www.geosociety.org/datarepository/2007/2007154.pdf
413,194,GC_3,current,,194-GC3,from base,unknown,unknown,discontinuous carbonate,unknown,unknown,herbaceous vegetation,unknown,,no,no,,stalagmite,unknown,,yes,yes,PDB,unknown,,unknown,unknown,unknown,unknown,unknown,unknown,unknown,no,,,,,no,,,,,no,,,,,no,,,,,no,,,,,no,,,no,,no,no,1,1,https://www.geosociety.org/datarepository/2007/2007154.pdf
414,195,HC-1,current,,195-HC1,from top,limestone,Pleistocene,continuous carbonate,unknown,unknown,"open forest, other",unknown,,no,no,,stalagmite,unknown,,yes,yes,Vienna-PDB,no,,no,no,no,no,no,no,no,no,,,,,no,,,,,no,,,,,no,,,,,no,,,,,no,,,no,,no,no,1,1,
415,152,H14,current,,152-H14,from top,limestone,Cretaceous,continuous carbonate,barren,limited or no use,bare / sparse vegetation,thin,,no,no,,stalagmite,seasonal drip,,no,yes,Vienna-PDB,no,,no,yes,no,no,no,no,no,no,,,,,no,,,,,no,,,,,no,,,,,no,,,,,no,,,no,,no,no,1,1,https://www.ncdc.noaa.gov/paleo/study/9957
416,196,K1,current,,196-K1,from base,limestone,Cretaceous,,shrubland,limited or no use,herbaceous vegetation,patchy,,unknown,unknown,80.0,stalagmite,seasonal drip,,yes,yes,Vienna-PDB,no,,no,yes,yes,no,no,no,no,no,,,,,no,,,,,no,,,,,no,,,,,no,,,,,no,,,no,,no,no,1,1,
417,197,KC1,current,,197-KC1,from top,limestone,Cretaceous,continuous carbonate,unknown,unknown,cultivated and managed vegetation / agriculture,unknown,,no,no,,stalagmite,unknown,,no,yes,Vienna-PDB,unknown,,unknown,unknown,yes,unknown,unknown,unknown,unknown,no,,,,,no,,,,,no,,,,,no,,,,,no,,,,,no,,,no,,no,no,1,1,https://www.ncdc.noaa.gov/paleo/study/12279
418,155,KNI-51-A1,current,,155-KNI51A1,from base,limestone,Devonian,continuous carbonate,other (see notes),unknown,"open forest, deciduous broad leaf",patchy,15.0,unknown,unknown,500.0,stalagmite,unknown,,no,yes,Vienna-PDB,unknown,,no,no,no,no,no,no,no,no,,,,,no,,,,,no,,,,,no,,,,,no,,,,,no,,,no,,no,no,1,1,https://www.ncdc.noaa.gov/paleo/study/20530
419,155,KNI-51-P,current,,155-KNI51P,from base,limestone,Devonian,continuous carbonate,other (see notes),unknown,"open forest, deciduous broad leaf",patchy,15.0,unknown,unknown,500.0,stalagmite,unknown,,no,yes,Vienna-PDB,unknown,,no,no,no,no,no,no,no,no,,,,,no,,,,,no,,,,,no,,,,,no,,,,,no,,,no,,no,no,1,1,https://www.ncdc.noaa.gov/paleo/study/20530
420,198,A1,current,,198-A1,from top,dolomite limestone,Ordovician,continuous carbonate,unknown,unknown,"open forest, evergreen broad leaf",unknown,,no,no,120.0,stalagmite,unknown,,yes,yes,Vienna-PDB,yes,,no,no,yes,no,no,unknown,no,no,,,,,no,,,,,no,,,,,no,,,,,no,,,,,no,,,no,,no,no,1,1,
421,199,Lynds_BCD,current,,199-LYNDSBCD,from top,limestone,Ordovician,,evergreen,forest,"closed forest, evergreen broad leaf",unknown,,no,no,500.0,stalagmite,unknown,,yes,yes,PDB,no,,no,no,no,no,no,no,no,no,,,,,no,,,,,no,,,,,no,,,,,no,,,,,no,,,no,,no,no,1,1,https://www.ncdc.noaa.gov/paleo/study/5435
422,200,MC08-1,current,,200-MC081,from top,limestone,Carboniferous,discontinuous carbonate,unknown,unknown,"closed forest, evergreen needle leaf",unknown,160.0,no,no,,stalagmite,unknown,,yes,yes,Vienna-PDB,yes,,no,no,no,no,no,no,no,no,,,,,no,,,,,no,,,,,no,,,,,no,,,,,no,,,no,,no,no,1,1,https://www.ncdc.noaa.gov/paleo/study/23097
423,201,MND-S1,current,,201-MNDS1,from base,calcarenite,Pleistocene,continuous carbonate,evergreen,forest,"closed forest, evergreen broad leaf",thick,20.0,no,no,60.0,stalagmite,unknown,2.0,yes,yes,Vienna-PDB,unknown,,no,no,no,no,no,no,no,yes,unknown,NIST SRM 612,Yes-SISAL downsampled,Binned average,yes,LA-ICP-MS,NIST SRM 612,Yes-SISAL downsampled,Binned average,yes,LA-ICP-MS,NIST SRM 612,Yes-SISAL downsampled,Binned average,yes,LA-ICP-MS,NIST SRM 612,Yes-SISAL downsampled,Binned average,yes,unknown,,Yes-SISAL downsampled,Binned average,no,,,yes,no,no,yes,1,1,https://www.ncdc.noaa.gov/paleo/study/6106
424,3,Paraiso composite,current,,3-PARAISO-COMP,from top,limestone,Carboniferous,continuous carbonate,unknown,unknown,"closed forest, evergreen broad leaf",unknown,,,,,composite,not applicable,,no,yes,Vienna-PDB,yes,,no,no,no,no,no,no,no,no,,,,,no,,,,,no,,,,,no,,,,,no,,,,,no,,,no,,no,no,1,1,
425,202,MN1,current,,202-MN1,from top,dolomite limestone,Jurassic,continuous carbonate,unknown,unknown,herbaceous vegetation,unknown,1000.0,no,no,,stalagmite,unknown,,yes,yes,Vienna-PDB,unknown,,no,no,yes,no,no,no,no,no,,,,,no,,,,,no,,,,,no,,,,,no,,,,,no,,,no,,no,no,1,1,
426,202,GG1,current,,202-GG1,from top,dolomite limestone,Jurassic,continuous carbonate,unknown,unknown,herbaceous vegetation,unknown,640.0,no,no,,stalagmite,unknown,,yes,yes,Vienna-PDB,unknown,,no,no,yes,no,no,no,no,no,,,,,no,,,,,no,,,,,no,,,,,no,,,,,no,,,no,,no,no,1,1,
427,202,IS1,current,,202-IS1,from top,dolomite limestone,Jurassic,continuous carbonate,unknown,unknown,herbaceous vegetation,unknown,550.0,no,no,,stalagmite,unknown,,yes,yes,Vienna-PDB,unknown,,no,no,yes,no,no,no,no,no,,,,,no,,,,,no,,,,,no,,,,,no,,,,,no,,,no,,no,no,1,1,
428,203,PP10,current,,203-PP10,from base,limestone,Cretaceous,continuous carbonate,unknown,forest,"closed forest, deciduous broad leaf",patchy,30.0,unknown,unknown,150.0,stalagmite,seepage flow,,yes,yes,PDB,yes,,no,no,yes,no,no,no,no,no,,,,,no,,,,,no,,,,,no,,,,,no,,,,,no,,,no,,no,no,1,1,https://www.ncdc.noaa.gov/paleo/study/5540
429,141,SO-17A,current,,141-SO17A,from top,limestone,Cretaceous,,deciduous,forest,"closed forest, deciduous broad leaf",thin,,no,no,,stalagmite,unknown,40.0,no,yes,Vienna-PDB,unknown,,unknown,unknown,unknown,unknown,unknown,unknown,unknown,no,,,,,no,,,,,no,,,,,no,,,,,no,,,,,no,,,no,,no,no,1,1,
430,205,SBE3,current partially modified,896,205-SBE3,from top,unknown,unknown,continuous carbonate,evergreen,forest,"open forest, other",thick,30.0,,,300.0,stalagmite,seasonal drip,,no,yes,Vienna-PDB,yes,,no,no,yes,no,no,no,no,no,,,,,no,,,,,no,,,,,no,,,,,no,,,,,no,,,no,,no,no,1,1,
431,206,SMT5,current,,206-SMT5,from top,unknown,unknown,continuous carbonate,evergreen,forest,"open forest, other",thick,30.0,no,no,300.0,stalagmite,seasonal drip,,no,yes,Vienna-PDB,yes,,no,no,yes,no,no,no,no,no,,,,,no,,,,,no,,,,,no,,,,,no,,,,,no,,,no,,no,no,1,1,10.1594/PANGAEA.924810
432,207,Sha-2,current,,207-SHA2,from top,dolomite limestone,Triassic,continuous carbonate,unknown,unknown,"closed forest, evergreen broad leaf",unknown,,no,no,,stalagmite,unknown,,no,yes,Vienna-PDB,unknown,,no,no,no,no,no,no,no,no,,,,,no,,,,,no,,,,,no,,,,,no,,,,,no,,,no,,no,no,1,1,
433,207,Sha-3,current,,207-SHA3,from top,dolomite limestone,Triassic,continuous carbonate,unknown,unknown,"closed forest, evergreen broad leaf",unknown,,no,no,,stalagmite,unknown,,no,yes,Vienna-PDB,unknown,,no,no,no,no,no,no,no,no,,,,,no,,,,,no,,,,,no,,,,,no,,,,,no,,,no,,no,no,1,1,
434,207,Sha-composite,current,,207-SHA-COMP,not applicable,dolomite limestone,Triassic,continuous carbonate,unknown,unknown,"closed forest, evergreen broad leaf",unknown,,no,no,,composite,not applicable,,no,yes,Vienna-PDB,unknown,,no,no,no,no,no,no,no,no,,,,,no,,,,,no,,,,,no,,,,,no,,,,,no,,,no,,no,no,1,1,
435,57,SG93,current,,57-SG93,from base,marble,unknown,continuous carbonate,other (see notes),limited or no use,herbaceous vegetation,thin,100.0,unknown,unknown,,stalagmite,seepage flow,,yes,yes,PDB,yes,,unknown,unknown,unknown,unknown,unknown,unknown,unknown,no,,,,,no,,,,,no,,,,,no,,,,,no,,,,,no,,,no,,no,no,1,1,
436,208,TA12-2,current,,208-TA122,from top,other (see notes),Miocene,continuous carbonate,unknown,unknown,"closed forest, evergreen broad leaf",unknown,,no,no,105.0,stalagmite,unknown,,yes,yes,Vienna-PDB,unknown,,no,no,yes,no,no,no,no,no,,,,,no,,,,,no,,,,,no,,,,,no,,,,,no,,,no,,no,no,1,1,https://www.ncdc.noaa.gov/paleo/study/23790
437,209,Uluu2,current,,209-ULUU2,from top,limestone,Devonian,discontinuous carbonate,unknown,unknown,herbaceous vegetation,unknown,35.0,no,no,100.0,stalagmite,unknown,,yes,yes,Vienna-PDB,unknown,,no,no,no,no,no,no,no,no,,,,,no,,,,,no,,,,,no,,,,,no,,,,,no,,,no,,no,no,1,1,
438,210,WMC1,current,,210-WMC1,from top,marble,Permian,,unknown,unknown,permanent water bodies,unknown,36.0,unknown,unknown,250.0,stalagmite,unknown,,yes,yes,Vienna-PDB,yes,,yes,no,no,yes,no,no,no,no,,,,,no,,,,,no,,,,,no,,,,,no,,,,,yes,TIMS,other (see notes),yes,no,yes,yes,1,1,https://www.ncei.noaa.gov/access/paleo-search/study/32012; https://www.ncdc.noaa.gov/paleo/study/22270
439,211,X3,current,,211-X3,from top,dolomite limestone,Devonian,continuous carbonate,unknown,unknown,"closed forest, evergreen broad leaf",unknown,,no,no,320.0,stalagmite,unknown,,yes,yes,Vienna-PDB,no,,no,no,no,no,no,no,no,no,,,,,no,,,,,no,,,,,no,,,,,no,,,,,no,,,no,,no,no,1,1,ftp://ftp.ncdc.noaa.gov/pub/data/paleo/syntrace/speleothem/cave-xiangshui-x3.txt
440,204,GU-Xi-1,current,,204-GUXI1,from top,limestone,Cretaceous,,unknown,forest,"closed forest, evergreen broad leaf",unknown,100.0,no,no,250.0,stalagmite,unknown,,yes,yes,Vienna-PDB,unknown,,no,no,no,no,no,no,no,no,,,,,no,,,,,no,,,,,no,,,,,no,,,,,no,,,no,,no,no,1,1,https://media.nature.com/original/nature-assets/ncomms/2015/150714/ncomms8627/extref/ncomms8627-s2.xls
441,175,YB,current,,175-YB,from top,dolomite limestone,Cambrian,continuous carbonate,unknown,unknown,"closed forest, evergreen broad leaf",unknown,,no,no,100.0,stalagmite,unknown,,yes,yes,Vienna-PDB,no,,no,no,no,no,no,no,no,no,,,,,no,,,,,no,,,,,no,,,,,no,,,,,no,,,no,,no,no,1,1,ftp://ftp.ncdc.noaa.gov/pub/data/paleo/syntrace/speleothem/cave-yaoba-don-yb1.txt
442,39,DA_2005,current,,39-DA,from top,limestone,Pleistocene,continuous carbonate,unknown,unknown,"closed forest, evergreen broad leaf",unknown,,unknown,unknown,500.0,stalagmite,unknown,,no,yes,Vienna-PDB,yes,,no,no,no,no,no,no,no,no,,,,,no,,,,,no,,,,,no,,,,,no,,,,,no,,,no,,no,no,1,1,
443,183,CG,current,,183-CG,from top,unknown,Jurassic,continuous carbonate,unknown,forest,"closed forest, evergreen broad leaf",thick,150.0,no,no,1500.0,stalagmite,unknown,,yes,yes,Vienna-PDB,unknown,,no,no,yes,no,no,no,no,no,,,,,no,,,,,no,,,,,no,,,,,no,,,,,no,,,no,,no,no,1,1,
444,149,DM05-01,current,,149-DM0501,from top,limestone,Triassic,continuous carbonate,unknown,unknown,"closed forest, evergreen needle leaf",unknown,43.0,no,no,180.0,stalagmite,seasonal drip,,yes,yes,Vienna-PDB,unknown,,no,no,no,no,no,no,no,no,,,,,no,,,,,no,,,,,no,,,,,no,,,,,no,,,no,,no,no,1,1,
445,49,ML2,current,,49-ML2,from top,dolomite limestone,Permian,,evergreen,forest,"open forest, other",unknown,50.0,no,no,25.0,stalagmite,unknown,,yes,yes,Vienna-PDB,unknown,,no,no,yes,no,no,no,no,no,,,,,no,,,,,no,,,,,no,,,,,no,,,,,no,,,no,,yes,yes,1,1,https://www.ncdc.noaa.gov/paleo/study/20290
446,39,D4_2005,current partially modified,115; 701,39-D4,from top,limestone,Pleistocene,continuous carbonate,unknown,unknown,"closed forest, evergreen broad leaf",unknown,100.0,unknown,unknown,500.0,stalagmite,unknown,,no,yes,Vienna-PDB,yes,,no,no,no,no,no,no,no,no,,,,,no,,,,,no,,,,,no,,,,,no,,,,,no,,,no,,no,no,1,1,
447,10,JAR4,current partially modified,707,10-JAR4,from top,dolomite,unknown,continuous carbonate,deciduous,forest,"closed forest, other",patchy,10.0,no,yes,150.0,stalagmite,seasonal drip,10.0,yes,yes,Vienna-PDB,yes,,no,no,yes,no,no,no,no,no,,,,,no,,,,,no,,,,,no,,,,,no,,,,,no,,,no,,yes,yes,1,1,10.1594/PANGAEA.905143
448,10,JAR1,current,,10-JAR1,from top,dolomite,unknown,continuous carbonate,deciduous,forest,"closed forest, other",patchy,10.0,no,yes,150.0,stalagmite,seasonal drip,10.0,yes,yes,Vienna-PDB,yes,,no,no,yes,no,no,no,no,no,,,,,no,,,,,no,,,,,no,,,,,no,,,,,no,,,no,,yes,yes,1,1,10.1594/PANGAEA.905143
449,10,JAR_composite,current,,10-JAR-COMP,from top,dolomite,unknown,continuous carbonate,deciduous,forest,"closed forest, other",patchy,,no,yes,,composite,not applicable,10.0,no,yes,Vienna-PDB,yes,,unknown,unknown,unknown,unknown,unknown,unknown,unknown,no,,,,,no,,,,,no,,,,,no,,,,,no,,,,,no,,,no,,yes,no,1,1,10.1594/PANGAEA.905143
450,102,K1,current,,102-K1,from top,dolomite limestone,Precambrian,,mixed (see notes),limited or no use,"closed forest, evergreen needle leaf",thin,13.0,no,no,200.0,stalagmite,seasonal drip,,yes,yes,Vienna-PDB,unknown,,no,no,no,no,no,no,no,no,,,,,no,,,,,no,,,,,no,,,,,no,,,,,no,,,no,,no,no,1,1,
451,12,MAW-0201,current,,12-MAW0201,from top,mixed (see notes),Eocene,continuous carbonate,grassland,other (see notes),"closed forest, evergreen broad leaf",thin,70.0,unknown,unknown,700.0,stalagmite,unknown,,no,yes,Vienna-PDB,yes,,no,no,yes,no,no,no,no,yes,unknown,,,,yes,LA-ICP-MS,NIST SRM 612,Yes-author downsampled,Gaussian kernel,yes,LA-ICP-MS,NIST SRM 612,Yes-author downsampled,Gaussian kernel,yes,LA-ICP-MS,NIST SRM 612,Yes-author downsampled,Gaussian kernel,no,,,,,no,,,yes,no,yes,yes,1,1,
452,212,PEK_composite,current,,212-PEK-COMP,from top,limestone,Cretaceous,continuous carbonate,unknown,unknown,cultivated and managed vegetation / agriculture,unknown,20.0,no,no,,composite,not applicable,,yes,yes,PDB,yes,,no,no,no,no,no,no,no,no,,,,,no,,,,,no,,,,,no,,,,,no,,,,,no,,,no,,no,no,1,1,https://www.ncdc.noaa.gov/paleo/study/5423
453,212,PEK 10,current,,212-PEK10,from top,limestone,Cretaceous,continuous carbonate,unknown,unknown,cultivated and managed vegetation / agriculture,unknown,20.0,no,no,,stalactite,seasonal drip,,no,no,,yes,,no,no,no,no,no,no,no,no,,,,,no,,,,,no,,,,,no,,,,,no,,,,,no,,,no,,no,no,1,1,
454,212,PEK 9,current,,212-PEK9,from top,limestone,Cretaceous,continuous carbonate,unknown,unknown,cultivated and managed vegetation / agriculture,unknown,20.0,no,no,,stalactite,seasonal drip,,no,no,,yes,,no,no,no,no,no,no,no,no,,,,,no,,,,,no,,,,,no,,,,,no,,,,,no,,,no,,no,no,1,1,
455,212,PEK 6,current,,212-PEK6,from top,limestone,Cretaceous,continuous carbonate,unknown,unknown,cultivated and managed vegetation / agriculture,unknown,20.0,no,no,,stalagmite,seasonal drip,,no,no,,yes,,no,no,no,no,no,no,no,no,,,,,no,,,,,no,,,,,no,,,,,no,,,,,no,,,no,,no,no,1,1,
456,141,SO-2,current,,141-SO2,from top,limestone,Cretaceous,,deciduous,forest,"closed forest, deciduous broad leaf",thin,,no,no,,stalagmite,unknown,40.0,no,yes,Vienna-PDB,unknown,,unknown,unknown,unknown,unknown,unknown,unknown,unknown,no,,,,,no,,,,,no,,,,,no,,,,,no,,,,,no,,,no,,no,no,1,1,
457,213,1152,current,,213-1152,from top,limestone,Eocene,,deciduous,mixed (see notes),"closed forest, deciduous broad leaf",unknown,190.0,no,yes,625.0,stalagmite,unknown,5.0,yes,yes,Vienna-PDB,yes,,no,no,yes,no,no,no,no,no,,,,,no,,,,,no,,,,,no,,,,,no,,,,,no,,,no,,no,no,1,1,10.1594/PANGAEA.892728
458,214,C126-117,current,,214-C126117,from base,limestone,other (see notes),continuous carbonate,grassland,forest,herbaceous vegetation,thin,54.0,no,no,54.0,stalagmite,unknown,,yes,yes,Vienna-PDB,unknown,,no,no,no,no,no,no,no,no,,,,,no,,,,,no,,,,,no,,,,,no,,,,,no,,,no,,no,no,1,1,https://www.ncdc.noaa.gov/paleo/study/15075
459,214,C126-118,current,,214-C126118,from base,limestone,other (see notes),continuous carbonate,grassland,forest,herbaceous vegetation,thin,54.0,no,no,54.0,stalagmite,unknown,,yes,yes,Vienna-PDB,unknown,,no,no,no,no,no,no,no,no,,,,,no,,,,,no,,,,,no,,,,,no,,,,,no,,,no,,no,no,1,1,https://www.ncdc.noaa.gov/paleo/study/15075
460,215,Cha2_2018,superseded,588,215-CHA2,from top,dolomite,Jurassic,,unknown,unknown,"closed forest, mixed",unknown,,no,no,300.0,stalagmite,seasonal drip,,no,yes,Vienna-PDB,yes,,no,no,yes,no,no,no,no,no,,,,,no,,,,,no,,,,,no,,,,,no,,,,,no,,,no,,no,no,1,1,
461,216,D1,current,,216-D1,from top,unknown,unknown,discontinuous carbonate,unknown,forest,"open forest, other",thin,,no,no,,stalagmite,unknown,,no,yes,Vienna-PDB,unknown,,no,no,yes,no,no,no,no,no,,,,,no,,,,,no,,,,,no,,,,,no,,,,,no,,,no,,no,no,1,1,
462,216,D2,current,,216-D2,from top,unknown,unknown,discontinuous carbonate,unknown,forest,"open forest, other",thin,,no,no,,stalagmite,unknown,,no,yes,Vienna-PDB,unknown,,no,no,yes,no,no,no,no,no,,,,,no,,,,,no,,,,,no,,,,,no,,,,,no,,,no,,no,no,1,1,
463,217,EM1,current,,217-EM1,from top,limestone,Ordovician,continuous carbonate,unknown,unknown,cultivated and managed vegetation / agriculture,unknown,100.0,no,no,150.0,stalagmite,unknown,,yes,yes,Vienna-PDB,unknown,,no,no,no,no,no,no,no,no,,,,,no,,,,,no,,,,,no,,,,,no,,,,,no,,,no,,no,no,1,1,
464,135,GP5,current,,135-GP5,from top,dolomite,Jurassic,,unknown,unknown,"closed forest, other",unknown,,no,yes,50.0,stalagmite,seasonal drip,0.6,no,yes,Vienna-PDB,yes,,no,no,yes,no,no,no,no,no,,,,,no,,,,,no,,,,,no,,,,,no,,,,,no,,,yes,,no,yes,1,1,https://www.ncei.noaa.gov/access/paleo-search/study/15894
465,218,NH6,current,,218-NH6,from top,limestone,Ordovician,discontinuous carbonate,deciduous,forest,"closed forest, deciduous broad leaf",unknown,20.0,no,no,100.0,stalagmite,unknown,,yes,yes,Vienna-PDB,yes,,no,no,no,no,no,no,no,no,,,,,no,,,,,no,,,,,no,,,,,no,,,,,no,,,no,,no,no,1,1,
466,218,NH33,current,,218-NH33,from top,limestone,Ordovician,discontinuous carbonate,deciduous,forest,"closed forest, deciduous broad leaf",unknown,20.0,no,no,100.0,stalagmite,unknown,,yes,yes,Vienna-PDB,yes,,no,no,no,no,no,no,no,no,,,,,no,,,,,no,,,,,no,,,,,no,,,,,no,,,no,,no,no,1,1,
467,219,SN17,superseded,727,219-SN17,from top,dolomite limestone,Carboniferous,,trees and shrubs,unknown,cultivated and managed vegetation / agriculture,unknown,50.0,no,no,200.0,stalagmite,unknown,,yes,yes,Vienna-PDB,unknown,,no,no,yes,no,no,no,no,no,,,,,no,,,,,no,,,,,no,,,,,no,,,,,no,,,no,,no,yes,1,1,
468,220,BN-1,current,,220-BN1,from top,limestone,Ordovician,discontinuous carbonate,unknown,unknown,"closed forest, deciduous broad leaf",unknown,,no,no,,stalagmite,unknown,,no,yes,PDB,no,,no,no,no,no,no,no,no,no,,,,,no,,,,,no,,,,,no,,,,,no,,,,,no,,,no,,no,no,1,1,
469,221,LAVI-4,current partially modified,811,221-LAVI4,from top,limestone,Pleistocene,,evergreen,other (see notes),,unknown,,no,no,50.0,stalagmite,unknown,,yes,yes,Vienna-PDB,unknown,,no,no,unknown,no,no,no,no,no,,,,,no,,,,,no,,,,,no,,,,,no,,,,,no,,,no,,no,yes,1,1,10.5194/cp-14-1881-2018-supplement
470,222,PATA-1,current,,222-PATA1,from top,limestone,Pleistocene,,unknown,unknown,,unknown,,no,no,200.0,stalagmite,unknown,,yes,yes,Vienna-PDB,unknown,,no,no,no,no,no,no,no,no,,,,,no,,,,,no,,,,,no,,,,,no,,,,,no,,,no,,no,no,1,1,10.5194/cp-14-1881-2018-supplement
471,223,WX42B,current,,223-WX42B,from top,limestone,Silurian,discontinuous carbonate,unknown,unknown,"closed forest, other",unknown,,no,no,1000.0,stalagmite,unknown,,no,yes,Vienna-PDB,yes,,no,no,no,no,no,no,no,no,,,,,no,,,,,no,,,,,no,,,,,no,,,,,no,,,no,,no,no,1,1,https://www.ncdc.noaa.gov/paleo/study/8629
472,224,XL16,current,,224-XL16,from top,dolomite,Precambrian,discontinuous carbonate,unknown,unknown,"open forest, other",,,,,,stalagmite,seepage flow,,yes,yes,Vienna-PDB,yes,,no,no,yes,no,no,no,no,no,,,,,no,,,,,no,,,,,no,,,,,no,,,,,no,,,no,,no,no,1,1,https://www.ncdc.noaa.gov/paleo/study/23870
473,224,XL2,current,,224-XL2,from top,dolomite,Precambrian,discontinuous carbonate,unknown,unknown,"open forest, other",,,,,,stalagmite,seepage flow,,yes,yes,Vienna-PDB,yes,,no,no,yes,no,no,no,no,no,,,,,no,,,,,no,,,,,no,,,,,no,,,,,no,,,no,,no,no,1,1,https://www.ncdc.noaa.gov/paleo/study/23870
474,224,XL26,current,,224-XL26,from top,dolomite,Precambrian,discontinuous carbonate,unknown,unknown,"open forest, other",,,,,,stalagmite,seepage flow,,yes,yes,Vienna-PDB,yes,,no,no,yes,no,no,no,no,no,,,,,no,,,,,no,,,,,no,,,,,no,,,,,no,,,no,,no,no,1,1,https://www.ncdc.noaa.gov/paleo/study/23870
475,39,DA_2009,current partially modified,442,39-DA,from top,limestone,Pleistocene,continuous carbonate,unknown,unknown,"closed forest, evergreen broad leaf",unknown,,unknown,unknown,500.0,stalagmite,unknown,,no,yes,Vienna-PDB,yes,,no,no,no,no,no,no,no,no,,,,,no,,,,,no,,,,,no,,,,,no,,,,,no,,,no,,no,no,1,1,
476,12,ML.1,current,,12-ML1,from top,mixed (see notes),Eocene,continuous carbonate,grassland,other (see notes),"closed forest, evergreen broad leaf",thin,,,,700.0,stalagmite,unknown,,yes,yes,Vienna-PDB,unknown,,no,no,yes,no,no,no,no,no,,,,,no,,,,,no,,,,,no,,,,,no,,,,,no,,,no,,yes,yes,1,1,
477,12,ML.2,current,,12-ML2,from top,mixed (see notes),Eocene,continuous carbonate,grassland,other (see notes),"closed forest, evergreen broad leaf",thin,,,,700.0,stalagmite,unknown,,yes,yes,Vienna-PDB,unknown,,no,no,yes,no,no,no,no,no,,,,,no,,,,,no,,,,,no,,,,,no,,,,,no,,,no,,yes,yes,1,1,
478,54,SAH-2,current,,54-SAH2,from top,unknown,unknown,discontinuous carbonate,grassland,limited or no use,cultivated and managed vegetation / agriculture,thin,,,,,stalagmite,seasonal drip,,yes,yes,Vienna-PDB,unknown,,no,no,yes,no,no,no,no,no,,,,,no,,,,,no,,,,,no,,,,,no,,,,,no,,,no,,no,no,1,1,
479,54,SAH-3,current,,54-SAH3,from top,unknown,unknown,discontinuous carbonate,grassland,limited or no use,cultivated and managed vegetation / agriculture,thin,,,,,stalagmite,seasonal drip,,yes,yes,Vienna-PDB,unknown,,no,no,yes,no,no,no,no,no,,,,,no,,,,,no,,,,,no,,,,,no,,,,,no,,,no,,no,no,1,1,
480,54,SAH-6,current,,54-SAH6,from top,unknown,unknown,discontinuous carbonate,grassland,limited or no use,cultivated and managed vegetation / agriculture,thin,,,,,stalagmite,seasonal drip,,yes,yes,Vienna-PDB,unknown,,no,no,yes,no,no,no,no,no,,,,,no,,,,,no,,,,,no,,,,,no,,,,,no,,,no,,no,no,1,1,
481,138,M1-2,current,,138-M12,from top,limestone,unknown,,unknown,unknown,shrubs,unknown,20.0,no,no,100.0,stalagmite,seasonal drip,,no,yes,Vienna-PDB,unknown,,no,no,no,no,no,no,no,no,,,,,no,,,,,no,,,,,no,,,,,no,,,,,no,,,no,,no,no,1,1,ftp://ftp.ncdc.noaa.gov/pub/data/paleo/speleothem/asia/yemen/moomi2003.txt
482,140,SB3,current,,140-SB3,from top,limestone,Pleistocene,continuous carbonate,unknown,unknown,"closed forest, evergreen broad leaf",unknown,,,,1500.0,stalagmite,unknown,,no,yes,Vienna-PDB,unknown,,no,no,no,no,no,no,no,no,,,,,no,,,,,no,,,,,no,,,,,no,,,,,no,,,no,,no,no,1,1,https://www.ncdc.noaa.gov/paleo/study/8641
483,140,SB-10_2008,superseded,295,140-SB10,from top,limestone,Pleistocene,continuous carbonate,unknown,unknown,"closed forest, evergreen broad leaf",unknown,,,,1500.0,stalagmite,unknown,,no,yes,Vienna-PDB,unknown,,no,no,no,no,no,no,no,no,,,,,no,,,,,no,,,,,no,,,,,no,,,,,no,,,no,,no,no,1,1,https://www.ncdc.noaa.gov/paleo/study/8641
484,140,SB11,current,,140-SB11,from top,limestone,Pleistocene,continuous carbonate,unknown,unknown,"closed forest, evergreen broad leaf",unknown,,,,1500.0,stalagmite,unknown,,no,yes,Vienna-PDB,unknown,,no,no,no,no,no,no,no,no,,,,,no,,,,,no,,,,,no,,,,,no,,,,,no,,,no,,no,no,1,1,https://www.ncdc.noaa.gov/paleo/study/8641
485,140,SB22,current,,140-SB22,from top,limestone,Pleistocene,continuous carbonate,unknown,unknown,"closed forest, evergreen broad leaf",unknown,,,,1500.0,stalagmite,unknown,,no,yes,Vienna-PDB,unknown,,no,no,no,no,no,no,no,no,,,,,no,,,,,no,,,,,no,,,,,no,,,,,no,,,no,,no,no,1,1,https://www.ncdc.noaa.gov/paleo/study/8641
486,140,SB23,current,,140-SB23,from top,limestone,Pleistocene,continuous carbonate,unknown,unknown,"closed forest, evergreen broad leaf",unknown,,,,1500.0,stalagmite,unknown,,no,yes,Vienna-PDB,unknown,,no,no,no,no,no,no,no,no,,,,,no,,,,,no,,,,,no,,,,,no,,,,,no,,,no,,no,no,1,1,https://www.ncdc.noaa.gov/paleo/study/8641
487,140,SB24,current,,140-SB24,from top,limestone,Pleistocene,continuous carbonate,unknown,unknown,"closed forest, evergreen broad leaf",unknown,,,,1500.0,stalagmite,unknown,,no,yes,Vienna-PDB,unknown,,no,no,no,no,no,no,no,no,,,,,no,,,,,no,,,,,no,,,,,no,,,,,no,,,no,,no,no,1,1,https://www.ncdc.noaa.gov/paleo/study/8641
488,140,SB25-1,current,,140-SB251,from top,limestone,Pleistocene,continuous carbonate,unknown,unknown,"closed forest, evergreen broad leaf",unknown,,,,1500.0,stalagmite,unknown,,no,yes,Vienna-PDB,unknown,,no,no,no,no,no,no,no,no,,,,,no,,,,,no,,,,,no,,,,,no,,,,,no,,,no,,no,no,1,1,https://www.ncdc.noaa.gov/paleo/study/8641
489,140,SB25-2,current,,140-SB252,from top,limestone,Pleistocene,continuous carbonate,unknown,unknown,"closed forest, evergreen broad leaf",unknown,,,,1500.0,stalagmite,unknown,,no,yes,Vienna-PDB,unknown,,no,no,no,no,no,no,no,no,,,,,no,,,,,no,,,,,no,,,,,no,,,,,no,,,no,,no,no,1,1,https://www.ncdc.noaa.gov/paleo/study/8641
490,140,SB-26_2008,superseded,296,140-SB26,from top,limestone,Pleistocene,continuous carbonate,unknown,unknown,"closed forest, evergreen broad leaf",unknown,,,,1500.0,stalagmite,unknown,,no,yes,Vienna-PDB,unknown,,no,no,no,no,no,no,no,no,,,,,no,,,,,no,,,,,no,,,,,no,,,,,no,,,no,,no,no,1,1,https://www.ncdc.noaa.gov/paleo/study/8641
491,140,SB34,current,,140-SB34,from top,limestone,Pleistocene,continuous carbonate,unknown,unknown,"closed forest, evergreen broad leaf",unknown,,,,1500.0,stalagmite,unknown,,no,yes,Vienna-PDB,unknown,,no,no,no,no,no,no,no,no,,,,,no,,,,,no,,,,,no,,,,,no,,,,,no,,,no,,no,no,1,1,https://www.ncdc.noaa.gov/paleo/study/8641
492,140,SB41,current,,140-SB41,from top,limestone,Pleistocene,continuous carbonate,unknown,unknown,"closed forest, evergreen broad leaf",unknown,,,,1500.0,stalagmite,unknown,,no,yes,Vienna-PDB,unknown,,no,no,no,no,no,no,no,no,,,,,no,,,,,no,,,,,no,,,,,no,,,,,no,,,no,,no,no,1,1,https://www.ncdc.noaa.gov/paleo/study/8641
493,140,SB42,current,,140-SB42,from top,limestone,Pleistocene,continuous carbonate,unknown,unknown,"closed forest, evergreen broad leaf",unknown,,,,1500.0,stalagmite,unknown,,no,yes,Vienna-PDB,unknown,,no,no,no,no,no,no,no,no,,,,,no,,,,,no,,,,,no,,,,,no,,,,,no,,,no,,no,no,1,1,https://www.ncdc.noaa.gov/paleo/study/8641
494,140,TF,current,,140-TF,from top,limestone,Pleistocene,continuous carbonate,unknown,unknown,"closed forest, evergreen broad leaf",unknown,,,,1500.0,stalagmite,unknown,,no,yes,Vienna-PDB,unknown,,no,no,no,no,no,no,no,no,,,,,no,,,,,no,,,,,no,,,,,no,,,,,no,,,no,,no,no,1,1,https://www.ncdc.noaa.gov/paleo/study/8641
495,12,KM-1,current,,12-KM1,from top,mixed (see notes),Eocene,continuous carbonate,grassland,other (see notes),"closed forest, evergreen broad leaf",thin,60.0,,,,stalagmite,seasonal drip,,yes,yes,Vienna-PDB,unknown,,yes,no,yes,no,no,no,no,no,,,,,no,,,,,no,,,,,no,,,,,no,,,,,no,,,no,,yes,no,1,1,
496,198,LH-2,current,,198-LH2,from top,dolomite limestone,Ordovician,continuous carbonate,unknown,unknown,"open forest, evergreen broad leaf",unknown,100.0,no,no,,stalagmite,seepage flow,,no,yes,Vienna-PDB,yes,,no,no,yes,no,no,no,no,no,,,,,no,,,,,no,,,,,no,,,,,no,,,,,no,,,no,,no,no,1,1,
497,225,Boto 1,superseded,897,225-BOTO1,from top,limestone,Cretaceous,,other (see notes),forest,herbaceous vegetation,unknown,70.0,,,200.0,stalagmite,mixed,,no,yes,Vienna-PDB,unknown,,no,no,no,yes,no,no,no,no,,,,,no,,,,,no,,,,,no,,,,,no,,,,,no,,,no,,no,no,1,1,
498,225,Boto 3,superseded,898,225-BOTO3,from top,limestone,Cretaceous,,other (see notes),forest,herbaceous vegetation,unknown,70.0,,,200.0,stalagmite,mixed,,no,yes,Vienna-PDB,unknown,,no,no,no,yes,no,no,no,no,,,,,no,,,,,no,,,,,no,,,,,no,,,,,no,,,no,,no,no,1,1,
499,225,Boto 7,superseded,899,225-BOTO7,from top,limestone,Cretaceous,,other (see notes),forest,herbaceous vegetation,unknown,70.0,,,370.0,stalagmite,mixed,,no,yes,Vienna-PDB,unknown,,no,no,no,yes,no,no,no,no,,,,,no,,,,,no,,,,,no,,,,,no,,,,,no,,,no,,no,no,1,1,
500,226,NAR-C,current,,226-NARC,from top,unknown,unknown,continuous carbonate,unknown,unknown,"closed forest, evergreen broad leaf",unknown,,no,no,,stalagmite,unknown,,yes,yes,Vienna-PDB,no,,no,no,no,no,no,no,no,no,,,,,no,,,,,no,,,,,no,,,,,no,,,,,no,,,no,,no,no,1,1,https://www.ncdc.noaa.gov/paleo/study/13836
501,226,NAR-C-D,current,,226-NARCD,from top,unknown,unknown,continuous carbonate,unknown,unknown,"closed forest, evergreen broad leaf",unknown,,no,no,,stalagmite,unknown,,yes,yes,Vienna-PDB,no,,no,no,no,no,no,no,no,no,,,,,no,,,,,no,,,,,no,,,,,no,,,,,no,,,no,,no,no,1,1,https://www.ncdc.noaa.gov/paleo/study/13836
502,226,NAR-C-F,current,,226-NARCF,from top,unknown,unknown,continuous carbonate,unknown,unknown,"closed forest, evergreen broad leaf",unknown,,no,no,,stalagmite,unknown,,yes,yes,Vienna-PDB,no,,no,no,no,no,no,no,no,no,,,,,no,,,,,no,,,,,no,,,,,no,,,,,no,,,no,,no,no,1,1,https://www.ncdc.noaa.gov/paleo/study/13836
503,226,NAR-D,current,,226-NARD,from top,unknown,unknown,continuous carbonate,unknown,unknown,"closed forest, evergreen broad leaf",unknown,,no,no,,stalagmite,unknown,,yes,yes,Vienna-PDB,no,,no,no,no,no,no,no,no,no,,,,,no,,,,,no,,,,,no,,,,,no,,,,,no,,,no,,no,no,1,1,https://www.ncdc.noaa.gov/paleo/study/13836
504,226,NAR-F,current,,226-NARF,from top,unknown,unknown,continuous carbonate,unknown,unknown,"closed forest, evergreen broad leaf",unknown,,no,no,,stalagmite,unknown,,yes,yes,Vienna-PDB,no,,no,no,no,no,no,no,no,no,,,,,no,,,,,no,,,,,no,,,,,no,,,,,no,,,no,,no,no,1,1,https://www.ncdc.noaa.gov/paleo/study/13836
505,227,EC-16-5-F,current,,227-EC165F,from top,limestone,Silurian,continuous carbonate,evergreen,unknown,"closed forest, evergreen needle leaf",unknown,700.0,no,no,,stalagmite,unknown,,yes,yes,Vienna-PDB,unknown,,no,no,yes,no,no,no,no,no,,,,,no,,,,,no,,,,,no,,,,,no,,,,,no,,,no,,no,no,1,1,https://www.ncdc.noaa.gov/paleo/study/26770
506,228,BC-11,current,,228-BC11,from top,unknown,unknown,mixed carbonate and evaporite,unknown,unknown,herbaceous vegetation,unknown,30.0,no,no,,stalagmite,unknown,,yes,yes,Vienna-PDB,unknown,,no,no,no,no,no,no,no,no,,,,,no,,,,,no,,,,,no,,,,,no,,,,,no,,,no,,no,no,1,1,https://www.pnas.org/content/pnas/suppl/2013/05/22/1214870110.DCSupplemental/sapp.pdf
507,229,ATM-7,current,,229-ATM7,from top,limestone,Cretaceous,,evergreen,forest,"closed forest, evergreen broad leaf",thin,40.0,no,no,500.0,stalagmite,mixed,,yes,yes,Vienna-PDB,yes,,no,no,yes,no,no,yes,no,no,,,,,no,,,,,no,,,,,no,,,,,no,,,,,no,,,no,,no,no,1,1,https://www.ncdc.noaa.gov/paleo/study/5419
508,230,MAG,current,,230-MAG,from top,limestone,Precambrian,continuous carbonate,unknown,unknown,shrubs,unknown,,no,no,,stalagmite,unknown,,no,yes,Vienna-PDB,unknown,,no,no,no,no,no,no,no,no,,,,,no,,,,,no,,,,,no,,,,,no,,,,,no,,,no,,no,no,1,1,
509,231,P09PH2,current,,231-P09PH2,from top,dolomite limestone,Triassic,continuous carbonate,unknown,unknown,herbaceous vegetation,unknown,,no,no,500.0,stalagmite,unknown,,yes,yes,Vienna-PDB,unknown,,no,no,no,no,no,no,no,no,,,,,no,,,,,no,,,,,no,,,,,no,,,,,no,,,no,,no,no,1,1,https://www.ncdc.noaa.gov/paleo/study/12421
510,232,Itzamna,current,,232-ITZAMNA,from top,limestone,Pliocene,continuous carbonate,unknown,unknown,"open forest, other",unknown,,unknown,unknown,,stalagmite,unknown,,no,yes,Vienna-PDB,yes,,no,no,no,no,unknown,no,no,no,,,,,no,,,,,no,,,,,no,,,,,no,,,,,no,,,no,,no,no,1,1,
511,233,KR1,current,,233-KR1,from top,unknown,unknown,,unknown,unknown,"open forest, other",unknown,,no,no,,stalagmite,unknown,,yes,yes,Vienna-PDB,unknown,,no,no,no,no,no,no,no,no,,,,,no,,,,,no,,,,,no,,,,,no,,,,,no,,,no,,no,no,1,1,http://www.geosociety.org/datarepository/2017/2017282-Data.xlsx
512,234,St8-a,current,,234-ST8A,from top,limestone,Precambrian,continuous carbonate,evergreen,forest,"closed forest, evergreen broad leaf",thick,300.0,no,no,1500.0,stalagmite,unknown,,yes,yes,Vienna-PDB,unknown,,no,no,no,no,no,no,no,no,,,,,no,,,,,no,,,,,no,,,,,no,,,,,no,,,no,,no,no,1,1,
513,234,St8-b,current,,234-ST8B,from top,limestone,Precambrian,continuous carbonate,evergreen,forest,"closed forest, evergreen broad leaf",thick,300.0,no,no,1500.0,stalagmite,unknown,,yes,yes,Vienna-PDB,unknown,,no,no,no,no,no,no,no,no,,,,,no,,,,,no,,,,,no,,,,,no,,,,,no,,,no,,no,no,1,1,
514,235,NC-A,current,,235-NCA,from top,unknown,unknown,continuous carbonate,unknown,forest,urban / built up,unknown,,no,no,,stalagmite,unknown,,no,yes,Vienna-PDB,yes,,no,no,no,no,no,no,no,no,,,,,no,,,,,no,,,,,no,,,,,no,,,,,no,,,no,,no,no,1,1,https://www.ncdc.noaa.gov/paleo/study/9790
515,235,NC-B,current,,235-NCB,from top,unknown,unknown,continuous carbonate,unknown,forest,urban / built up,unknown,,no,no,,stalagmite,unknown,,no,yes,Vienna-PDB,yes,,no,yes,no,no,no,no,no,no,,,,,no,,,,,no,,,,,no,,,,,no,,,,,no,,,no,,no,no,1,1,https://www.ncdc.noaa.gov/paleo/study/9790
516,236,TBV40,current,,236-TBV40,from top,dolomite,Precambrian,continuous carbonate,unknown,unknown,shrubs,unknown,,no,no,,stalagmite,unknown,,no,yes,Vienna-PDB,unknown,,no,no,no,no,no,no,no,no,,,,,no,,,,,no,,,,,no,,,,,no,,,,,no,,,no,,no,no,1,1,https://www.ncdc.noaa.gov/paleo/study/25990
517,236,TBV63,superseded,516; 734,236-TBV63,from top,dolomite,Precambrian,continuous carbonate,unknown,unknown,shrubs,unknown,,no,no,,stalagmite,unknown,,no,yes,Vienna-PDB,unknown,,no,no,no,no,no,no,no,no,,,,,no,,,,,no,,,,,no,,,,,no,,,,,no,,,no,,no,no,1,1,https://www.ncdc.noaa.gov/paleo/study/25990
518,237,Boto 10,current,,237-BOTO10,from top,limestone,Cretaceous,,unknown,unknown,herbaceous vegetation,,100.0,,,,stalagmite,mixed,,no,yes,Vienna-PDB,unknown,,no,no,no,yes,no,no,no,no,,,,,no,,,,,no,,,,,no,,,,,no,,,,,no,,,no,,no,no,1,1,
519,238,MGY,current,,238-MGY,from top,limestone,Precambrian,,evergreen,forest,"closed forest, evergreen broad leaf",thick,30.0,no,no,10.0,stalagmite,fast flow,,yes,yes,Vienna-PDB,unknown,,no,no,yes,no,no,yes,no,no,,,,,no,,,,,no,,,,,no,,,,,no,,,,,no,,,no,,no,yes,1,1,
520,239,BLK12B,current,,239-BLK12B,from top,unknown,unknown,continuous carbonate,unknown,unknown,"closed forest, deciduous needle leaf",unknown,,no,no,,stalagmite,unknown,,no,yes,Vienna-PDB,yes,,no,no,no,no,no,no,no,no,,,,,no,,,,,no,,,,,no,,,,,no,,,,,no,,,no,,no,no,1,1,
521,240,AN4,current,,240-AN4,from top,limestone,unknown,,evergreen,forest,"closed forest, evergreen broad leaf",thin,,no,no,10.0,stalagmite,unknown,,yes,yes,Vienna-PDB,yes,,no,no,unknown,no,no,yes,no,no,,,,,no,,,,,no,,,,,no,,,,,no,,,,,no,,,no,,no,no,1,1,
522,240,AN8,current,,240-AN8,from top,limestone,unknown,,evergreen,forest,"closed forest, evergreen broad leaf",thin,,no,no,15.0,stalagmite,unknown,,yes,yes,Vienna-PDB,yes,,no,no,unknown,no,no,yes,no,no,,,,,no,,,,,no,,,,,no,,,,,no,,,,,no,,,no,,no,no,1,1,
523,241,GB09-03,current,,241-GB0903,from top,limestone,Pleistocene,continuous carbonate,unknown,unknown,"closed forest, evergreen broad leaf",unknown,,no,no,300.0,stalagmite,unknown,,yes,yes,Vienna-PDB,yes,,no,unknown,unknown,no,no,unknown,no,no,,,,,no,,,,,no,,,,,no,,,,,no,,,,,no,,,no,,no,no,1,1,
524,241,GB11-09,current,,241-GB1109,from top,limestone,Pleistocene,continuous carbonate,unknown,unknown,"closed forest, evergreen broad leaf",unknown,,no,no,300.0,stalagmite,unknown,,yes,yes,Vienna-PDB,yes,,no,unknown,unknown,no,no,unknown,no,no,,,,,no,,,,,no,,,,,no,,,,,no,,,,,no,,,no,,no,no,1,1,
525,242,HZZ-11,current,,242-HZZ11,from base,dolomite limestone,Jurassic,continuous carbonate,unknown,unknown,"closed forest, evergreen broad leaf",unknown,,yes,yes,1000.0,stalagmite,unknown,,no,yes,Vienna-PDB,yes,,no,no,no,no,no,no,no,yes,unknown,NIST SRM 612,Yes-SISAL downsampled,Binned average,yes,LA-ICP-MS,NIST SRM 612,Yes-SISAL downsampled,Binned average,yes,LA-ICP-MS,NIST SRM 612,Yes-SISAL downsampled,Binned average,no,,,,,no,,,,,no,,,yes,no,no,no,1,1,https://www.ncdc.noaa.gov/paleo-search/study/26873
526,242,HZZ-27,current,,242-HZZ27,from base,dolomite limestone,Jurassic,continuous carbonate,unknown,unknown,"closed forest, evergreen broad leaf",unknown,,yes,yes,1000.0,stalagmite,unknown,,no,yes,Vienna-PDB,yes,,no,no,no,no,no,no,no,yes,unknown,NIST SRM 612,Yes-SISAL downsampled,Binned average,yes,LA-ICP-MS,NIST SRM 612,Yes-SISAL downsampled,Binned average,yes,LA-ICP-MS,NIST SRM 612,Yes-SISAL downsampled,Binned average,no,,,,,no,,,,,no,,,yes,no,no,no,1,1,https://www.ncdc.noaa.gov/paleo-search/study/26873
527,243,KG-6,current,,243-KG6,from top,limestone,Precambrian,,deciduous,forest,"closed forest, evergreen broad leaf",thick,10.0,no,no,200.0,stalagmite,unknown,,no,yes,Vienna-PDB,unknown,,no,no,yes,no,no,no,no,no,,,,,no,,,,,no,,,,,no,,,,,no,,,,,no,,,no,,no,no,1,1,
528,244,LH1,current,,244-LH1,from top,limestone,Ordovician,continuous carbonate,deciduous,forest,"closed forest, deciduous broad leaf",unknown,,no,no,,stalagmite,unknown,,no,yes,Vienna-PDB,yes,,no,no,no,no,no,no,no,no,,,,,no,,,,,no,,,,,no,,,,,no,,,,,no,,,no,,no,no,1,1,
529,244,LH4,current,,244-LH4,from top,limestone,Ordovician,continuous carbonate,deciduous,forest,"closed forest, deciduous broad leaf",unknown,,no,no,,stalagmite,unknown,,no,yes,Vienna-PDB,yes,,no,no,no,no,no,no,no,no,,,,,no,,,,,no,,,,,no,,,,,no,,,,,no,,,no,,no,no,1,1,
530,244,LH5,current,,244-LH5,from top,limestone,Ordovician,continuous carbonate,deciduous,forest,"closed forest, deciduous broad leaf",unknown,,no,no,,stalagmite,unknown,,no,yes,Vienna-PDB,yes,,no,no,no,no,no,no,no,no,,,,,no,,,,,no,,,,,no,,,,,no,,,,,no,,,no,,no,no,1,1,
531,244,LH6,current,,244-LH6,from top,limestone,Ordovician,continuous carbonate,deciduous,forest,"closed forest, deciduous broad leaf",unknown,,no,no,,stalagmite,unknown,,no,yes,Vienna-PDB,yes,,no,no,no,no,no,no,no,no,,,,,no,,,,,no,,,,,no,,,,,no,,,,,no,,,no,,no,no,1,1,
532,244,LH9,current,,244-LH9,from top,limestone,Ordovician,continuous carbonate,deciduous,forest,"closed forest, deciduous broad leaf",unknown,,no,no,,stalagmite,unknown,,no,yes,Vienna-PDB,yes,,no,no,no,no,no,no,no,no,,,,,no,,,,,no,,,,,no,,,,,no,,,,,no,,,no,,no,no,1,1,
533,244,LH30,current,,244-LH30,from top,limestone,Ordovician,continuous carbonate,deciduous,forest,"closed forest, deciduous broad leaf",unknown,,no,no,,stalagmite,unknown,,no,yes,Vienna-PDB,yes,,no,no,no,no,no,no,no,no,,,,,no,,,,,no,,,,,no,,,,,no,,,,,no,,,no,,no,no,1,1,
534,245,NK-1305,current,,245-NK1305,from top,unknown,Precambrian,,unknown,unknown,herbaceous vegetation,unknown,8.0,unknown,unknown,,stalagmite,unknown,,yes,yes,Vienna-PDB,unknown,,no,no,yes,no,no,no,no,yes,unknown,other (see notes),No-not applicable,,no,,,,,yes,solution ICP-MS,other (see notes),No-not applicable,,yes,solution ICP-MS,other (see notes),No-not applicable,,no,,,,,no,,,yes,no,no,yes,1,1,
535,246,SR02,current,,246-SR02,from top,limestone,Pleistocene,continuous carbonate,unknown,unknown,permanent water bodies,unknown,,no,no,450.0,stalagmite,unknown,,no,yes,Vienna-PDB,unknown,,no,unknown,unknown,unknown,unknown,no,no,no,,,,,no,,,,,no,,,,,no,,,,,no,,,,,no,,,no,,no,no,1,1,https://www.ncdc.noaa.gov/paleo/study/19199
536,247,SHC-01,current,,247-SHC01,from top,limestone,Oligocene,,unknown,unknown,herbaceous vegetation,unknown,16.0,no,no,200.0,stalagmite,mixed,,yes,yes,Vienna-PDB,yes,,no,no,no,no,no,no,no,no,,,,,no,,,,,no,,,,,no,,,,,no,,,,,no,,,no,,no,no,1,1,
537,247,SHC-02,current,,247-SHC02,from top,limestone,Oligocene,,unknown,unknown,herbaceous vegetation,unknown,16.0,no,no,200.0,stalagmite,mixed,,yes,yes,Vienna-PDB,yes,,no,no,no,no,no,no,no,no,,,,,no,,,,,no,,,,,no,,,,,no,,,,,no,,,no,,no,no,1,1,
538,248,SQ1,current,,248-SQ1,from top,limestone,Triassic,continuous carbonate,evergreen,forest,"open forest, other",unknown,,no,no,,stalagmite,unknown,,no,yes,Vienna-PDB,yes,,no,no,no,no,no,no,no,no,,,,,no,,,,,no,,,,,no,,,,,no,,,,,no,,,no,,no,no,1,1,
539,248,SQ7,current,,248-SQ7,from top,limestone,Triassic,continuous carbonate,evergreen,forest,"open forest, other",unknown,,no,no,,stalagmite,unknown,,no,yes,Vienna-PDB,yes,,no,no,no,no,no,no,no,no,,,,,no,,,,,no,,,,,no,,,,,no,,,,,no,,,no,,no,no,1,1,
540,249,SG1,current,,249-SG1,from top,unknown,unknown,continuous carbonate,unknown,forest,"closed forest, evergreen broad leaf",unknown,,no,no,,stalagmite,unknown,,no,yes,Vienna-PDB,yes,,no,no,no,no,no,no,no,no,,,,,no,,,,,no,,,,,no,,,,,no,,,,,no,,,no,,no,no,1,1,
541,249,SG2,current,,249-SG2,from top,unknown,unknown,continuous carbonate,unknown,forest,"closed forest, evergreen broad leaf",unknown,,no,no,,stalagmite,unknown,,no,yes,Vienna-PDB,yes,,no,no,no,no,no,no,no,no,,,,,no,,,,,no,,,,,no,,,,,no,,,,,no,,,no,,no,no,1,1,
542,250,WY27,current,,250-WY27,from top,unknown,unknown,discontinuous carbonate,unknown,unknown,cultivated and managed vegetation / agriculture,unknown,,,,500.0,stalagmite,unknown,,no,yes,Vienna-PDB,yes,,no,no,no,no,no,no,no,no,,,,,no,,,,,no,,,,,no,,,,,no,,,,,no,,,no,,no,no,1,1,
543,250,WY33,current,,250-WY33,from top,unknown,unknown,discontinuous carbonate,unknown,unknown,cultivated and managed vegetation / agriculture,unknown,,,,500.0,stalagmite,unknown,,no,yes,Vienna-PDB,yes,,no,no,no,no,no,no,no,no,,,,,no,,,,,no,,,,,no,,,,,no,,,,,no,,,no,,no,no,1,1,
544,251,ZZ12,current,,251-ZZ12,from top,dolomite limestone,Cambrian,continuous carbonate,unknown,forest,"closed forest, deciduous broad leaf",unknown,,no,no,,stalagmite,unknown,,yes,yes,Vienna-PDB,yes,,no,no,yes,no,no,no,no,no,,,,,no,,,,,no,,,,,no,,,,,no,,,,,no,,,no,,no,no,1,1,
545,252,AD4,current,,252-AD4,from top,limestone,Eocene,,unknown,unknown,shrubs,unknown,10.0,no,no,20.0,stalagmite,unknown,,yes,yes,Vienna-PDB,no,,no,no,no,no,no,no,no,no,,,,,no,,,,,no,,,,,no,,,,,no,,,,,no,,,no,,no,no,1,1,
546,253,Hq-1,current,,253-HQ1,from top,limestone,Palaeocene,,barren,limited or no use,shrubs,unknown,,no,no,200.0,stalagmite,unknown,,yes,yes,Vienna-PDB,no,,no,no,no,no,no,no,no,no,,,,,no,,,,,no,,,,,no,,,,,no,,,,,no,,,no,,no,no,1,1,
547,253,STM1,current,,253-STM1,from top,limestone,Palaeocene,,barren,limited or no use,shrubs,unknown,,no,no,2000.0,stalagmite,unknown,,yes,yes,Vienna-PDB,no,,no,no,no,no,no,no,no,no,,,,,no,,,,,no,,,,,no,,,,,no,,,,,no,,,no,,no,no,1,1,
548,253,STM6,current,,253-STM6,from top,limestone,Palaeocene,,barren,limited or no use,shrubs,unknown,,no,no,2000.0,stalagmite,unknown,,yes,yes,Vienna-PDB,no,,no,no,no,no,no,no,no,no,,,,,no,,,,,no,,,,,no,,,,,no,,,,,no,,,no,,no,no,1,1,
549,254,46745,current,,254-46745,from top,other (see notes),mixed (see notes),,shrubland,mixed (see notes),herbaceous vegetation,thick,50.0,,,,flowstone,unknown,,yes,yes,Vienna-PDB,unknown,,no,no,no,no,no,no,no,no,,,,,no,,,,,no,,,,,no,,,,,no,,,,,no,,,no,,no,no,1,1,
550,254,46746-a,current,,254-46746A,from top,other (see notes),mixed (see notes),,shrubland,mixed (see notes),herbaceous vegetation,thick,50.0,,,,stalactite,unknown,,yes,yes,Vienna-PDB,unknown,,no,no,no,no,no,no,no,no,,,,,no,,,,,no,,,,,no,,,,,no,,,,,no,,,no,,no,no,1,1,
551,254,46747,current,,254-46747,from top,other (see notes),mixed (see notes),,shrubland,mixed (see notes),herbaceous vegetation,thick,50.0,,,,stalactite,unknown,,yes,yes,Vienna-PDB,unknown,,no,no,no,no,no,no,no,no,,,,,no,,,,,no,,,,,no,,,,,no,,,,,no,,,no,,no,no,1,1,
552,254,138862.1,current,,254-1388621,from top,other (see notes),mixed (see notes),,shrubland,mixed (see notes),herbaceous vegetation,thick,50.0,,,,flowstone,unknown,,yes,yes,Vienna-PDB,unknown,,no,no,no,no,no,no,no,no,,,,,no,,,,,no,,,,,no,,,,,no,,,,,no,,,no,,no,no,1,1,
553,254,138862.2a,current,,254-1388622A,from top,other (see notes),mixed (see notes),,shrubland,mixed (see notes),herbaceous vegetation,thick,50.0,,,,flowstone,unknown,,yes,yes,Vienna-PDB,unknown,,no,no,no,no,no,no,no,no,,,,,no,,,,,no,,,,,no,,,,,no,,,,,no,,,no,,no,no,1,1,
554,254,142828,current,,254-142828,from top,other (see notes),mixed (see notes),,shrubland,mixed (see notes),herbaceous vegetation,thick,50.0,,,,flowstone,unknown,,yes,yes,Vienna-PDB,unknown,,no,no,no,no,no,no,no,no,,,,,no,,,,,no,,,,,no,,,,,no,,,,,no,,,no,,no,no,1,1,
555,254,46746-b,current,,254-46746B,from base,other (see notes),mixed (see notes),,shrubland,mixed (see notes),herbaceous vegetation,thick,50.0,,,,stalactite,unknown,,yes,yes,Vienna-PDB,unknown,,no,no,no,no,no,no,no,no,,,,,no,,,,,no,,,,,no,,,,,no,,,,,no,,,no,,no,no,1,1,
556,254,138862.2b,current,,254-1388622B,from top,other (see notes),mixed (see notes),,shrubland,mixed (see notes),herbaceous vegetation,thick,50.0,,,,flowstone,unknown,,yes,yes,Vienna-PDB,unknown,,no,no,no,no,no,no,no,no,,,,,no,,,,,no,,,,,no,,,,,no,,,,,no,,,no,,no,no,1,1,
557,255,MT1,current,,255-MT1,from top,limestone,Eocene,,unknown,unknown,shrubs,unknown,25.0,no,no,40.0,stalagmite,unknown,,yes,yes,Vienna-PDB,no,,no,no,no,no,no,no,no,no,,,,,no,,,,,no,,,,,no,,,,,no,,,,,no,,,no,,no,no,1,1,
558,256,LFG-2,current,,256-LFG2,from base,limestone,Jurassic,,deciduous,forest,"closed forest, deciduous broad leaf",thick,,no,no,,stalagmite,unknown,,yes,yes,PDB,yes,,no,no,yes,no,no,no,no,no,,,,,no,,,,,no,,,,,no,,,,,no,,,,,no,,,no,,no,no,1,1,
559,257,2p,current,,257-2P,from top,limestone,Jurassic,,sparse,farmland,herbaceous vegetation,thin,30.0,no,no,200.0,stalagmite,seasonal drip,,yes,yes,Vienna-PDB,no,,no,no,no,no,no,no,no,no,,,,,no,,,,,no,,,,,no,,,,,no,,,,,no,,,no,,no,no,1,1,
560,258,STAL-B7-7,current,,258-STALB77,from base,limestone,Devonian,,unknown,unknown,cultivated and managed vegetation / agriculture,unknown,,no,no,,stalagmite,unknown,1.0,yes,yes,PDB,yes,,no,no,yes,no,no,no,unknown,no,,,,,no,,,,,no,,,,,no,,,,,no,,,,,no,,,no,,no,no,1,1,
561,259,PA-8,current,,259-PA8,from top,dolomite limestone,Carboniferous,,sparse,unknown,herbaceous vegetation,unknown,150.0,unknown,unknown,1200.0,stalagmite,unknown,,yes,yes,Vienna-PDB,unknown,,no,yes,no,no,no,no,no,yes,unknown,NIST SRM 612,Yes-SISAL downsampled,Binned average,yes,LA-ICP-MS,NIST SRM 612,Yes-SISAL downsampled,Binned average,yes,LA-ICP-MS,NIST SRM 612,Yes-SISAL downsampled,Binned average,yes,LA-ICP-MS,NIST SRM 612,Yes-SISAL downsampled,Binned average,yes,LA-ICP-MS,NIST SRM 612,Yes-SISAL downsampled,Binned average,no,,,no,no,no,no,1,1,
562,260,CA,current,,260-CA,from top,dolomite limestone,Cambrian,discontinuous carbonate,unknown,unknown,shrubs,unknown,200.0,no,no,,flowstone,unknown,,yes,yes,Vienna-PDB,no,,no,no,yes,no,no,no,no,no,,,,,no,,,,,no,,,,,no,,,,,no,,,,,no,,,no,,no,no,1,1,
563,261,SIR-1,current,,261-SIR1,from top,unknown,Cretaceous,discontinuous evaporite,unknown,forest,"open forest, other",patchy,120.0,no,no,1300.0,stalagmite,unknown,,yes,yes,Vienna-PDB,unknown,,unknown,no,yes,no,no,no,unknown,no,,,,,no,,,,,no,,,,,no,,,,,no,,,,,no,,,no,,no,no,1,1,
564,262,BB-1,current,,262-BB1,from top,limestone,Triassic,continuous carbonate,mixed (see notes),farmland,cultivated and managed vegetation / agriculture,thick,60.0,unknown,yes,440.0,stalagmite,mixed,,yes,yes,Vienna-PDB,unknown,,yes,no,yes,no,no,no,no,yes,unknown,,,,no,,,,,no,,,,,no,,,,,no,,,,,no,,,yes,no,no,yes,1,1,
565,262,BB-3,current,,262-BB3,from top,limestone,Triassic,continuous carbonate,mixed (see notes),farmland,cultivated and managed vegetation / agriculture,thick,60.0,unknown,yes,440.0,stalagmite,mixed,,yes,yes,Vienna-PDB,unknown,,yes,no,yes,no,no,no,no,yes,unknown,,,,no,,,,,no,,,,,no,,,,,no,,,,,no,,,yes,no,no,yes,1,1,
566,263,ocz-6,current,,263-OCZ6,from base,limestone,Cretaceous,continuous carbonate,deciduous,farmland,"closed forest, deciduous broad leaf",patchy,,unknown,unknown,20.0,stalagmite,seasonal drip,,yes,yes,Vienna-PDB,yes,,no,no,yes,no,no,no,no,no,,,,,no,,,,,no,,,,,no,,,,,no,,,,,no,,,no,,no,no,1,1,
567,264,SPD-1,current,,264-SPD1,from top,limestone,Cretaceous,continuous carbonate,sparse,limited or no use,"open forest, other",patchy,27.0,no,no,73.0,stalagmite,seepage flow,,yes,yes,Vienna-PDB,yes,,no,no,no,no,no,no,no,no,,,,,no,,,,,no,,,,,no,,,,,no,,,,,no,,,no,,no,no,1,1,
568,264,SPD-2,current,,264-SPD2,from top,limestone,Cretaceous,continuous carbonate,sparse,limited or no use,"open forest, other",patchy,27.0,no,no,75.0,stalagmite,seepage flow,0.3,yes,yes,Vienna-PDB,yes,,no,no,no,no,no,no,no,no,,,,,no,,,,,no,,,,,no,,,,,no,,,,,no,,,no,,no,no,1,1,
569,265,CAM-1,current,,265-CAM1,from top,dolomite,Triassic,continuous carbonate,evergreen,forest,"open forest, other",thin,,no,no,,stalagmite,unknown,,yes,yes,Vienna-PDB,yes,,no,no,yes,no,no,no,no,no,,,,,no,,,,,no,,,,,no,,,,,no,,,,,no,,,no,,no,no,1,1,https://www.ncdc.noaa.gov/paleo/study/24950 
570,266,Vic-III-4,current,,266-VICIII4,from top,dolomite limestone,Triassic,discontinuous carbonate,sparse,other (see notes),shrubs,thin,30.0,,,350.0,flowstone,unknown,,yes,yes,Vienna-PDB,unknown,,no,no,yes,no,no,no,no,no,,,,,no,,,,,no,,,,,no,,,,,no,,,,,no,,,no,,yes,no,1,1,
571,267,GCL6,current,,267-GCL6,from top,limestone,Jurassic,,evergreen,other (see notes),"closed forest, other",thin,13.0,no,no,100.0,stalagmite,unknown,,yes,yes,Vienna-PDB,unknown,,no,no,yes,no,no,no,no,no,,,,,no,,,,,no,,,,,no,,,,,no,,,,,no,,,no,,no,no,1,1,
572,268,PN-95-5,superseded,714,268-PN955,from top,dolomite limestone,Devonian,,unknown,unknown,herbaceous vegetation,unknown,70.0,unknown,unknown,,stalagmite,unknown,,yes,yes,Vienna-PDB,unknown,,no,yes,no,no,no,no,no,yes,unknown,,,,no,,,,,no,,,,,no,,,,,no,,,,,no,,,no,no,no,no,1,1,
573,269,Gej-1,current,,269-GEJ1,from top,limestone,Cretaceous,continuous carbonate,shrubland,limited or no use,herbaceous vegetation,unknown,20.0,no,no,438.0,stalagmite,unknown,,yes,yes,Vienna-PDB,no,,no,no,yes,no,no,no,unknown,yes,unknown,NIST SRM 610,Yes-SISAL downsampled,Binned average,yes,LA-ICP-MS,NIST SRM 610,Yes-SISAL downsampled,Binned average,no,,,,,yes,LA-ICP-MS,NIST SRM 610,Yes-SISAL downsampled,Binned average,yes,LA-ICP-MS,NIST SRM 610,Yes-SISAL downsampled,Binned average,no,,,yes,no,no,yes,1,1,
574,270,GZ14-1,current,,270-GZ141,from top,dolomite limestone,unknown,discontinuous carbonate,sparse,limited or no use,herbaceous vegetation,unknown,,yes,yes,300.0,stalagmite,unknown,,yes,yes,Vienna-PDB,unknown,,no,no,yes,no,no,no,no,yes,unknown,standard stock solutions of known concentrations,No-aliquots of same powder used for stable isotope and trace element measurements,,yes,solution ICP-MS,standard stock solutions of known concentrations,No-aliquots of same powder used for stable isotope and trace element measurements,,yes,solution ICP-MS,standard stock solutions of known concentrations,No-aliquots of same powder used for stable isotope and trace element measurements,,no,,,,,no,,,,,no,,,no,no,no,no,1,1,
575,271,YB-F1,current,,271-YBF1,from top,limestone,Silurian,discontinuous carbonate,other (see notes),forest,"closed forest, evergreen broad leaf",unknown,20.0,unknown,unknown,,flowstone,unknown,,yes,yes,Vienna-PDB,unknown,,yes,no,no,no,no,no,no,yes,unknown,NIST SRM 612,Yes-SISAL downsampled,Binned average,yes,LA-ICP-MS,NIST SRM 612,Yes-SISAL downsampled,Binned average,yes,LA-ICP-MS,NIST SRM 612,Yes-SISAL downsampled,Binned average,yes,LA-ICP-MS,NIST SRM 612,Yes-SISAL downsampled,Binned average,yes,LA-ICP-MS,NIST SRM 612,Yes-SISAL downsampled,Binned average,no,,,yes,no,no,no,1,1,
576,272,M-1,current,,272-M1,from top,limestone,Oligocene,continuous carbonate,deciduous,forest,"closed forest, evergreen broad leaf",thick,,no,no,,stalagmite,unknown,,yes,yes,Vienna-PDB,unknown,,unknown,unknown,unknown,unknown,unknown,unknown,unknown,no,,,,,no,,,,,no,,,,,no,,,,,no,,,,,no,,,no,,no,no,1,1,
577,273,CRC-3,current,,273-CRC3,from top,unknown,unknown,,unknown,unknown,"closed forest, evergreen needle leaf",unknown,70.0,no,yes,150.0,stalagmite,unknown,,no,yes,Vienna-PDB,yes,,no,no,no,no,no,yes,no,no,,,,,no,,,,,no,,,,,no,,,,,no,,,,,no,,,no,,no,no,1,1,https://media.nature.com/original/nature-assets/ngeo/journal/v6/n8/extref/ngeo1862-s1.pdf
578,274,CT-1,current,,274-CT1,from base,limestone,Palaeocene,discontinuous carbonate,unknown,forest,cultivated and managed vegetation / agriculture,unknown,,no,no,,stalagmite,unknown,,yes,yes,Vienna-PDB,unknown,,no,no,no,no,no,no,no,no,,,,,no,,,,,no,,,,,no,,,,,no,,,,,no,,,no,,no,no,1,1,https://www.ncdc.noaa.gov/paleo/study/10442 
579,274,CT-5,current,,274-CT5,from base,limestone,Palaeocene,discontinuous carbonate,unknown,forest,cultivated and managed vegetation / agriculture,unknown,,no,no,,stalagmite,unknown,,yes,yes,Vienna-PDB,unknown,,no,no,no,no,no,no,no,no,,,,,no,,,,,no,,,,,no,,,,,no,,,,,no,,,no,,no,no,1,1,https://www.ncdc.noaa.gov/paleo/study/10442 
580,274,CT-6,current,,274-CT6,from base,limestone,Palaeocene,discontinuous carbonate,unknown,forest,cultivated and managed vegetation / agriculture,unknown,,no,no,,stalagmite,unknown,,yes,yes,Vienna-PDB,unknown,,no,no,no,no,no,no,no,no,,,,,no,,,,,no,,,,,no,,,,,no,,,,,no,,,no,,no,no,1,1,https://www.ncdc.noaa.gov/paleo/study/10442 
581,274,CT-7,current,,274-CT7,from base,limestone,Palaeocene,discontinuous carbonate,unknown,forest,cultivated and managed vegetation / agriculture,unknown,,no,no,,stalagmite,unknown,,yes,yes,Vienna-PDB,unknown,,no,no,no,no,no,no,no,no,,,,,no,,,,,no,,,,,no,,,,,no,,,,,no,,,no,,no,no,1,1,https://www.ncdc.noaa.gov/paleo/study/10442 
582,72,POM1,current,,72-POM1,from top,limestone,Cretaceous,continuous carbonate,deciduous,forest,"closed forest, deciduous broad leaf",thick,40.0,no,yes,80.0,stalagmite,seepage flow,,yes,yes,Vienna-PDB,yes,,no,no,no,no,no,no,no,no,,,,,no,,,,,no,,,,,no,,,,,no,,,,,no,,,no,,no,no,1,1,10.1594/PANGAEA.892728
583,275,BG41,current,,275-BG41,from top,limestone,Jurassic,continuous carbonate,shrubland,forest,herbaceous vegetation,thin,50.0,no,no,34.0,stalagmite,unknown,,yes,yes,Vienna-PDB,unknown,,no,no,yes,no,no,no,no,no,,,,,no,,,,,no,,,,,no,,,,,no,,,,,no,,,no,,no,no,1,1,
584,275,BG66,current,,275-BG66,from top,limestone,Jurassic,continuous carbonate,shrubland,forest,herbaceous vegetation,thin,50.0,no,no,34.0,stalagmite,unknown,,yes,yes,Vienna-PDB,unknown,,no,no,yes,no,no,no,no,no,,,,,no,,,,,no,,,,,no,,,,,no,,,,,no,,,no,,no,no,1,1,
585,275,BG67,current,,275-BG67,from top,limestone,Jurassic,continuous carbonate,shrubland,forest,herbaceous vegetation,thin,50.0,no,no,34.0,stalagmite,unknown,,yes,yes,Vienna-PDB,unknown,,no,no,yes,no,no,no,no,no,,,,,no,,,,,no,,,,,no,,,,,no,,,,,no,,,no,,no,no,1,1,
586,275,BG611,current,,275-BG611,from top,limestone,Jurassic,continuous carbonate,shrubland,forest,herbaceous vegetation,thin,50.0,no,no,34.0,stalagmite,unknown,,yes,yes,Vienna-PDB,unknown,,no,no,yes,no,no,no,no,no,,,,,no,,,,,no,,,,,no,,,,,no,,,,,no,,,no,,no,no,1,1,
587,275,BG6LR,current,,275-BG6LR,from top,limestone,Jurassic,continuous carbonate,shrubland,forest,herbaceous vegetation,thin,50.0,no,no,34.0,stalagmite,unknown,,yes,yes,Vienna-PDB,unknown,,no,no,yes,no,no,no,no,no,,,,,no,,,,,no,,,,,no,,,,,no,,,,,no,,,no,,no,no,1,1,
588,215,Cha2_2019,current,,215-CHA2,from top,dolomite,Jurassic,,unknown,unknown,"closed forest, mixed",unknown,,no,no,300.0,stalagmite,seasonal drip,,no,yes,Vienna-PDB,yes,,no,no,yes,no,no,no,no,no,,,,,no,,,,,no,,,,,no,,,,,no,,,,,no,,,no,,no,no,1,1,
589,215,Cha1,current,,215-CHA1,from top,dolomite,Jurassic,,unknown,unknown,"closed forest, mixed",unknown,,no,no,300.0,stalagmite,seasonal drip,,no,yes,Vienna-PDB,yes,,no,no,yes,no,no,no,no,no,,,,,no,,,,,no,,,,,no,,,,,no,,,,,no,,,no,,no,no,1,1,
590,182,KOT-I,current,,182-KOTI,from top,limestone,Precambrian,,deciduous,forest,cultivated and managed vegetation / agriculture,thick,35.0,,,140.0,stalagmite,unknown,,yes,yes,Vienna-PDB,yes,,no,no,yes,no,no,no,no,no,,,,,no,,,,,no,,,,,no,,,,,no,,,,,no,,,no,,no,no,1,1,
591,135,GP2,current,,135-GP2,from top,dolomite,Jurassic,,unknown,unknown,"closed forest, other",unknown,,no,unknown,50.0,stalagmite,seasonal drip,,no,yes,Vienna-PDB,yes,,no,no,yes,no,no,no,no,no,,,,,no,,,,,no,,,,,no,,,,,no,,,,,no,,,yes,,no,no,1,1,https://www.ncei.noaa.gov/access/paleo-search/study/20266
592,192,ELC-A,current,,192-ELCA,from top,unknown,unknown,,unknown,unknown,herbaceous vegetation,unknown,,,,,stalagmite,unknown,,yes,yes,Vienna-PDB,yes,,no,no,no,no,no,no,no,no,,,,,no,,,,,no,,,,,no,,,,,no,,,,,no,,,no,,no,no,1,1,https://www.ncdc.noaa.gov/paleo/study/13836
593,192,ELC-B,current partially modified,703,192-ELCB,from top,unknown,unknown,,unknown,unknown,herbaceous vegetation,unknown,,,,,stalagmite,unknown,,yes,yes,Vienna-PDB,yes,,no,no,no,no,no,no,no,no,,,,,no,,,,,no,,,,,no,,,,,no,,,,,no,,,no,,no,no,1,1,https://www.ncdc.noaa.gov/paleo/study/13836
594,27,TM6,current,,27-TM6,from top,dolomite,Precambrian,discontinuous carbonate,deciduous,forest,herbaceous vegetation,other (see notes),50.0,yes,yes,,stalagmite,unknown,,yes,yes,Vienna-PDB,unknown,,no,no,no,no,no,no,no,no,,,,,no,,,,,no,,,,,no,,,,,no,,,,,no,,,no,,no,no,1,1,
595,276,BNT-2,current,,276-BNT2,from top,limestone,Triassic,discontinuous carbonate,deciduous,forest,"closed forest, deciduous broad leaf",patchy,45.0,yes,yes,100.0,flowstone,seasonal drip,,yes,yes,Vienna-PDB,yes,,no,yes,yes,no,no,yes,no,no,,,,,no,,,,,no,,,,,no,,,,,no,,,,,no,,,no,,no,no,1,1,
596,117,Bu2_2018,current partially modified,241,117-BU2,from top,limestone,Devonian,discontinuous carbonate,deciduous,mixed (see notes),urban / built up,thin,,unknown,unknown,,stalagmite,unknown,,yes,yes,Vienna-PDB,unknown,,unknown,unknown,yes,unknown,no,no,no,yes,unknown,NIST SRM 612,Yes-SISAL downsampled,Binned average,yes,LA-ICP-MS,NIST SRM 612,Yes-SISAL downsampled,Binned average,no,,,,,yes,LA-ICP-MS,NIST SRM 612,Yes-SISAL downsampled,Binned average,yes,LA-ICP-MS,NIST SRM 612,Yes-SISAL downsampled,Binned average,yes,other (see notes),SrCO3 (NIST SRM 987),yes,no,yes,yes,1,1,
597,277,P00-H2,current,,277-P00H2,from top,dolomite limestone,Triassic,continuous carbonate,unknown,unknown,herbaceous vegetation,unknown,,no,no,650.0,stalagmite,unknown,,yes,yes,Vienna-PDB,unknown,,no,no,no,no,no,no,no,no,,,,,no,,,,,no,,,,,no,,,,,no,,,,,no,,,no,,no,no,1,1,https://www.ncdc.noaa.gov/paleo/study/16405
598,277,P00-H1,current,,277-P00H1,from top,dolomite limestone,Triassic,continuous carbonate,unknown,unknown,herbaceous vegetation,unknown,,no,no,650.0,stalagmite,unknown,,yes,yes,Vienna-PDB,unknown,,no,no,no,no,no,no,no,no,,,,,no,,,,,no,,,,,no,,,,,no,,,,,no,,,no,,no,no,1,1,https://www.ncdc.noaa.gov/paleo/study/16405
599,277,P09-H1b,current,,277-P09H1B,from top,dolomite limestone,Triassic,continuous carbonate,unknown,unknown,herbaceous vegetation,unknown,300.0,no,no,1100.0,stalagmite,seepage flow,,no,yes,Vienna-PDB,no,,no,no,no,no,no,no,no,no,,,,,no,,,,,no,,,,,no,,,,,no,,,,,no,,,no,,no,no,1,1,
600,277,P10-H5,current,,277-P10H5,from top,dolomite limestone,Triassic,continuous carbonate,unknown,unknown,herbaceous vegetation,unknown,300.0,no,no,1100.0,stalagmite,seepage flow,,no,yes,Vienna-PDB,no,,no,no,no,no,no,no,no,no,,,,,no,,,,,no,,,,,no,,,,,no,,,,,no,,,no,,no,no,1,1,
601,277,P10-H2,current,,277-P10H2,from top,dolomite limestone,Triassic,continuous carbonate,unknown,unknown,herbaceous vegetation,unknown,300.0,no,no,1100.0,stalagmite,seepage flow,,no,yes,Vienna-PDB,no,,no,no,no,no,no,no,no,no,,,,,no,,,,,no,,,,,no,,,,,no,,,,,no,,,no,,no,no,1,1,
602,277,PeruMIS6Composite,current,,277-PERUMIS6-COMP,from top,dolomite limestone,Triassic,continuous carbonate,unknown,unknown,herbaceous vegetation,unknown,,no,no,,composite,not applicable,,no,yes,Vienna-PDB,no,,no,no,no,no,no,no,no,no,,,,,no,,,,,no,,,,,no,,,,,no,,,,,no,,,no,,no,no,1,1,
603,24,LSF15,current,,24-LSF15,from top,limestone,Precambrian,discontinuous carbonate,deciduous,mixed (see notes),herbaceous vegetation,patchy,20.0,no,no,,stalagmite,unknown,3.0,yes,yes,Vienna-PDB,unknown,,no,yes,no,no,no,no,no,no,,,,,no,,,,,no,,,,,no,,,,,no,,,,,no,,,no,,no,no,1,1,
604,24,LSF3_2018,current partially modified,92,24-LSF3,from top,limestone,Precambrian,discontinuous carbonate,deciduous,mixed (see notes),herbaceous vegetation,patchy,20.0,no,no,,stalagmite,unknown,3.0,yes,yes,Vienna-PDB,unknown,,no,yes,no,no,no,no,no,no,,,,,no,,,,,no,,,,,no,,,,,no,,,,,yes,unknown,SrCO3 (NIST SRM 987),no,no,no,no,1,1,
605,24,LSF13,current partially modified,708; 711,24-LSF13,from top,limestone,Precambrian,discontinuous carbonate,deciduous,mixed (see notes),herbaceous vegetation,patchy,20.0,,,,stalagmite,unknown,,no,yes,Vienna-PDB,unknown,,no,yes,no,no,no,no,no,no,,,,,no,,,,,no,,,,,no,,,,,no,,,,,no,,,no,,no,no,1,1,
606,24,LSF11,current,,24-LSF11,from top,limestone,Precambrian,discontinuous carbonate,deciduous,mixed (see notes),herbaceous vegetation,patchy,20.0,no,no,,stalagmite,unknown,3.0,no,yes,Vienna-PDB,unknown,,no,yes,no,no,no,no,no,no,,,,,no,,,,,no,,,,,no,,,,,no,,,,,no,,,no,,no,no,1,1,
607,24,LSF9,current,,24-LSF9,from top,limestone,Precambrian,discontinuous carbonate,deciduous,mixed (see notes),herbaceous vegetation,patchy,20.0,no,no,,stalagmite,unknown,3.0,no,yes,Vienna-PDB,unknown,,no,yes,no,no,no,no,no,no,,,,,no,,,,,no,,,,,no,,,,,no,,,,,no,,,no,,no,no,1,1,
608,177,CM_2019,current partially modified,388,177-CM,from top,dolomite limestone,Jurassic,continuous carbonate,mixed (see notes),unknown,"open forest, other",thin,60.0,no,no,50.0,stalagmite,unknown,,yes,yes,Vienna-PDB,unknown,,no,no,no,no,no,no,no,yes,unknown,NIST SRM 612,Yes-author downsampled,Binned average,yes,LA-ICP-MS,NIST SRM 612,Yes-author downsampled,Binned average,yes,LA-ICP-MS,NIST SRM 612,Yes-author downsampled,Binned average,yes,LA-ICP-MS,NIST SRM 612,Yes-author downsampled,Binned average,yes,LA-ICP-MS,NIST SRM 612,Yes-author downsampled,Binned average,no,,,yes,no,no,yes,1,1,"10.1594/PANGAEA.912647, https://10.1594/PANGAEA.912646"
609,177,CMa,current,,177-CMA,from top,dolomite limestone,Jurassic,continuous carbonate,mixed (see notes),unknown,"open forest, other",thin,60.0,no,no,50.0,stalagmite,unknown,,yes,yes,Vienna-PDB,unknown,,no,no,no,no,no,no,no,no,,,,,no,,,,,no,,,,,no,,,,,no,,,,,no,,,no,,no,no,1,1,
610,177,CMb,current,,177-CMB,from top,dolomite limestone,Jurassic,continuous carbonate,mixed (see notes),unknown,"open forest, other",thin,60.0,no,no,50.0,stalagmite,unknown,,yes,yes,Vienna-PDB,unknown,,no,no,no,no,no,no,no,no,,,,,no,,,,,no,,,,,no,,,,,no,,,,,no,,,no,,no,no,1,1,
611,113,PX5,current,,113-PX5,from top,limestone,Precambrian,continuous carbonate,unknown,unknown,shrubs,unknown,,no,no,,stalagmite,unknown,,no,yes,Vienna-PDB,unknown,,no,no,no,no,no,no,no,no,,,,,no,,,,,no,,,,,no,,,,,no,,,,,no,,,no,,no,no,1,1,
612,113,PX7_2018,current,,113-PX7,from top,limestone,Precambrian,continuous carbonate,unknown,unknown,shrubs,unknown,,no,no,,stalagmite,unknown,,no,yes,Vienna-PDB,unknown,,no,no,no,no,no,no,no,no,,,,,no,,,,,no,,,,,no,,,,,no,,,,,no,,,no,,no,no,1,1,
613,278,PP1,current,,278-PP1,from top,unknown,unknown,discontinuous carbonate,unknown,unknown,herbaceous vegetation,unknown,,no,no,,stalagmite,unknown,,no,yes,Vienna-PDB,unknown,,unknown,unknown,unknown,unknown,unknown,unknown,unknown,no,,,,,no,,,,,no,,,,,no,,,,,no,,,,,no,,,no,,no,no,1,1,https://www.ncdc.noaa.gov/paleo/study/9739 
614,23,LG12B,current,,23-LG12B,from top,limestone,Precambrian,discontinuous carbonate,deciduous,mixed (see notes),shrubs,patchy,,no,no,500.0,stalagmite,unknown,3.0,no,yes,Vienna-PDB,unknown,,no,no,no,no,no,no,no,no,,,,,no,,,,,no,,,,,no,,,,,no,,,,,no,,,no,,no,no,1,1,
615,23,LG10,current,,23-LG10,from top,limestone,Precambrian,discontinuous carbonate,deciduous,mixed (see notes),shrubs,patchy,,no,no,500.0,stalagmite,unknown,3.0,no,yes,Vienna-PDB,unknown,,no,no,no,no,no,no,no,no,,,,,no,,,,,no,,,,,no,,,,,no,,,,,no,,,no,,no,no,1,1,
616,23,LG25,current,,23-LG25,from top,limestone,Precambrian,discontinuous carbonate,deciduous,mixed (see notes),shrubs,patchy,,no,no,500.0,stalagmite,unknown,3.0,no,yes,Vienna-PDB,unknown,,no,no,no,no,no,no,no,no,,,,,no,,,,,no,,,,,no,,,,,no,,,,,no,,,no,,no,no,1,1,
617,6,MSP,current,,6-MSP,from top,unknown,unknown,,unknown,unknown,cultivated and managed vegetation / agriculture,unknown,,,,31.0,stalagmite,unknown,,no,yes,Vienna-PDB,yes,,no,no,no,no,no,no,no,no,,,,,no,,,,,no,,,,,no,,,,,no,,,,,no,,,no,,no,no,1,1,https://www.ncdc.noaa.gov/paleo/study/5440
618,6,MSX,current,,6-MSX,from top,unknown,unknown,,unknown,unknown,cultivated and managed vegetation / agriculture,unknown,,,,35.0,stalagmite,unknown,,no,yes,Vienna-PDB,yes,,no,no,no,no,no,no,no,no,,,,,no,,,,,no,,,,,no,,,,,no,,,,,no,,,no,,no,no,1,1,https://www.ncdc.noaa.gov/paleo/study/5440
619,6,MSH,current,,6-MSH,from top,unknown,unknown,,unknown,unknown,cultivated and managed vegetation / agriculture,unknown,,,,39.0,stalagmite,unknown,,no,yes,Vienna-PDB,yes,,no,no,no,no,no,no,no,no,,,,,no,,,,,no,,,,,no,,,,,no,,,,,no,,,no,,no,no,1,1,https://www.ncdc.noaa.gov/paleo/study/5440
620,2,CNKS-2,current,,2-CNKS2,from top,limestone,Pleistocene,,sparse,unknown,"closed forest, evergreen needle leaf",thin,,,,,stalagmite,unknown,,no,yes,Vienna-PDB,yes,,no,no,no,no,no,no,no,no,,,,,no,,,,,no,,,,,no,,,,,no,,,,,no,,,no,,no,yes,1,1,
621,2,CNKS-3,current,,2-CNKS3,from top,limestone,Pleistocene,,sparse,unknown,"closed forest, evergreen needle leaf",thin,,,,,stalagmite,unknown,,no,yes,Vienna-PDB,yes,,no,no,no,no,no,no,no,no,,,,,no,,,,,no,,,,,no,,,,,no,,,,,no,,,no,,no,yes,1,1,
622,2,CNKS-7,current,,2-CNKS7,from top,limestone,Pleistocene,,sparse,unknown,"closed forest, evergreen needle leaf",thin,,,,,stalagmite,unknown,,no,yes,Vienna-PDB,yes,,no,no,no,no,no,no,no,no,,,,,no,,,,,no,,,,,no,,,,,no,,,,,no,,,no,,no,yes,1,1,
623,2,CNKS-9,current,,2-CNKS9,from top,limestone,Pleistocene,,sparse,unknown,"closed forest, evergreen needle leaf",thin,,,,,stalagmite,unknown,,no,yes,Vienna-PDB,yes,,no,no,no,no,no,no,no,no,,,,,no,,,,,no,,,,,no,,,,,no,,,,,no,,,no,,no,yes,1,1,
624,279,46322,current,,279-46322,from top,other (see notes),mixed (see notes),,shrubland,mixed (see notes),herbaceous vegetation,thick,,,,,flowstone,unknown,,yes,yes,Vienna-PDB,unknown,,no,no,no,no,no,no,no,no,,,,,no,,,,,no,,,,,no,,,,,no,,,,,no,,,no,,no,no,1,1,
625,279,46330-a,current,,279-46330A,from top,other (see notes),mixed (see notes),,shrubland,mixed (see notes),herbaceous vegetation,thick,,,,,stalagmite,unknown,,yes,yes,Vienna-PDB,unknown,,no,no,no,no,no,no,no,no,,,,,no,,,,,no,,,,,no,,,,,no,,,,,no,,,no,,no,no,1,1,
626,279,46861,current,,279-46861,from top,other (see notes),mixed (see notes),,shrubland,mixed (see notes),herbaceous vegetation,thick,,,,,flowstone,unknown,,yes,yes,Vienna-PDB,unknown,,no,no,no,no,no,no,no,no,,,,,no,,,,,no,,,,,no,,,,,no,,,,,no,,,no,,no,no,1,1,
627,279,50100,current,,279-50100,from top,other (see notes),mixed (see notes),,shrubland,mixed (see notes),herbaceous vegetation,thick,,,,,flowstone,unknown,,yes,yes,Vienna-PDB,unknown,,no,no,no,no,no,no,no,no,,,,,no,,,,,no,,,,,no,,,,,no,,,,,no,,,no,,no,no,1,1,
628,279,142819,current,,279-142819,from top,other (see notes),mixed (see notes),,shrubland,mixed (see notes),herbaceous vegetation,thick,,,,,flowstone,unknown,,yes,yes,Vienna-PDB,unknown,,no,no,no,no,no,no,no,no,,,,,no,,,,,no,,,,,no,,,,,no,,,,,no,,,no,,no,no,1,1,
629,279,142820,current,,279-142820,from top,other (see notes),mixed (see notes),,shrubland,mixed (see notes),herbaceous vegetation,thick,,,,,flowstone,unknown,,yes,yes,Vienna-PDB,unknown,,no,no,no,no,no,no,no,no,,,,,no,,,,,no,,,,,no,,,,,no,,,,,no,,,no,,no,no,1,1,
630,279,46330-b,current,,279-46330B,from top,other (see notes),mixed (see notes),,shrubland,mixed (see notes),herbaceous vegetation,thick,,,,,stalagmite,unknown,,yes,yes,Vienna-PDB,unknown,,no,no,no,no,no,no,no,no,,,,,no,,,,,no,,,,,no,,,,,no,,,,,no,,,no,,no,no,1,1,
631,86,MOD-27,current,,86-MOD27,from top,limestone,Cretaceous,continuous carbonate,shrubland,limited or no use,"open forest, other",patchy,25.0,no,no,340.0,stalactite,seasonal drip,1.0,yes,yes,Vienna-PDB,unknown,,no,no,yes,no,no,yes,no,no,,,,,no,,,,,no,,,,,no,,,,,no,,,,,no,,,no,,no,no,1,1,
632,86,MOD-21,current,,86-MOD21,from top,limestone,Cretaceous,continuous carbonate,shrubland,limited or no use,"open forest, other",patchy,22.0,no,no,210.0,stalagmite,seasonal drip,2.0,yes,yes,Vienna-PDB,yes,,unknown,no,yes,no,no,yes,no,no,,,,,no,,,,,no,,,,,no,,,,,no,,,,,no,,,no,,no,no,1,1,
633,13,BGC-5,current,,13-BGC5,from base,limestone,Devonian,,unknown,unknown,herbaceous vegetation,patchy,30.0,no,no,300.0,stalagmite,unknown,,yes,yes,Vienna-PDB,unknown,,no,no,no,no,no,no,no,no,,,,,no,,,,,no,,,,,no,,,,,no,,,,,no,,,no,,no,no,1,1,https://www.ncdc.noaa.gov/paleo/study/22990
634,13,BGC-10,current,,13-BGC10,from base,limestone,Devonian,,unknown,unknown,herbaceous vegetation,patchy,30.0,no,no,300.0,stalagmite,unknown,,yes,yes,Vienna-PDB,unknown,,no,no,no,no,no,no,no,no,,,,,no,,,,,no,,,,,no,,,,,no,,,,,no,,,no,,no,no,1,1,https://www.ncdc.noaa.gov/paleo/study/22990
635,13,BGC-11_2017,current,,13-BGC11,from base,limestone,Devonian,,unknown,unknown,herbaceous vegetation,patchy,30.0,no,no,300.0,stalagmite,unknown,,yes,yes,Vienna-PDB,unknown,,no,no,no,no,no,no,no,no,,,,,no,,,,,no,,,,,no,,,,,no,,,,,no,,,no,,no,no,1,1,https://www.ncdc.noaa.gov/paleo/study/22990
636,13,BGC-16,current,,13-BGC16,from base,limestone,Devonian,,unknown,unknown,herbaceous vegetation,patchy,30.0,no,no,300.0,stalagmite,unknown,,yes,yes,Vienna-PDB,unknown,,no,no,no,no,no,no,no,no,,,,,no,,,,,no,,,,,no,,,,,no,,,,,no,,,no,,no,no,1,1,https://www.ncdc.noaa.gov/paleo/study/22990
637,155,KNI-51-1,current,,155-KNI511,from base,limestone,Devonian,continuous carbonate,other (see notes),unknown,"open forest, deciduous broad leaf",patchy,15.0,unknown,unknown,,stalagmite,unknown,,yes,yes,Vienna-PDB,unknown,,no,no,no,no,no,no,no,no,,,,,no,,,,,no,,,,,no,,,,,no,,,,,no,,,no,,no,no,1,1,https://www.ncdc.noaa.gov/paleo/study/22990
638,155,KNI-51-8,current,,155-KNI518,from base,limestone,Devonian,continuous carbonate,other (see notes),unknown,"open forest, deciduous broad leaf",patchy,15.0,unknown,unknown,,stalagmite,unknown,,yes,yes,Vienna-PDB,unknown,,no,no,no,no,no,no,no,no,,,,,no,,,,,no,,,,,no,,,,,no,,,,,no,,,no,,no,no,1,1,https://www.ncdc.noaa.gov/paleo/study/22990
639,280,AH-1,current,,280-AH1,from top,limestone,Devonian,,unknown,unknown,"closed forest, mixed",unknown,,no,no,,stalagmite,unknown,,yes,yes,PDB,unknown,,no,no,unknown,no,no,no,no,no,,,,,no,,,,,no,,,,,no,,,,,no,,,,,no,,,no,,no,no,1,1,
640,281,V1,current,,281-V1,from base,limestone,Miocene,,unknown,unknown,cultivated and managed vegetation / agriculture,unknown,10.0,no,no,150.0,stalagmite,unknown,,yes,yes,Vienna-PDB,unknown,,no,no,yes,no,no,no,no,no,,,,,no,,,,,no,,,,,no,,,,,no,,,,,no,,,no,,no,no,1,1,https://www.ncdc.noaa.gov/paleo/study/5429
641,14,CDR3,current,,14-CDR3,from base,limestone,Cambrian,,shrubland,forest,"open forest, other",patchy,50.0,unknown,no,,stalagmite,unknown,,yes,yes,Vienna-PDB,unknown,,no,no,no,no,no,no,no,yes,unknown,MACS-3,other (see notes),,yes,LA-ICP-MS,MACS-3,other (see notes),,no,,,,,no,,,,,no,,,,,no,,,yes,no,no,no,1,1,http://www1.ncdc.noaa.gov/pub/data/paleo/speleothem/northamerica/usa/nevada/lehman2015cdr3elem.txt
642,14,WR11,current,,14-WR11,from base,limestone,Cambrian,,shrubland,forest,"open forest, other",patchy,50.0,unknown,no,,stalagmite,unknown,,yes,yes,Vienna-PDB,unknown,,no,no,no,no,no,no,no,yes,LA-ICP-MS,MACS-3,other (see notes),,yes,LA-ICP-MS,MACS-3,other (see notes),,no,,,,,no,,,,,no,,,,,no,,,yes,no,no,no,1,1,http://www1.ncdc.noaa.gov/pub/data/paleo/speleothem/northamerica/usa/nevada/lehman2015wr11elem.txt
643,15,BA-5,current,,15-BA5,from top,limestone,Cretaceous,continuous carbonate,unknown,unknown,"closed forest, mixed",unknown,,no,no,180.0,stalagmite,unknown,,yes,yes,Vienna-PDB,unknown,,no,yes,yes,no,no,no,no,no,,,,,no,,,,,no,,,,,no,,,,,no,,,,,no,,,no,,no,yes,1,1,
644,15,BA-7,current,,15-BA7,from top,limestone,Cretaceous,continuous carbonate,unknown,unknown,"closed forest, mixed",unknown,,no,no,180.0,stalagmite,unknown,,yes,yes,Vienna-PDB,unknown,,no,yes,yes,no,no,no,no,no,,,,,no,,,,,no,,,,,no,,,,,no,,,,,no,,,no,,no,yes,1,1,
645,283,BN-1,current,,283-BN1,from top,limestone,Miocene,continuous carbonate,evergreen,forest,"closed forest, evergreen broad leaf",unknown,,no,no,,stalagmite,unknown,,yes,yes,Vienna-PDB,unknown,,unknown,unknown,unknown,unknown,unknown,unknown,unknown,no,,,,,no,,,,,no,,,,,no,,,,,no,,,,,no,,,no,,no,no,1,1,
646,283,BN-2,current,,283-BN2,from top,limestone,Miocene,continuous carbonate,evergreen,forest,"closed forest, evergreen broad leaf",unknown,,no,no,,stalagmite,unknown,,yes,yes,Vienna-PDB,unknown,,unknown,unknown,unknown,unknown,unknown,unknown,unknown,no,,,,,no,,,,,no,,,,,no,,,,,no,,,,,no,,,no,,no,no,1,1,
647,283,BN-3,current,,283-BN3,from top,limestone,Miocene,continuous carbonate,evergreen,forest,"closed forest, evergreen broad leaf",unknown,,no,no,,unknown,unknown,,yes,yes,Vienna-PDB,unknown,,unknown,unknown,unknown,unknown,unknown,unknown,unknown,no,,,,,no,,,,,no,,,,,no,,,,,no,,,,,no,,,no,,no,no,1,1,
648,284,CN-1,current,,284-CN1,from top,limestone,unknown,,evergreen,forest,"closed forest, evergreen broad leaf",unknown,,no,no,,unknown,unknown,,yes,yes,Vienna-PDB,yes,,unknown,unknown,unknown,unknown,unknown,unknown,unknown,no,,,,,no,,,,,no,,,,,no,,,,,no,,,,,no,,,no,,no,no,1,1,
649,285,Disbelief,current,,285-DISBELIEF,from top,limestone,Pliocene,discontinuous carbonate,evergreen,forest,herbaceous vegetation,patchy,,no,no,,unknown,unknown,,yes,yes,Vienna-PDB,yes,,unknown,unknown,unknown,unknown,unknown,unknown,unknown,no,,,,,no,,,,,no,,,,,no,,,,,no,,,,,no,,,no,,no,no,1,1,
650,286,GAR-01_drill,current,651; 652,286-GAR01,from top,limestone,Cretaceous,discontinuous carbonate,unknown,unknown,cultivated and managed vegetation / agriculture,unknown,91.0,unknown,unknown,100.0,stalagmite,seasonal drip,,yes,yes,Vienna-PDB,yes,,no,no,yes,no,no,yes,no,no,,,,,no,,,,,no,,,,,no,,,,,no,,,,,no,,,no,,no,no,1,1,
651,286,GAR-01_laser_d18O,current,650; 652,286-GAR01,from top,limestone,Cretaceous,discontinuous carbonate,unknown,unknown,cultivated and managed vegetation / agriculture,unknown,91.0,,,100.0,stalagmite,seasonal drip,,no,yes,Vienna-PDB,yes,,no,no,yes,no,no,yes,no,no,,,,,no,,,,,no,,,,,no,,,,,no,,,,,no,,,no,,no,no,1,1,
652,286,GAR-01_laser_d13C,current,650; 651,286-GAR01,from top,limestone,Cretaceous,discontinuous carbonate,unknown,unknown,cultivated and managed vegetation / agriculture,unknown,91.0,,,100.0,stalagmite,seasonal drip,,yes,no,Vienna-PDB,yes,,no,no,yes,no,no,yes,no,no,,,,,no,,,,,no,,,,,no,,,,,no,,,,,no,,,yes,,no,no,1,1,
653,287,TF-2,current,,287-TF2,from top,limestone,unknown,,evergreen,forest,"closed forest, evergreen broad leaf",unknown,,no,no,,unknown,unknown,,yes,yes,Vienna-PDB,unknown,,unknown,unknown,unknown,unknown,unknown,unknown,unknown,no,,,,,no,,,,,no,,,,,no,,,,,no,,,,,no,,,no,,no,no,1,1,
654,288,WN-4,current,,288-WN4,from top,limestone,unknown,continuous carbonate,evergreen,forest,"closed forest, evergreen broad leaf",unknown,,no,no,,unknown,unknown,,yes,yes,Vienna-PDB,unknown,,unknown,unknown,unknown,unknown,unknown,unknown,unknown,no,,,,,no,,,,,no,,,,,no,,,,,no,,,,,no,,,no,,no,no,1,1,
655,288,WN-11,current,,288-WN11,from top,limestone,unknown,continuous carbonate,evergreen,forest,"closed forest, evergreen broad leaf",unknown,,no,no,,unknown,unknown,,yes,yes,Vienna-PDB,unknown,,unknown,unknown,unknown,unknown,unknown,unknown,unknown,no,,,,,no,,,,,no,,,,,no,,,,,no,,,,,no,,,no,,no,no,1,1,
656,289,GAS-12,current,,289-GAS12,from top,limestone,Cretaceous,continuous carbonate,unknown,unknown,"open forest, other",unknown,,no,no,250.0,stalagmite,unknown,,yes,yes,Vienna-PDB,unknown,,unknown,no,no,no,no,no,no,no,,,,,no,,,,,no,,,,,no,,,,,no,,,,,no,,,no,,no,no,1,1,
657,289,GAS-13,current,,289-GAS13,from top,limestone,Cretaceous,continuous carbonate,unknown,unknown,"open forest, other",unknown,,no,no,250.0,stalagmite,unknown,,yes,yes,Vienna-PDB,unknown,,unknown,no,no,no,no,no,no,no,,,,,no,,,,,no,,,,,no,,,,,no,,,,,no,,,no,,no,no,1,1,
658,289,GAS-22,current,,289-GAS22,from top,limestone,Cretaceous,continuous carbonate,unknown,unknown,"open forest, other",unknown,,no,no,250.0,stalagmite,unknown,,yes,yes,Vienna-PDB,unknown,,unknown,no,no,no,no,no,no,no,,,,,no,,,,,no,,,,,no,,,,,no,,,,,no,,,no,,no,no,1,1,
659,289,GAS-25,current,,289-GAS25,from top,limestone,Cretaceous,continuous carbonate,unknown,unknown,"open forest, other",unknown,,no,no,250.0,stalagmite,unknown,,yes,yes,Vienna-PDB,unknown,,unknown,no,no,no,no,no,no,no,,,,,no,,,,,no,,,,,no,,,,,no,,,,,no,,,no,,no,no,1,1,
660,289,GAS-27,current,,289-GAS27,from top,limestone,Cretaceous,continuous carbonate,unknown,unknown,"open forest, other",unknown,,no,no,250.0,stalagmite,unknown,,yes,yes,Vienna-PDB,unknown,,unknown,no,no,no,no,no,no,no,,,,,no,,,,,no,,,,,no,,,,,no,,,,,no,,,no,,no,no,1,1,
661,289,GAS-29,current,,289-GAS29,from top,limestone,Cretaceous,continuous carbonate,unknown,unknown,"open forest, other",unknown,,no,no,250.0,stalagmite,unknown,,yes,yes,Vienna-PDB,unknown,,unknown,no,no,no,no,no,no,no,,,,,no,,,,,no,,,,,no,,,,,no,,,,,no,,,no,,no,no,1,1,
662,290,HUN-14,current,,290-HUN14,from top,limestone,Cretaceous,continuous carbonate,unknown,unknown,herbaceous vegetation,unknown,,no,no,50.0,stalagmite,unknown,,yes,yes,Vienna-PDB,unknown,,unknown,no,no,no,no,no,no,no,,,,,no,,,,,no,,,,,no,,,,,no,,,,,no,,,no,,no,no,1,1,
663,105,SCH-6,current,,105-SCH6,from top,limestone,Cretaceous,,unknown,unknown,"closed forest, mixed",,,,,350.0,stalagmite,unknown,,yes,yes,Vienna-PDB,unknown,,unknown,no,no,no,no,no,no,no,,,,,no,,,,,no,,,,,no,,,,,no,,,,,no,,,no,,no,no,1,1,
664,115,HOL-19,current,,115-HOL19,from top,limestone,Cretaceous,continuous carbonate,sparse,unknown,"open forest, evergreen needle leaf",thin,,,,600.0,stalagmite,unknown,,yes,yes,Vienna-PDB,unknown,,unknown,no,no,no,no,no,no,no,,,,,no,,,,,no,,,,,no,,,,,no,,,,,no,,,no,,no,no,1,1,
665,145,CC-1_2018,current,,145-CC1,from top,dolomite limestone,mixed (see notes),continuous carbonate,sparse,unknown,urban / built up,thin,400.0,yes,yes,500.0,stalagmite,unknown,10.0,yes,yes,Vienna-PDB,unknown,,unknown,unknown,unknown,unknown,unknown,unknown,unknown,no,,,,,no,,,,,no,,,,,no,,,,,no,,,,,no,,,no,,yes,no,1,1,
666,145,CC-5_2018,current,,145-CC5,from top,dolomite limestone,mixed (see notes),continuous carbonate,sparse,unknown,urban / built up,thin,400.0,yes,yes,500.0,stalagmite,unknown,10.0,yes,yes,Vienna-PDB,unknown,,unknown,unknown,unknown,unknown,unknown,unknown,unknown,no,,,,,no,,,,,no,,,,,no,,,,,no,,,,,no,,,no,,yes,no,1,1,
667,145,CC-7_2018,current,,145-CC7,from top,dolomite limestone,mixed (see notes),continuous carbonate,sparse,unknown,urban / built up,thin,400.0,yes,yes,500.0,stalagmite,unknown,10.0,yes,yes,Vienna-PDB,unknown,,unknown,unknown,unknown,unknown,unknown,unknown,unknown,no,,,,,no,,,,,no,,,,,no,,,,,no,,,,,no,,,no,,yes,no,1,1,
668,145,CC-28_2018,current,,145-CC28,from top,dolomite limestone,mixed (see notes),continuous carbonate,sparse,unknown,urban / built up,thin,400.0,yes,yes,500.0,stalagmite,unknown,10.0,yes,yes,Vienna-PDB,unknown,,unknown,unknown,unknown,unknown,unknown,unknown,unknown,no,,,,,no,,,,,no,,,,,no,,,,,no,,,,,no,,,no,,yes,no,1,1,
669,145,CC_stack,current,,145-CCSTACK-COMP,from top,dolomite limestone,mixed (see notes),continuous carbonate,sparse,unknown,urban / built up,thin,400.0,yes,yes,500.0,composite,not applicable,10.0,yes,yes,Vienna-PDB,unknown,,unknown,unknown,unknown,unknown,unknown,unknown,unknown,no,,,,,no,,,,,no,,,,,no,,,,,no,,,,,no,,,no,,yes,no,1,1,
670,145,CC27,current,,145-CC27,from top,dolomite limestone,mixed (see notes),continuous carbonate,sparse,unknown,urban / built up,thin,,yes,yes,500.0,stalagmite,unknown,10.0,yes,yes,Vienna-PDB,unknown,,unknown,unknown,unknown,unknown,unknown,unknown,unknown,no,,,,,no,,,,,no,,,,,no,,,,,no,,,,,no,,,no,,yes,no,1,1,
671,292,KTR-2,current,,292-KTR2,from top,limestone,Cretaceous,continuous carbonate,shrubland,forest,"open forest, other",patchy,,no,no,600.0,stalagmite,seepage flow,,yes,yes,Vienna-PDB,yes,,yes,no,yes,no,no,no,no,no,,,,,no,,,,,no,,,,,no,,,,,no,,,,,no,,,no,,no,no,1,1,
672,293,TM-17,current,,293-TM17,from top,limestone,unknown,,unknown,unknown,"closed forest, evergreen broad leaf",unknown,,unknown,unknown,200.0,stalagmite,unknown,,yes,yes,Vienna-PDB,yes,,no,no,yes,no,no,no,no,no,,,,,no,,,,,no,,,,,no,,,,,no,,,,,no,,,no,,no,no,1,1,
673,82,HW-1,current,,82-HW1,from top,limestone,other (see notes),continuous carbonate,evergreen,forest,"closed forest, evergreen broad leaf",unknown,,no,no,,unknown,unknown,,yes,yes,Vienna-PDB,yes,,unknown,unknown,unknown,unknown,unknown,unknown,unknown,no,,,,,no,,,,,no,,,,,no,,,,,no,,,,,no,,,no,,no,no,1,1,
674,165,RK-A,current,,165-RKA,from top,unknown,unknown,,sparse,other (see notes),,unknown,,no,no,,unknown,unknown,,yes,yes,Vienna-PDB,unknown,,unknown,unknown,unknown,unknown,unknown,unknown,unknown,no,,,,,no,,,,,no,,,,,no,,,,,no,,,,,no,,,no,,no,no,1,1,
675,165,RK-B,current,,165-RKB,from top,unknown,unknown,,sparse,other (see notes),,unknown,,no,no,,unknown,unknown,,yes,yes,Vienna-PDB,unknown,,unknown,unknown,unknown,unknown,unknown,unknown,unknown,no,,,,,no,,,,,no,,,,,no,,,,,no,,,,,no,,,no,,no,no,1,1,
676,165,RK05-1,current,,165-RK051,from top,unknown,unknown,,sparse,other (see notes),,unknown,,no,no,,unknown,unknown,,yes,yes,Vienna-PDB,unknown,,unknown,unknown,unknown,unknown,unknown,unknown,unknown,no,,,,,no,,,,,no,,,,,no,,,,,no,,,,,no,,,no,,no,no,1,1,
677,165,RK05-3,current,,165-RK053,from top,unknown,unknown,,sparse,other (see notes),,unknown,,no,no,,unknown,unknown,,yes,yes,Vienna-PDB,unknown,,unknown,unknown,unknown,unknown,unknown,unknown,unknown,no,,,,,no,,,,,no,,,,,no,,,,,no,,,,,no,,,no,,no,no,1,1,
678,165,RK05-4,current,,165-RK054,from top,unknown,unknown,,sparse,other (see notes),,unknown,,no,no,,unknown,unknown,,yes,yes,Vienna-PDB,unknown,,unknown,unknown,unknown,unknown,unknown,unknown,unknown,no,,,,,no,,,,,no,,,,,no,,,,,no,,,,,no,,,no,,no,no,1,1,
679,223,WXSM-51,current,,223-WXSM51,from top,limestone,Silurian,discontinuous carbonate,unknown,unknown,"closed forest, other",unknown,,no,no,800.0,stalagmite,unknown,,no,yes,Vienna-PDB,unknown,,unknown,unknown,unknown,unknown,unknown,unknown,unknown,no,,,,,no,,,,,no,,,,,no,,,,,no,,,,,no,,,no,,no,no,1,1,
680,223,WXSM-52,current,,223-WXSM52,from top,limestone,Silurian,discontinuous carbonate,unknown,unknown,"closed forest, other",unknown,,no,no,800.0,stalagmite,unknown,,no,yes,Vienna-PDB,unknown,,unknown,unknown,unknown,unknown,unknown,unknown,unknown,no,,,,,no,,,,,no,,,,,no,,,,,no,,,,,no,,,no,,no,no,1,1,
681,128,BCC-9,current,,128-BCC9,from top,limestone,unknown,discontinuous carbonate,deciduous,forest,"closed forest, deciduous broad leaf",unknown,,unknown,unknown,1000.0,stalagmite,unknown,,no,yes,Vienna-PDB,unknown,,unknown,unknown,unknown,unknown,unknown,unknown,unknown,no,,,,,no,,,,,no,,,,,no,,,,,no,,,,,no,,,no,,no,no,1,1,https://ars.els-cdn.com/content/image/1-s2.0-S0012821X19303681-mmc3.xlsx
682,128,BCC-10_2019,current,,128-BCC10,from top,limestone,unknown,discontinuous carbonate,deciduous,forest,"closed forest, deciduous broad leaf",unknown,,unknown,unknown,1000.0,stalagmite,unknown,,no,yes,Vienna-PDB,unknown,,unknown,unknown,unknown,unknown,unknown,unknown,unknown,no,,,,,no,,,,,no,,,,,no,,,,,no,,,,,no,,,no,,no,no,1,1,https://ars.els-cdn.com/content/image/1-s2.0-S0012821X19303681-mmc3.xlsx
683,128,BCC-30,current,,128-BCC30,from top,limestone,unknown,discontinuous carbonate,deciduous,forest,"closed forest, deciduous broad leaf",unknown,,unknown,unknown,1000.0,stalagmite,unknown,,no,yes,Vienna-PDB,unknown,,unknown,unknown,unknown,unknown,unknown,unknown,unknown,no,,,,,no,,,,,no,,,,,no,,,,,no,,,,,no,,,no,,no,no,1,1,https://ars.els-cdn.com/content/image/1-s2.0-S0012821X19303681-mmc3.xlsx
684,294,PA-2b,current,,294-PA2B,from top,limestone,Oligocene,continuous carbonate,unknown,unknown,"closed forest, evergreen broad leaf",unknown,60.0,no,no,100.0,stalagmite,unknown,,no,yes,Vienna-PDB,unknown,,no,no,unknown,no,no,no,no,no,,,,,no,,,,,no,,,,,no,,,,,no,,,,,no,,,no,,no,no,1,1,https://journals.sagepub.com/doi/figure/10.1177/0959683614565951?
685,65,WR12-01,current,,65-WR1201,from top,limestone,Pleistocene,continuous carbonate,evergreen,forest,"closed forest, evergreen broad leaf",unknown,150.0,no,no,,stalagmite,seasonal drip,,no,yes,Vienna-PDB,unknown,,no,no,no,no,no,no,no,no,,,,,no,,,,,no,,,,,no,,,,,no,,,,,no,,,no,,no,no,1,1,https://www.ncdc.noaa.gov/paleo/study/19806
686,65,WR12-12,current,,65-WR1212,from top,limestone,Pleistocene,continuous carbonate,evergreen,forest,"closed forest, evergreen broad leaf",unknown,150.0,no,no,,stalagmite,seasonal drip,,no,yes,Vienna-PDB,unknown,,no,no,no,no,no,no,no,no,,,,,no,,,,,no,,,,,no,,,,,no,,,,,no,,,no,,no,no,1,1,https://www.ncdc.noaa.gov/paleo/study/19806
687,141,SO-4,current,,141-SO4,from top,limestone,Cretaceous,,deciduous,forest,"closed forest, deciduous broad leaf",thin,,no,no,,stalagmite,unknown,40.0,no,yes,Vienna-PDB,unknown,,unknown,unknown,unknown,unknown,unknown,unknown,unknown,no,,,,,no,,,,,no,,,,,no,,,,,no,,,,,no,,,no,,no,no,1,1,https://www.nature.com/articles/ngeo1106#supplementary-information
688,141,SO-6,current,,141-SO6,from top,limestone,Cretaceous,,deciduous,forest,"closed forest, deciduous broad leaf",thin,,no,no,,stalagmite,unknown,40.0,no,yes,Vienna-PDB,unknown,,unknown,unknown,unknown,unknown,unknown,unknown,unknown,no,,,,,no,,,,,no,,,,,no,,,,,no,,,,,no,,,no,,no,no,1,1,https://www.nature.com/articles/ngeo1106#supplementary-information
689,141,SO-14B,current,,141-SO14B,from top,limestone,Cretaceous,,deciduous,forest,"closed forest, deciduous broad leaf",thin,,no,no,,stalagmite,unknown,40.0,no,yes,Vienna-PDB,unknown,,unknown,unknown,unknown,unknown,unknown,unknown,unknown,no,,,,,no,,,,,no,,,,,no,,,,,no,,,,,no,,,no,,no,no,1,1,https://www.nature.com/articles/ngeo1106#supplementary-information
690,160,Soreq-composite185,current,,160-SOREQ185-COMP,not applicable,dolomite,Cretaceous,continuous carbonate,evergreen,forest,shrubs,thin,30.0,yes,yes,20.0,composite,not applicable,,yes,yes,Vienna-PDB,yes,,unknown,yes,yes,yes,unknown,yes,unknown,no,,,,,no,,,,,no,,,,,no,,,,,no,,,,,no,,,no,,no,no,1,1,
691,282,WS-5d,current,,282-WS5D,from top,limestone,Eocene,continuous carbonate,sparse,limited or no use,bare / sparse vegetation,unknown,50.0,no,no,100.0,stalagmite,unknown,,no,yes,Vienna-PDB,unknown,,no,no,no,no,no,no,no,no,,,,,no,,,,,no,,,,,no,,,,,no,,,,,no,,,no,,no,no,1,1,
692,70,AB-DC-12_2023,current partially modified,157,70-ABDC12,from top,limestone,Pleistocene,,unknown,unknown,herbaceous vegetation,unknown,,no,no,,stalagmite,unknown,,yes,yes,Vienna-PDB,unknown,,no,no,no,no,no,no,no,yes,solution OES-MS,standard stock solutions of known concentrations,No-aliquots of same powder used for stable isotope and trace element measurements,,yes,solution OES-MS,standard stock solutions of known concentrations,No-aliquots of same powder used for stable isotope and trace element measurements,,no,,,,,no,,,,,no,,,,,no,,,no,no,no,yes,1,1,http://www1.ncdc.noaa.gov/pub/data/paleo/speleothem/atlantic/abaco2017dc-12.txt
693,79,Dim-E4_2023,current,,79-DIME4,from top,limestone,Permian,,shrubland,forest,"closed forest, evergreen needle leaf",other (see notes),15.0,yes,no,250.0,stalagmite,mixed,,yes,yes,Vienna-PDB,yes,,no,no,yes,no,no,no,no,yes,solution ICP-MS,Japanese coral standard JCP-1 doped with single element standards of known concentrations,No-aliquots of same powder used for stable isotope and trace element measurements,,yes,solution ICP-MS,Japanese coral standard JCP-1 doped with single element standards of known concentrations,No-aliquots of same powder used for stable isotope and trace element measurements,,yes,solution ICP-MS,Japanese coral standard JCP-1 doped with single element standards of known concentrations,No-aliquots of same powder used for stable isotope and trace element measurements,,yes,solution ICP-MS,Japanese coral standard JCP-1 doped with single element standards of known concentrations,No-aliquots of same powder used for stable isotope and trace element measurements,,no,,,,,yes,TIMS,SrCO3 (NIST SRM 987),no,no,no,yes,1,1,
694,144,BT-2_2007,current partially modified,312,144-BT2,from top,limestone,unknown,continuous carbonate,evergreen,forest,"closed forest, evergreen broad leaf",thick,,no,no,,stalagmite,unknown,,yes,yes,Vienna-PDB,unknown,,no,no,no,no,no,no,no,yes,Electron Microprobe (EPMA),unknown,No-not applicable,,yes,Electron Microprobe (EPMA),unknown,No-not applicable,,no,,,,,no,,,,,no,,,,,no,,,no,no,no,no,1,1,
695,145,CD3-1_HR,current partially modified,696,145-CD31,from top,dolomite limestone,mixed (see notes),continuous carbonate,sparse,unknown,urban / built up,thin,400.0,yes,yes,500.0,flowstone,unknown,10.0,no,yes,Vienna-PDB,unknown,,no,no,no,no,no,no,no,no,,,,,yes,LA-ICP-MS,NIST SRM 610,Yes-author downsampled,other (see notes),no,,,,,no,,,,,no,,,,,no,,,yes,no,yes,no,1,1,
696,145,CD3-1_LR,current partially modified,695,145-CD31,from top,dolomite limestone,mixed (see notes),continuous carbonate,sparse,unknown,urban / built up,thin,400.0,yes,yes,500.0,flowstone,unknown,10.0,yes,yes,Vienna-PDB,unknown,,no,no,no,no,no,no,no,no,,,,,yes,solution ICP-MS,NIST SRM 610,No-aliquots of same powder used for stable isotope and trace element measurements,,no,,,,,no,,,,,no,,,,,no,,,yes,no,yes,no,1,1,
697,266,Vic-III-1,current,,266-VICIII1,from top,dolomite limestone,Triassic,discontinuous carbonate,sparse,other (see notes),shrubs,thin,30.0,no,no,350.0,flowstone,unknown,,yes,yes,Vienna-PDB,unknown,,no,no,yes,no,no,no,no,no,,,,,no,,,,,no,,,,,no,,,,,no,,,,,no,,,no,,yes,yes,1,1,10.25921/cr2s-ax84
698,266,Vic-III-3,current,,266-VICIII3,from top,dolomite limestone,Triassic,discontinuous carbonate,sparse,other (see notes),shrubs,thin,30.0,no,no,350.0,flowstone,unknown,,yes,yes,Vienna-PDB,unknown,,no,no,yes,no,no,no,no,no,,,,,no,,,,,no,,,,,no,,,,,no,,,,,no,,,no,,yes,yes,1,1,10.25921/cr2s-ax84
699,266,SR01t,current,,266-SR01T,from top,dolomite limestone,Triassic,discontinuous carbonate,sparse,other (see notes),shrubs,thin,30.0,no,no,300.0,flowstone,unknown,,yes,yes,Vienna-PDB,unknown,,no,no,yes,no,no,no,no,no,,,,,no,,,,,no,,,,,no,,,,,no,,,,,no,,,no,,yes,yes,1,1,10.25921/cr2s-ax84
700,39,D3_2005,current partially modified,114,39-D3,from top,limestone,Pleistocene,continuous carbonate,unknown,unknown,"closed forest, evergreen broad leaf",unknown,100.0,unknown,unknown,300.0,stalagmite,unknown,,no,yes,Vienna-PDB,yes,,no,no,no,no,no,no,no,no,,,,,no,,,,,no,,,,,no,,,,,no,,,,,no,,,no,,no,no,1,1,
701,39,D4_2005_Kelly,current partially modified,446,39-D4,from top,limestone,Pleistocene,continuous carbonate,unknown,unknown,"closed forest, evergreen broad leaf",unknown,100.0,unknown,unknown,500.0,stalagmite,unknown,,no,yes,Vienna-PDB,yes,,no,no,no,no,no,no,no,no,,,,,no,,,,,no,,,,,no,,,,,no,,,,,no,,,no,,no,no,1,1,
702,120,Andromeda,current,,120-ANDROMEDA,from base,dolomite limestone,Cretaceous,continuous carbonate,shrubland,forest,herbaceous vegetation,thin,10.0,no,no,,stalagmite,unknown,,yes,yes,Vienna-PDB,unknown,,no,no,yes,no,no,no,no,no,,,,,yes,solution ICP-AES,standard stock solutions of known concentrations,No-aliquots of same powder used for stable isotope and trace element measurements,,no,,,,,no,,,,,no,,,,,no,,,no,no,yes,yes,1,1,
703,192,ELC-B_2021,current partially modified,593,192-ELCB,from top,unknown,unknown,,unknown,unknown,herbaceous vegetation,unknown,,unknown,unknown,,stalagmite,unknown,,no,yes,Vienna-PDB,yes,,no,no,no,no,no,no,no,no,,,,,no,,,,,no,,,,,no,,,,,no,,,,,no,,,no,,no,no,1,1,
704,115,HOL1,current,,115-HOL1,from base,limestone,Cretaceous,continuous carbonate,sparse,unknown,"open forest, evergreen needle leaf",thin,,unknown,unknown,,stalagmite,unknown,,yes,yes,Vienna-PDB,unknown,,no,no,no,no,no,no,no,no,,,,,no,,,,,no,,,,,no,,,,,no,,,,,no,,,no,,yes,yes,1,1,
705,115,HOL22,current,,115-HOL22,from base,limestone,Cretaceous,continuous carbonate,sparse,unknown,"open forest, evergreen needle leaf",thin,,unknown,unknown,,stalagmite,unknown,,yes,yes,Vienna-PDB,unknown,,no,no,no,no,no,no,no,no,,,,,no,,,,,no,,,,,no,,,,,no,,,,,no,,,no,,yes,yes,1,1,
706,6,MSL_2021,current partially modified,41,6-MSL,from top,unknown,unknown,,unknown,unknown,cultivated and managed vegetation / agriculture,unknown,,,,35.0,stalagmite,unknown,,no,yes,Vienna-PDB,yes,,no,no,no,no,no,no,no,no,,,,,no,,,,,no,,,,,no,,,,,no,,,,,no,,,no,,no,no,1,1,
707,10,JAR2,current partially modified,447,10-JAR2,from top,dolomite,unknown,continuous carbonate,deciduous,forest,"closed forest, other",patchy,,no,yes,,stalagmite,unknown,10.0,yes,yes,Vienna-PDB,yes,,no,no,no,no,no,no,no,no,,,,,no,,,,,no,,,,,no,,,,,no,,,,,no,,,no,,yes,no,1,1,10.1594/PANGAEA.905143
708,24,LSF13_2018,current partially modified,711,24-LSF13,from top,limestone,Precambrian,discontinuous carbonate,deciduous,mixed (see notes),herbaceous vegetation,patchy,20.0,no,no,,stalagmite,unknown,3.0,no,yes,Vienna-PDB,unknown,,no,yes,no,no,no,no,no,no,,,,,no,,,,,no,,,,,no,,,,,no,,,,,no,,,no,,no,no,1,1,
709,24,LSF19,current,,24-LSF19,from top,limestone,Precambrian,discontinuous carbonate,deciduous,mixed (see notes),herbaceous vegetation,patchy,20.0,no,no,,stalagmite,unknown,3.0,yes,yes,Vienna-PDB,unknown,,no,no,no,no,no,no,no,no,,,,,no,,,,,no,,,,,no,,,,,no,,,,,yes,unknown,SrCO3 (NIST SRM 987),no,no,no,yes,1,1,
710,24,LSF17,current,,24-LSF17,from top,limestone,Precambrian,discontinuous carbonate,deciduous,mixed (see notes),herbaceous vegetation,patchy,20.0,no,no,,stalagmite,unknown,3.0,yes,yes,Vienna-PDB,unknown,,no,no,no,no,no,no,no,no,,,,,no,,,,,no,,,,,no,,,,,no,,,,,no,,,no,,no,yes,1,1,
711,24,LSF13_2021,current partially modified,708,24-LSF13,from top,limestone,Precambrian,discontinuous carbonate,deciduous,mixed (see notes),herbaceous vegetation,patchy,20.0,no,no,,stalagmite,unknown,3.0,no,yes,Vienna-PDB,unknown,,no,yes,no,no,no,no,no,no,,,,,no,,,,,no,,,,,no,,,,,no,,,,,no,,,no,,no,no,1,1,
712,3,PAR27,current,,3-PAR27,from top,limestone,Carboniferous,continuous carbonate,unknown,unknown,"closed forest, evergreen broad leaf",unknown,,unknown,unknown,,stalagmite,unknown,,no,yes,Vienna-PDB,unknown,,unknown,unknown,unknown,unknown,unknown,unknown,unknown,no,,,,,no,,,,,no,,,,,no,,,,,no,,,,,no,,,no,,no,no,1,1,
713,3,PAR15,current,,3-PAR15,from top,limestone,Carboniferous,continuous carbonate,unknown,unknown,"closed forest, evergreen broad leaf",unknown,,unknown,unknown,,stalagmite,unknown,,no,yes,Vienna-PDB,unknown,,unknown,unknown,unknown,unknown,unknown,unknown,unknown,no,,,,,no,,,,,no,,,,,no,,,,,no,,,,,no,,,no,,no,no,1,1,
714,268,PN-95-5_2018,current,,268-PN955,from top,dolomite limestone,Devonian,,unknown,unknown,herbaceous vegetation,unknown,70.0,unknown,unknown,,stalagmite,unknown,,yes,yes,Vienna-PDB,unknown,,no,yes,no,no,no,no,no,yes,LA-ICP-MS,other (see notes),Yes-SISAL downsampled,Binned average,yes,LA-ICP-MS,other (see notes),Yes-SISAL downsampled,Binned average,yes,LA-ICP-MS,other (see notes),unknown,Binned average,no,,,,,no,,,,,no,,,no,no,no,no,1,1,
715,87,Candela_2023,current,,87-CANDELA,from top,limestone,Carboniferous,discontinuous carbonate,unknown,unknown,"closed forest, evergreen needle leaf",patchy,40.0,no,no,400.0,stalagmite,unknown,,yes,yes,Vienna-PDB,unknown,,no,no,no,no,no,yes,no,no,,,,,no,,,,,no,,,,,no,,,,,no,,,,,no,,,no,,no,no,1,1,
716,87,Candela_Base,current,,87-CANDELA,from top,limestone,Carboniferous,discontinuous carbonate,unknown,unknown,"closed forest, evergreen needle leaf",patchy,40.0,no,no,400.0,stalagmite,unknown,,yes,yes,Vienna-PDB,unknown,,no,no,no,no,no,no,no,no,,,,,no,,,,,no,,,,,no,,,,,no,,,,,no,,,no,,no,no,1,1,
717,87,Candela_Main,current,,87-CANDELA,from top,limestone,Carboniferous,discontinuous carbonate,unknown,unknown,"closed forest, evergreen needle leaf",patchy,40.0,no,no,400.0,stalagmite,unknown,,yes,yes,Vienna-PDB,unknown,,no,no,no,no,no,no,no,no,,,,,no,,,,,no,,,,,no,,,,,no,,,,,no,,,no,,no,no,1,1,
718,87,Candela_L,current,,87-CANDELA,from top,limestone,Carboniferous,discontinuous carbonate,unknown,unknown,"closed forest, evergreen needle leaf",patchy,40.0,no,no,400.0,stalagmite,unknown,,no,no,Vienna-PDB,unknown,,no,no,no,no,no,no,no,no,,,,,no,,,,,no,,,,,no,,,,,no,,,,,no,,,no,,no,no,1,1,
719,87,Laura,current,,87-LAURA,from top,limestone,Carboniferous,discontinuous carbonate,unknown,unknown,"closed forest, evergreen needle leaf",patchy,,no,no,,stalagmite,unknown,,yes,yes,Vienna-PDB,unknown,,no,no,no,no,no,no,no,no,,,,,no,,,,,no,,,,,no,,,,,no,,,,,no,,,no,,no,no,1,1,
720,295,Qad_1,current,,295-QAD1,from top,limestone,Cretaceous,,deciduous,forest,,patchy,504.0,no,no,400.0,stalagmite,seepage flow,,yes,yes,Vienna-PDB,yes,,no,no,no,yes,no,no,no,yes,LA-ICP-MS,unknown,No-but different powders used for stable isotope and trace element measurements,,yes,LA-ICP-MS,unknown,No-but different powders used for stable isotope and trace element measurements,,no,,,,,no,,,,,yes,LA-ICP-MS,unknown,No-but different powders used for stable isotope and trace element measurements,,no,,,yes,no,no,no,1,1,
721,295,Qad_2,current,,295-QAD2,from top,limestone,Cretaceous,,deciduous,forest,,patchy,504.0,no,no,400.0,stalagmite,seepage flow,,yes,yes,Vienna-PDB,yes,,no,no,no,yes,no,no,no,yes,LA-ICP-MS,unknown,No-but different powders used for stable isotope and trace element measurements,,yes,LA-ICP-MS,unknown,No-but different powders used for stable isotope and trace element measurements,,no,,,,,no,,,,,yes,LA-ICP-MS,unknown,No-but different powders used for stable isotope and trace element measurements,,no,,,yes,no,no,no,1,1,
722,232,RS1,current,,232-RS1,from top,limestone,Pliocene,continuous carbonate,unknown,unknown,"open forest, other",unknown,10.0,unknown,unknown,,stalagmite,unknown,,yes,yes,Vienna-PDB,yes,,unknown,unknown,unknown,unknown,unknown,unknown,unknown,yes,solution ICP-MS,standard stock solutions of known concentrations,No-but different powders used for stable isotope and trace element measurements,,yes,solution ICP-MS,standard stock solutions of known concentrations,No-but different powders used for stable isotope and trace element measurements,,no,,,,,no,,,,,no,,,,,no,,,yes,no,no,yes,1,1,https://www.ncdc.noaa.gov/paleo/study/29211
723,219,SN35,current,,219-SN35,from top,dolomite limestone,Carboniferous,,unknown,unknown,cultivated and managed vegetation / agriculture,unknown,,no,no,1800.0,stalagmite,unknown,,yes,yes,Vienna-PDB,unknown,,no,no,yes,no,no,no,no,no,,,,,no,,,,,no,,,,,no,,,,,no,,,,,no,,,no,,no,yes,1,1,
724,219,SN31,current,,219-SN31,from top,dolomite limestone,Carboniferous,,unknown,unknown,cultivated and managed vegetation / agriculture,unknown,,no,no,800.0,stalagmite,unknown,,yes,yes,Vienna-PDB,unknown,,no,no,yes,no,no,no,no,no,,,,,no,,,,,no,,,,,no,,,,,no,,,,,no,,,no,,no,yes,1,1,
725,219,SN29,current,,219-SN29,from top,dolomite limestone,Carboniferous,,unknown,unknown,cultivated and managed vegetation / agriculture,unknown,,no,no,800.0,stalagmite,unknown,,yes,yes,Vienna-PDB,unknown,,no,no,yes,no,no,no,no,no,,,,,no,,,,,no,,,,,no,,,,,no,,,,,no,,,no,,no,yes,1,1,
726,219,SN_composite,current,,219-SN-COMP,from top,dolomite limestone,Carboniferous,,unknown,unknown,cultivated and managed vegetation / agriculture,unknown,,no,no,,composite,unknown,,yes,yes,Vienna-PDB,unknown,,no,no,yes,no,no,no,no,no,,,,,no,,,,,no,,,,,no,,,,,no,,,,,no,,,no,,no,no,1,1,
727,219,SN17_2021,current,,219-SN17,from top,dolomite limestone,Carboniferous,,unknown,unknown,cultivated and managed vegetation / agriculture,unknown,50.0,no,no,200.0,stalagmite,unknown,,yes,yes,Vienna-PDB,unknown,,no,no,yes,no,no,no,no,no,,,,,no,,,,,no,,,,,no,,,,,no,,,,,no,,,no,,no,yes,1,1,https://www.ncei.noaa.gov/pub/data/paleo/speleothem/asia/china/shennong2021iso.txt
728,55,7H-12,current,,55-7H12,from top,limestone,Cretaceous,continuous carbonate,mixed (see notes),unknown,herbaceous vegetation,unknown,50.0,unknown,unknown,350.0,stalagmite,unknown,,yes,yes,Vienna-PDB,unknown,,no,no,yes,no,no,no,no,no,,,,,no,,,,,no,,,,,no,,,,,no,,,,,no,,,no,,yes,yes,1,1,10.1594/PANGAEA.935901
729,58,SPA121_2021,current partially modified,261,58-SPA121,from top,marble,Jurassic,continuous carbonate,other (see notes),other (see notes),bare / sparse vegetation,patchy,20.0,unknown,other (see notes),,stalagmite,unknown,,yes,yes,Vienna-PDB,unknown,,no,no,yes,no,no,no,no,no,,,,,no,,,,,no,,,,,no,,,,,no,,,,,no,,,no,,no,yes,1,1,https://www.ncei.noaa.gov/access/paleo-search/study/33653
730,58,SPA146,current,,58-SPA146,from top,marble,Jurassic,continuous carbonate,other (see notes),other (see notes),bare / sparse vegetation,patchy,20.0,unknown,other (see notes),,stalagmite,unknown,,no,yes,Vienna-PDB,unknown,,no,no,yes,no,no,no,no,no,,,,,no,,,,,no,,,,,no,,,,,no,,,,,no,,,no,,no,yes,1,1,https://www.ncei.noaa.gov/access/paleo-search/study/33653
731,58,SPA183,current,,58-SPA183,from top,marble,Jurassic,continuous carbonate,other (see notes),other (see notes),bare / sparse vegetation,patchy,20.0,unknown,other (see notes),,stalagmite,unknown,,no,yes,Vienna-PDB,unknown,,no,no,yes,no,no,no,no,no,,,,,no,,,,,no,,,,,no,,,,,no,,,,,no,,,no,,no,yes,1,1,https://www.ncei.noaa.gov/access/paleo-search/study/33653
732,58,SPA127_2023,current partially modified,141,58-SPA127,from top,marble,Jurassic,continuous carbonate,other (see notes),other (see notes),bare / sparse vegetation,patchy,20.0,unknown,other (see notes),,stalagmite,unknown,,yes,yes,Vienna-PDB,unknown,,no,no,no,no,no,yes,no,no,,,,,no,,,,,no,,,,,no,,,,,no,,,,,no,,,no,,no,no,1,1,
733,279,Staircase_composite,current,,279-STAIRCASE-COMP,not applicable,other (see notes),mixed (see notes),,shrubland,mixed (see notes),herbaceous vegetation,thick,,no,no,,composite,unknown,,yes,yes,Vienna-PDB,unknown,,no,no,no,no,no,no,no,no,,,,,no,,,,,no,,,,,no,,,,,no,,,,,no,,,no,,no,no,1,1,
734,236,TBV5,current,,236-TBV5,from top,dolomite,Precambrian,continuous carbonate,unknown,unknown,shrubs,unknown,,no,no,,stalagmite,unknown,,no,yes,Vienna-PDB,unknown,,no,no,no,no,no,no,no,no,,,,,no,,,,,no,,,,,no,,,,,no,,,,,no,,,no,,no,no,1,1,https://www.ncei.noaa.gov/access/paleo-search/study/34255
735,236,TBV13,current,,236-TBV13,from top,dolomite,Precambrian,continuous carbonate,unknown,unknown,shrubs,unknown,,no,no,,stalagmite,unknown,,yes,yes,Vienna-PDB,unknown,,no,no,yes,no,no,no,no,yes,unknown,unknown,Yes-author downsampled,unknown,no,,,,,yes,other (see notes),unknown,Yes-author downsampled,unknown,no,,,,,no,,,,,no,,,no,no,no,no,1,1,https://www.ncei.noaa.gov/access/paleo-search/study/33013
736,69,XL-4,current,,69-XL4,from top,dolomite,Precambrian,discontinuous carbonate,shrubland,limited or no use,"open forest, other",thin,120.0,no,no,30.0,stalagmite,unknown,,no,yes,Vienna-PDB,unknown,,no,no,yes,yes,no,no,no,no,,,,,no,,,,,no,,,,,no,,,,,no,,,,,no,,,no,,no,no,1,1,
737,296,S-12-4,current,,296-S124,from top,marble,unknown,,sparse,pasture,herbaceous vegetation,patchy,40.0,no,no,80.0,stalagmite,unknown,,yes,yes,Vienna-PDB,unknown,,no,no,yes,no,no,no,no,no,,,,,yes,LA-ICP-MS,other (see notes),No-not applicable,,no,,,,,no,,,,,no,,,,,no,,,yes,no,no,yes,1,1,
738,94,ABC-1,current,,94-ABC1,from top,dolomite limestone,Eocene,continuous carbonate,grassland,farmland,herbaceous vegetation,unknown,100.0,unknown,unknown,1300.0,stalagmite,unknown,,yes,yes,Vienna-PDB,unknown,,no,no,yes,no,no,no,no,yes,solution OES-MS,other (see notes),No-but different powders used for stable isotope and trace element measurements,,yes,solution OES-MS,other (see notes),No-but different powders used for stable isotope and trace element measurements,,no,,,,,no,,,,,no,,,,,no,,,yes,no,no,yes,1,1,
739,297,BA18-4,current,,297-BA184,from top,dolomite limestone,Triassic,continuous carbonate,shrubland,forest,"closed forest, other",patchy,10.0,yes,yes,500.0,stalagmite,seasonal drip,10.0,no,yes,Vienna-PDB,yes,,unknown,yes,yes,no,no,no,no,yes,solution ICP-MS,other (see notes),No-not applicable,,yes,solution ICP-MS,other (see notes),No-not applicable,,yes,solution ICP-MS,other (see notes),No-not applicable,,no,,,,,no,,,,,no,,,yes,no,yes,yes,1,1,
740,298,BLM-1,current,,298-BLM1,from top,limestone,Precambrian,discontinuous carbonate,sparse,farmland,cultivated and managed vegetation / agriculture,thin,,no,no,,stalagmite,unknown,,yes,yes,Vienna-PDB,unknown,,no,no,no,no,no,no,no,yes,solution ICP-AES,other (see notes),No-but different powders used for stable isotope and trace element measurements,,yes,solution ICP-MS,other (see notes),No-but different powders used for stable isotope and trace element measurements,,yes,solution ICP-MS,other (see notes),No-but different powders used for stable isotope and trace element measurements,,no,,,,,no,,,,,no,,,yes,no,no,yes,1,1,
741,299,Alicia,current,,299-ALICIA,from top,limestone,Carboniferous,discontinuous carbonate,mixed (see notes),mixed (see notes),"closed forest, deciduous broad leaf",patchy,,no,no,,stalagmite,unknown,,yes,yes,Vienna-PDB,unknown,,no,no,no,no,no,no,no,no,,,,,no,,,,,no,,,,,no,,,,,no,,,,,no,,,no,,no,no,1,1,
742,300,CC14-6,current,,300-CC146,from top,limestone,Devonian,discontinuous carbonate,grassland,pasture,herbaceous vegetation,patchy,30.0,no,no,100.0,stalagmite,unknown,,yes,yes,Vienna-PDB,unknown,,no,no,no,no,no,yes,no,yes,solution ICP-AES,other (see notes),No-aliquots of same powder used for stable isotope and trace element measurements,,yes,solution ICP-AES,other (see notes),No-aliquots of same powder used for stable isotope and trace element measurements,,no,,,,,no,,,,,no,,,,,no,,,no,no,no,yes,1,1,https://www.ncdc.noaa.gov/paleo/study/31794
743,301,WB,current,,301-WB,from top,limestone,Devonian,discontinuous carbonate,sparse,farmland,herbaceous vegetation,patchy,25.0,yes,unknown,80.0,stalagmite,unknown,,yes,yes,Vienna-PDB,unknown,,no,no,yes,no,no,yes,no,no,,,,,no,,,,,no,,,,,no,,,,,no,,,,,no,,,no,,no,no,1,1,
744,301,WC,current,,301-WC,from top,limestone,Devonian,discontinuous carbonate,sparse,farmland,herbaceous vegetation,patchy,25.0,yes,unknown,80.0,stalagmite,unknown,,yes,yes,Vienna-PDB,unknown,,no,no,yes,no,no,yes,no,no,,,,,no,,,,,no,,,,,no,,,,,no,,,,,no,,,no,,no,no,1,1,
745,302,Crevice_composite,current,,302-CREVICE-COMP,not applicable,other (see notes),mixed (see notes),,shrubland,mixed (see notes),permanent water bodies,thick,,no,no,,composite,unknown,,yes,yes,Vienna-PDB,unknown,,no,no,no,no,no,no,no,no,,,,,no,,,,,no,,,,,no,,,,,no,,,,,no,,,no,,no,no,1,1,
746,303,CRY-S1,current,,303-CRYS1,from top,calcarenite,Pleistocene,continuous carbonate,evergreen,forest,"closed forest, evergreen broad leaf",thick,40.0,no,no,140.0,stalagmite,unknown,0.1,yes,yes,Vienna-PDB,unknown,,no,no,no,no,no,no,no,no,,,,,no,,,,,no,,,,,no,,,,,no,,,,,no,,,no,,no,no,1,1,
747,304,CB4,current,,304-CB4,from top,limestone,Cretaceous,,other (see notes),unknown,cultivated and managed vegetation / agriculture,unknown,,unknown,unknown,60.0,stalagmite,unknown,,yes,yes,Vienna-PDB,yes,,no,no,no,no,no,yes,no,no,,,,,yes,solution ICP-MS,standard stock solutions of known concentrations,Yes-author downsampled,running average/mean,no,,,,,no,,,,,no,,,,,no,,,no,no,no,no,1,1,https://www.ncei.noaa.gov/pub/data/paleo/speleothem/northamerica/mexico/geochem_cb4_wright2022.txt
748,305,Neith_2022,current partially modified,749,305-NEITH,from top,limestone,Carboniferous,discontinuous carbonate,mixed (see notes),mixed (see notes),"closed forest, deciduous broad leaf",patchy,50.0,no,no,,stalagmite,unknown,,yes,yes,Vienna-PDB,unknown,,no,no,no,no,no,no,no,yes,solution ICP-MS,standard stock solutions of known concentrations,No-aliquots of same powder used for stable isotope and trace element measurements,,yes,solution ICP-MS,standard stock solutions of known concentrations,No-aliquots of same powder used for stable isotope and trace element measurements,,no,,,,,no,,,,,no,,,,,no,,,no,no,no,no,1,1,
749,305,Neith_2015,current partially modified,748,305-NEITH,from top,limestone,Carboniferous,discontinuous carbonate,mixed (see notes),mixed (see notes),"closed forest, deciduous broad leaf",patchy,50.0,no,no,,stalagmite,unknown,,yes,yes,Vienna-PDB,unknown,,no,no,no,no,no,no,no,yes,solution ICP-AES,other (see notes),No-aliquots of same powder used for stable isotope and trace element measurements,,yes,solution ICP-AES,other (see notes),No-aliquots of same powder used for stable isotope and trace element measurements,,no,,,,,no,,,,,no,,,,,no,,,no,no,no,no,1,1,
750,305,Artemisa_R,current,,305-ARTEMISAR,from top,limestone,Carboniferous,discontinuous carbonate,mixed (see notes),mixed (see notes),"closed forest, deciduous broad leaf",patchy,50.0,no,no,,stalagmite,unknown,,yes,yes,Vienna-PDB,unknown,,no,no,no,no,no,no,no,yes,solution ICP-AES,other (see notes),No-aliquots of same powder used for stable isotope and trace element measurements,,yes,solution ICP-AES,other (see notes),No-aliquots of same powder used for stable isotope and trace element measurements,,no,,,,,no,,,,,no,,,,,no,,,no,no,no,no,1,1,
751,305,Angelines,current,,305-ANGELINES,from top,limestone,Carboniferous,discontinuous carbonate,mixed (see notes),mixed (see notes),"closed forest, deciduous broad leaf",patchy,50.0,no,no,,stalagmite,unknown,,yes,yes,Vienna-PDB,unknown,,no,no,no,no,no,no,no,yes,solution ICP-AES,other (see notes),No-aliquots of same powder used for stable isotope and trace element measurements,,yes,solution ICP-AES,other (see notes),No-aliquots of same powder used for stable isotope and trace element measurements,,no,,,,,no,,,,,no,,,,,no,,,no,no,no,no,1,1,
752,306,PIM4,current,,306-PIM4,from top,limestone,unknown,continuous carbonate,unknown,unknown,"closed forest, evergreen broad leaf",unknown,,unknown,unknown,200.0,stalagmite,seepage flow,,yes,yes,Vienna-PDB,yes,,no,no,no,no,no,no,no,no,,,,,no,,,,,no,,,,,no,,,,,no,,,,,no,,,no,,no,yes,1,1,
753,306,PIM5,current,,306-PIM5,from top,limestone,unknown,continuous carbonate,unknown,unknown,"closed forest, evergreen broad leaf",unknown,,unknown,unknown,200.0,stalagmite,unknown,,yes,yes,Vienna-PDB,yes,,no,no,no,no,no,no,no,no,,,,,no,,,,,no,,,,,no,,,,,no,,,,,no,,,no,,no,yes,1,1,
754,79,Dim1,current,,79-DIM1,from top,limestone,Permian,,shrubland,forest,"closed forest, evergreen needle leaf",other (see notes),15.0,yes,no,360.0,stalagmite,seepage flow,,yes,yes,Vienna-PDB,no,1.4,no,yes,yes,no,no,no,no,no,,,,,no,,,,,no,,,,,no,,,,,no,,,,,yes,TIMS,SrCO3 (NIST SRM 987),no,no,no,no,1,1,
755,307,Efflux_composite,current,,307-EFFLUX-COMP,not applicable,limestone,Precambrian,,shrubland,limited or no use,herbaceous vegetation,thin,20.0,no,no,,composite,unknown,,yes,yes,Vienna-PDB,unknown,,no,no,no,no,no,no,no,no,,,,,no,,,,,no,,,,,no,,,,,no,,,,,no,,,no,,no,no,1,1,
756,307,142843,current,,307-142843,from top,limestone,Precambrian,,shrubland,limited or no use,herbaceous vegetation,thin,20.0,no,no,300.0,stalactite,unknown,,yes,yes,Vienna-PDB,unknown,,no,no,yes,no,no,no,no,no,,,,,no,,,,,no,,,,,no,,,,,no,,,,,no,,,no,,no,yes,1,1,
757,307,142846,current,,307-142846,from top,limestone,Precambrian,,shrubland,limited or no use,herbaceous vegetation,thin,20.0,no,no,300.0,stalagmite,unknown,,yes,yes,Vienna-PDB,unknown,,no,no,yes,no,no,no,no,no,,,,,no,,,,,no,,,,,no,,,,,no,,,,,no,,,no,,no,yes,1,1,
758,307,142847,current,,307-142847,from top,limestone,Precambrian,,shrubland,limited or no use,herbaceous vegetation,thin,20.0,no,no,300.0,stalagmite,unknown,,yes,yes,Vienna-PDB,unknown,,no,no,yes,no,no,no,no,no,,,,,no,,,,,no,,,,,no,,,,,no,,,,,no,,,no,,no,yes,1,1,
759,307,142848,current,,307-142848,from top,limestone,Precambrian,,shrubland,limited or no use,herbaceous vegetation,thin,20.0,no,no,300.0,stalagmite,unknown,,yes,yes,Vienna-PDB,unknown,,no,no,yes,no,no,no,no,no,,,,,no,,,,,no,,,,,no,,,,,no,,,,,no,,,no,,no,yes,1,1,
760,307,142849,current,,307-142849,from top,limestone,Precambrian,,shrubland,limited or no use,herbaceous vegetation,thin,20.0,no,no,300.0,stalagmite,unknown,,yes,yes,Vienna-PDB,unknown,,no,no,yes,no,no,no,no,no,,,,,no,,,,,no,,,,,no,,,,,no,,,,,no,,,no,,no,yes,1,1,
761,308,GD8-1 Slab 1,current,,308-GD81SLAB1,from top,limestone,Silurian,continuous carbonate,barren,limited or no use,,barren,80.0,yes,no,10.0,flowstone,unknown,,yes,yes,Vienna-PDB,unknown,,no,no,yes,no,no,no,no,no,,,,,no,,,,,no,,,,,no,,,,,no,,,,,no,,,no,,no,no,1,1,https://www.ncei.noaa.gov/access/paleo-search/study/33173
762,308,GD8-1 Slab 1 orb,current,,308-GD81SLAB1ORB,from top,limestone,Silurian,continuous carbonate,barren,limited or no use,,barren,80.0,yes,no,10.0,flowstone,unknown,,yes,yes,Vienna-PDB,unknown,,no,no,yes,no,no,no,no,no,,,,,no,,,,,no,,,,,no,,,,,no,,,,,no,,,no,,no,no,1,1,https://www.ncei.noaa.gov/access/paleo-search/study/33173
763,308,GD8-1 Slab 2,current,,308-GD81SLAB2,from top,limestone,Silurian,continuous carbonate,barren,limited or no use,,barren,80.0,yes,no,10.0,flowstone,unknown,,yes,yes,Vienna-PDB,unknown,,no,no,yes,no,no,no,no,no,,,,,no,,,,,no,,,,,no,,,,,no,,,,,no,,,no,,no,no,1,1,https://www.ncei.noaa.gov/access/paleo-search/study/33173
764,309,GM1,current,,309-GM1,from top,limestone,Cretaceous,,shrubland,farmland,"open forest, other",thin,45.0,no,yes,70.0,stalagmite,unknown,,yes,yes,Vienna-PDB,other (see notes),,no,no,no,no,no,no,no,yes,solution ICP-MS,standard stock solutions of known concentrations,No-but different powders used for stable isotope and trace element measurements,,yes,solution OES-MS,standard stock solutions of known concentrations,No-but different powders used for stable isotope and trace element measurements,,yes,solution ICP-MS,standard stock solutions of known concentrations,No-but different powders used for stable isotope and trace element measurements,,yes,solution ICP-MS,standard stock solutions of known concentrations,No-but different powders used for stable isotope and trace element measurements,,yes,solution ICP-MS,standard stock solutions of known concentrations,No-but different powders used for stable isotope and trace element measurements,,no,,,yes,no,yes,yes,1,1,
765,310,GL-S1,current,,310-GLS1,from top,calcarenite,Pleistocene,continuous carbonate,evergreen,forest,"closed forest, evergreen broad leaf",thick,32.0,yes,yes,60.0,stalagmite,seepage flow,9.0,yes,yes,Vienna-PDB,other (see notes),,no,yes,yes,no,no,yes,no,no,,,,,no,,,,,no,,,,,no,,,,,no,,,,,no,,,no,,yes,yes,1,1,10.1594/PANGAEA.941440
766,310,GL-S2,current,,310-GLS2,from top,calcarenite,Pleistocene,continuous carbonate,evergreen,forest,"closed forest, evergreen broad leaf",thick,40.0,yes,yes,90.0,stalagmite,mixed,17.0,yes,yes,Vienna-PDB,other (see notes),,no,no,yes,no,no,yes,no,no,,,,,no,,,,,no,,,,,no,,,,,no,,,,,no,,,no,,yes,yes,1,1,10.1594/PANGAEA.941440
767,310,GL-S3,current,,310-GLS3,from top,calcarenite,Pleistocene,continuous carbonate,evergreen,forest,"closed forest, evergreen broad leaf",thick,40.0,yes,yes,90.0,stalagmite,fast flow,17.0,yes,yes,Vienna-PDB,other (see notes),,no,no,yes,no,no,yes,no,no,,,,,no,,,,,no,,,,,no,,,,,no,,,,,no,,,no,,yes,yes,1,1,10.1594/PANGAEA.941440
768,310,GL-S4,current,,310-GLS4,from top,calcarenite,Pleistocene,continuous carbonate,evergreen,forest,"closed forest, evergreen broad leaf",thick,32.0,yes,yes,60.0,stalagmite,mixed,9.0,yes,yes,Vienna-PDB,other (see notes),,no,no,yes,no,no,yes,no,no,,,,,no,,,,,no,,,,,no,,,,,no,,,,,no,,,no,,yes,yes,1,1,10.1594/PANGAEA.941440
769,311,HW-S1,current,,311-HWS1,from top,limestone,Silurian,discontinuous carbonate,sparse,forest,"closed forest, evergreen broad leaf",thin,38.0,yes,yes,60.0,stalagmite,mixed,0.4,yes,yes,Vienna-PDB,unknown,,no,no,yes,no,no,yes,no,no,,,,,no,,,,,no,,,,,no,,,,,no,,,,,no,,,no,,yes,no,1,1,
770,311,HW-S2,current,,311-HWS2,from top,limestone,Silurian,discontinuous carbonate,sparse,forest,"closed forest, evergreen broad leaf",thin,38.0,yes,yes,60.0,stalagmite,mixed,0.7,yes,yes,Vienna-PDB,unknown,,no,no,yes,no,no,yes,no,no,,,,,no,,,,,no,,,,,no,,,,,no,,,,,no,,,no,,yes,no,1,1,
771,311,HW_38b,current,,311-HW38B,from top,limestone,Silurian,discontinuous carbonate,sparse,forest,"closed forest, evergreen broad leaf",thin,55.0,yes,yes,90.0,stalagmite,mixed,0.3,yes,yes,Vienna-PDB,unknown,,no,no,yes,no,no,yes,no,no,,,,,no,,,,,no,,,,,no,,,,,no,,,,,no,,,no,,yes,no,1,1,
772,312,HF01,current,,312-HF01,from top,limestone,Permian,discontinuous carbonate,unknown,unknown,"closed forest, evergreen broad leaf",unknown,,unknown,unknown,10.0,stalagmite,unknown,,no,yes,Vienna-PDB,unknown,,unknown,unknown,unknown,unknown,unknown,unknown,unknown,no,,,,,no,,,,,no,,,,,no,,,,,no,,,,,no,,,no,,no,no,1,1,https://www.ncei.noaa.gov/access/paleo-search/study/26510
773,313,HLK2,current,,313-HLK2,from top,limestone,Devonian,,deciduous,mixed (see notes),"open forest, other",thick,,yes,yes,,stalagmite,unknown,,yes,yes,Vienna-PDB,unknown,,no,no,no,no,no,no,no,yes,LA-ICP-MS,other (see notes),Yes-SISAL downsampled,Binned average,yes,LA-ICP-MS,other (see notes),Yes-SISAL downsampled,Binned average,yes,LA-ICP-MS,other (see notes),Yes-author downsampled,Binned average,no,,,,,no,,,,,no,,,yes,no,yes,yes,1,1,
774,313,NG01,current,,313-NG01,from top,limestone,Devonian,,deciduous,mixed (see notes),"open forest, other",thick,,yes,no,,stalagmite,unknown,,yes,yes,Vienna-PDB,unknown,,yes,no,no,no,no,no,no,no,,,,,yes,LA-ICP-MS,other (see notes),Yes-SISAL downsampled,Binned average,yes,LA-ICP-MS,other (see notes),Yes-SISAL downsampled,Binned average,no,,,,,yes,LA-ICP-MS,other (see notes),Yes-SISAL downsampled,Binned average,no,,,yes,no,yes,yes,1,1,
775,313,TV1_2021,current,776,313-TV1,from top,limestone,Devonian,,deciduous,mixed (see notes),"open forest, other",thick,,yes,no,,stalagmite,unknown,,yes,yes,Vienna-PDB,unknown,,no,no,no,no,no,no,no,no,,,,,yes,LA-ICP-MS,other (see notes),Yes-SISAL downsampled,Binned average,no,,,,,no,,,,,yes,LA-ICP-MS,other (see notes),Yes-SISAL downsampled,Binned average,no,,,yes,no,yes,yes,1,1,
776,313,TV1_2020,current,775,313-TV1,from top,limestone,Devonian,,deciduous,mixed (see notes),"open forest, other",thick,,yes,no,,stalagmite,unknown,,yes,yes,Vienna-PDB,unknown,,no,no,no,no,no,no,no,yes,unknown,other (see notes),No-not applicable,,yes,LA-ICP-MS,other (see notes),No-not applicable,,yes,LA-ICP-MS,other (see notes),No-not applicable,,no,,,,,yes,LA-ICP-MS,other (see notes),No-not applicable,,no,,,yes,no,yes,yes,1,1,
777,314,Herolds_bay_composite,current,,314-HEROLDSBAY-COMP,not applicable,other (see notes),Pleistocene,,shrubland,limited or no use,"closed forest, other",thick,,no,no,,composite,unknown,,yes,yes,Vienna-PDB,unknown,,no,no,no,no,no,no,no,no,,,,,no,,,,,no,,,,,no,,,,,no,,,,,no,,,no,,no,no,1,1,
778,314,162520,current,,314-162520,from top,other (see notes),Pleistocene,,shrubland,limited or no use,"closed forest, other",thick,,no,no,,stalagmite,unknown,,yes,yes,Vienna-PDB,unknown,,no,no,yes,no,no,no,no,no,,,,,no,,,,,no,,,,,no,,,,,no,,,,,no,,,no,,no,yes,1,1,
779,314,162527-1,current,,314-1625271,from top,other (see notes),Pleistocene,,shrubland,limited or no use,"closed forest, other",thick,,no,no,,stalagmite,unknown,,yes,yes,Vienna-PDB,unknown,,no,no,no,no,no,no,no,no,,,,,no,,,,,no,,,,,no,,,,,no,,,,,no,,,no,,no,yes,1,1,
780,314,162528,current,,314-162528,from top,other (see notes),Pleistocene,,shrubland,limited or no use,"closed forest, other",thick,,no,no,,flowstone,unknown,,yes,yes,Vienna-PDB,unknown,,no,no,no,no,no,no,no,no,,,,,no,,,,,no,,,,,no,,,,,no,,,,,no,,,no,,no,yes,1,1,
781,314,162527-2,current,,314-1625272,from top,other (see notes),Pleistocene,,shrubland,limited or no use,"closed forest, other",thick,,no,no,,stalagmite,unknown,,yes,yes,Vienna-PDB,unknown,,no,no,no,no,no,no,no,no,,,,,no,,,,,no,,,,,no,,,,,no,,,,,no,,,no,,no,yes,1,1,
782,315,HC2,current,,315-HC2,from top,dolomite limestone,Ordovician,continuous carbonate,mixed (see notes),concrete and built up,herbaceous vegetation,thin,10.0,unknown,unknown,60.0,stalagmite,unknown,,yes,yes,Vienna-PDB,unknown,,unknown,unknown,unknown,unknown,unknown,unknown,unknown,yes,other (see notes),unknown,No-not applicable,,yes,other (see notes),unknown,No-not applicable,,no,,,,,no,,,,,no,,,,,no,,,no,no,yes,yes,1,1,https://www.ncei.noaa.gov/access/paleo-search/study/31535
783,316,HBSH-1,current,,316-HBSH1,from top,limestone,Devonian,discontinuous carbonate,deciduous,forest,"open forest, mixed",unknown,,no,no,,stalagmite,unknown,,yes,yes,Vienna-PDB,unknown,,no,no,no,no,no,no,no,yes,LA-ICP-MS,NIST SRM 612,No-not applicable,,yes,LA-ICP-MS,NIST SRM 612,No-not applicable,,yes,LA-ICP-MS,NIST SRM 612,No-not applicable,,no,,,,,yes,LA-ICP-MS,NIST SRM 612,No-not applicable,,no,,,yes,no,no,yes,1,1,
784,316,HBSH-3,current,,316-HBSH3,from top,limestone,Devonian,discontinuous carbonate,deciduous,forest,"open forest, mixed",unknown,,no,no,,stalagmite,unknown,,yes,yes,Vienna-PDB,unknown,,no,no,no,no,no,no,no,yes,LA-ICP-MS,NIST SRM 612,No-not applicable,,yes,LA-ICP-MS,NIST SRM 612,No-not applicable,,yes,LA-ICP-MS,NIST SRM 612,No-not applicable,,no,,,,,yes,LA-ICP-MS,NIST SRM 612,No-not applicable,,yes,other (see notes),SrCO3 (NIST SRM 987),no,no,no,yes,1,1,
785,316,HBSH-4,current,,316-HBSH4,from top,limestone,Devonian,discontinuous carbonate,deciduous,forest,"open forest, mixed",unknown,,no,no,,stalagmite,unknown,,yes,yes,Vienna-PDB,unknown,,no,no,no,no,no,no,no,no,,,,,no,,,,,no,,,,,no,,,,,no,,,,,yes,other (see notes),SrCO3 (NIST SRM 987),no,no,no,yes,1,1,
786,316,HBSH-5,current,,316-HBSH5,from top,limestone,Devonian,discontinuous carbonate,deciduous,forest,"open forest, mixed",unknown,,no,no,,stalagmite,unknown,,yes,yes,Vienna-PDB,unknown,,no,no,no,no,no,no,no,yes,LA-ICP-MS,NIST SRM 612,No-not applicable,,yes,LA-ICP-MS,NIST SRM 612,No-not applicable,,yes,LA-ICP-MS,NIST SRM 612,No-not applicable,,no,,,,,yes,LA-ICP-MS,NIST SRM 612,No-not applicable,,yes,other (see notes),SrCO3 (NIST SRM 987),no,no,no,yes,1,1,
787,42,IFK2,current,,42-IFK2,from top,dolomite limestone,Jurassic,,sparse,forest,"open forest, other",patchy,,no,no,,stalagmite,seasonal drip,,yes,yes,Vienna-PDB,unknown,,no,no,yes,no,no,no,no,no,,,,,no,,,,,no,,,,,no,,,,,no,,,,,no,,,no,,no,yes,1,1,
788,317,JJ0406,current,,317-JJ0406,from top,unknown,unknown,,deciduous,forest,"closed forest, evergreen broad leaf",unknown,80.0,unknown,unknown,2800.0,stalagmite,unknown,,yes,yes,Vienna-PDB,unknown,,no,yes,yes,yes,yes,unknown,unknown,no,,,,,no,,,,,no,,,,,no,,,,,no,,,,,no,,,no,,no,no,1,1,
789,317,JJ0403,current,,317-JJ0403,from top,unknown,unknown,,deciduous,forest,"closed forest, evergreen broad leaf",unknown,80.0,unknown,unknown,2800.0,stalagmite,unknown,,yes,yes,Vienna-PDB,unknown,,no,yes,yes,yes,yes,unknown,unknown,no,,,,,no,,,,,no,,,,,no,,,,,no,,,,,no,,,no,,no,no,1,1,
790,318,J12,current,,318-J12,from top,limestone,Permian,discontinuous carbonate,unknown,unknown,"closed forest, evergreen broad leaf",unknown,,unknown,unknown,100.0,stalagmite,unknown,,no,yes,Vienna-PDB,unknown,,unknown,unknown,unknown,unknown,unknown,unknown,unknown,no,,,,,no,,,,,no,,,,,no,,,,,no,,,,,no,,,no,,no,no,1,1,https://www.ncei.noaa.gov/access/paleo-search/study/26510
791,318,J13,current,,318-J13,from top,limestone,Permian,discontinuous carbonate,unknown,unknown,"closed forest, evergreen broad leaf",unknown,,unknown,unknown,1200.0,stalagmite,unknown,,no,yes,Vienna-PDB,unknown,,unknown,unknown,unknown,unknown,unknown,unknown,unknown,no,,,,,no,,,,,no,,,,,no,,,,,no,,,,,no,,,no,,no,no,1,1,https://www.ncei.noaa.gov/access/paleo-search/study/26510
792,319,JL1,current,,319-JL1,from top,limestone,Miocene,discontinuous carbonate,shrubland,forest,"closed forest, evergreen broad leaf",thick,,no,no,,stalagmite,seepage flow,,yes,yes,Vienna-PDB,unknown,,no,no,yes,no,no,no,no,no,,,,,no,,,,,no,,,,,no,,,,,no,,,,,no,,,no,,no,yes,1,1,
793,320,KT-3,current,,320-KT3,from top,limestone,Oligocene,continuous carbonate,sparse,unknown,cultivated and managed vegetation / agriculture,patchy,200.0,no,no,750.0,stalagmite,unknown,1.5,yes,yes,Vienna-PDB,yes,,no,no,yes,no,no,no,no,yes,solution OES-MS,other (see notes),No-not applicable,,yes,solution OES-MS,other (see notes),No-not applicable,,yes,solution OES-MS,other (see notes),No-not applicable,,no,,,,,no,,,,,no,,,yes,no,no,no,1,1,
794,100,K2,current,,100-K2,from top,limestone,Devonian,,mixed (see notes),forest,"closed forest, mixed",unknown,125.0,unknown,unknown,250.0,stalagmite,unknown,,yes,yes,Vienna-PDB,yes,,unknown,unknown,yes,unknown,unknown,unknown,unknown,no,,,,,no,,,,,no,,,,,no,,,,,no,,,,,no,,,no,,no,yes,1,1,
795,100,K4,current,,100-K4,from top,limestone,Devonian,,mixed (see notes),forest,"closed forest, mixed",unknown,125.0,unknown,unknown,250.0,stalagmite,unknown,,yes,yes,Vienna-PDB,yes,,unknown,unknown,yes,unknown,unknown,unknown,unknown,no,,,,,no,,,,,no,,,,,no,,,,,no,,,,,no,,,no,,no,yes,1,1,
796,321,TK7,current,,321-TK7,from top,limestone,Permian,,unknown,unknown,"closed forest, evergreen broad leaf",unknown,,unknown,no,400.0,stalagmite,unknown,,no,yes,Vienna-PDB,unknown,,no,no,no,no,no,no,no,no,,,,,no,,,,,no,,,,,no,,,,,no,,,,,no,,,no,,no,yes,1,1,
797,321,TK20,current,,321-TK20,from top,limestone,Permian,,unknown,unknown,"closed forest, evergreen broad leaf",unknown,,unknown,no,400.0,stalagmite,unknown,,no,yes,Vienna-PDB,unknown,,no,no,no,no,no,no,no,no,,,,,no,,,,,no,,,,,no,,,,,no,,,,,no,,,no,,no,yes,1,1,
798,321,TK40,current,,321-TK40,from top,limestone,Permian,,unknown,unknown,"closed forest, evergreen broad leaf",unknown,,unknown,no,400.0,stalagmite,unknown,,no,yes,Vienna-PDB,unknown,,no,no,no,no,no,no,no,no,,,,,no,,,,,no,,,,,no,,,,,no,,,,,no,,,no,,no,yes,1,1,
799,322,NIR-1,current,,322-NIR1,from top,limestone,unknown,,unknown,unknown,herbaceous vegetation,unknown,,no,no,300.0,stalagmite,unknown,,yes,yes,Vienna-PDB,yes,,no,no,yes,no,no,no,no,no,,,,,no,,,,,no,,,,,no,,,,,no,,,,,no,,,no,,no,yes,1,1,
800,322,NIR-2,current,,322-NIR2,from top,limestone,unknown,,unknown,unknown,herbaceous vegetation,unknown,,no,no,300.0,stalagmite,unknown,,yes,yes,Vienna-PDB,yes,,no,no,yes,no,no,no,no,no,,,,,no,,,,,no,,,,,no,,,,,no,,,,,no,,,no,,no,yes,1,1,
801,322,NIR_composite,current,,322-NIR-COMP,from top,limestone,unknown,,unknown,unknown,herbaceous vegetation,unknown,,no,no,300.0,composite,unknown,,yes,yes,Vienna-PDB,yes,,no,no,yes,no,no,no,no,no,,,,,no,,,,,no,,,,,no,,,,,no,,,,,no,,,no,,no,no,1,1,
802,323,K4_kyok,current,,323-K4KYOK,from top,limestone,Cambrian,,evergreen,forest,herbaceous vegetation,thick,90.0,no,no,,stalagmite,unknown,,yes,yes,Vienna-PDB,yes,,no,no,no,no,no,no,no,no,,,,,yes,micro XRF,unknown,Yes-author downsampled,running average/mean,no,,,,,no,,,,,no,,,,,no,,,yes,no,no,no,1,1,https://www.ncei.noaa.gov/access/paleo-search/study/33713?siteId=58917
803,324,Gael_2022,current,,324-GAEL,from top,limestone,Carboniferous,discontinuous carbonate,mixed (see notes),mixed (see notes),"closed forest, other",patchy,10.0,no,no,50.0,stalagmite,unknown,,yes,yes,Vienna-PDB,unknown,,no,no,no,no,no,no,no,no,,,,,no,,,,,no,,,,,no,,,,,no,,,,,no,,,no,,no,no,1,1,
804,324,Gael_2015,superseded,803,324-GAEL,from top,limestone,Carboniferous,discontinuous carbonate,mixed (see notes),mixed (see notes),"closed forest, other",patchy,10.0,no,no,50.0,stalagmite,unknown,,yes,yes,Vienna-PDB,unknown,,no,no,no,no,no,no,no,yes,solution ICP-AES,other (see notes),No-aliquots of same powder used for stable isotope and trace element measurements,,yes,solution ICP-AES,other (see notes),No-aliquots of same powder used for stable isotope and trace element measurements,,yes,solution ICP-AES,other (see notes),No-aliquots of same powder used for stable isotope and trace element measurements,,no,,,,,no,,,,,no,,,no,no,no,no,1,1,
805,324,Gloria,current,,324-GLORIA,from top,limestone,Carboniferous,discontinuous carbonate,mixed (see notes),mixed (see notes),"closed forest, other",patchy,10.0,no,no,50.0,stalagmite,unknown,,yes,yes,Vienna-PDB,unknown,,no,no,no,no,no,no,no,no,,,,,yes,solution ICP-AES,other (see notes),No-aliquots of same powder used for stable isotope and trace element measurements,,yes,solution ICP-AES,other (see notes),No-aliquots of same powder used for stable isotope and trace element measurements,,no,,,,,no,,,,,no,,,no,no,no,no,1,1,
806,324,Garth,current,,324-GARTH,from top,limestone,Carboniferous,discontinuous carbonate,mixed (see notes),mixed (see notes),"closed forest, other",patchy,10.0,yes,no,50.0,stalagmite,unknown,,yes,yes,Vienna-PDB,unknown,,no,no,no,no,no,no,no,no,,,,,no,,,,,no,,,,,no,,,,,no,,,,,no,,,no,,no,no,1,1,
807,324,Gulda,current,,324-GULDA,from top,limestone,Carboniferous,discontinuous carbonate,mixed (see notes),mixed (see notes),"closed forest, other",patchy,,yes,no,,stalagmite,unknown,,yes,yes,Vienna-PDB,unknown,,no,no,no,no,no,no,no,no,,,,,no,,,,,no,,,,,no,,,,,no,,,,,no,,,no,,no,no,1,1,
808,324,Luna,current,,324-LUNA,from top,limestone,Carboniferous,discontinuous carbonate,mixed (see notes),mixed (see notes),"closed forest, other",patchy,,yes,no,,stalagmite,unknown,,yes,yes,Vienna-PDB,unknown,,no,no,no,no,no,no,no,no,,,,,no,,,,,no,,,,,no,,,,,no,,,,,no,,,no,,no,no,1,1,
809,324,Galia,current,,324-GALIA,from top,limestone,Carboniferous,discontinuous carbonate,mixed (see notes),mixed (see notes),"closed forest, other",patchy,,yes,no,,stalagmite,unknown,,yes,yes,Vienna-PDB,unknown,,no,no,no,no,no,no,no,no,,,,,no,,,,,no,,,,,no,,,,,no,,,,,no,,,no,,no,no,1,1,
810,221,LAVI-15-7,current,,221-LAVI157,from top,limestone,Pleistocene,,evergreen,other (see notes),,unknown,,no,no,140.0,stalagmite,unknown,,yes,yes,Vienna-PDB,unknown,,no,no,unknown,no,no,no,no,no,,,,,yes,LA-ICP-AES,other (see notes),No-but different powders used for stable isotope and trace element measurements,,no,,,,,no,,,,,no,,,,,no,,,yes,no,no,yes,1,1,
811,221,LAVI-4_2020,current partially modified,469,221-LAVI4,from top,limestone,Pleistocene,,evergreen,other (see notes),,unknown,,no,no,50.0,stalagmite,unknown,,yes,yes,Vienna-PDB,unknown,,no,no,unknown,no,no,no,no,no,,,,,yes,LA-ICP-AES,other (see notes),No-but different powders used for stable isotope and trace element measurements,,no,,,,,no,,,,,no,,,,,no,,,yes,no,no,yes,1,1,
812,325,PR-LA-1,current,,325-PRLA1,from top,limestone,Oligocene,,evergreen,forest,"closed forest, evergreen broad leaf",unknown,,yes,yes,,stalagmite,unknown,,yes,yes,Vienna-PDB,unknown,,no,yes,yes,no,no,no,no,yes,LA-ICP-MS,NIST SRM 612,Yes-author downsampled,Binned average,yes,LA-ICP-MS,NIST SRM 612,Yes-author downsampled,Binned average,yes,LA-ICP-MS,NIST SRM 612,Yes-author downsampled,Binned average,yes,LA-ICP-MS,NIST SRM 612,Yes-author downsampled,Binned average,yes,LA-ICP-MS,NIST SRM 612,Yes-author downsampled,Binned average,no,,,no,no,yes,yes,1,1,10.1594/PANGAEA.915000
813,326,LZ15,current,,326-LZ15,from top,unknown,unknown,continuous carbonate,unknown,unknown,"closed forest, evergreen broad leaf",unknown,,unknown,unknown,,stalagmite,unknown,,no,yes,Vienna-PDB,unknown,,unknown,unknown,unknown,unknown,unknown,unknown,unknown,no,,,,,no,,,,,no,,,,,no,,,,,no,,,,,no,,,no,,no,no,1,1,https://www.ncei.noaa.gov/access/paleo-search/study/8636
814,326,LZ36,current,,326-LZ36,from top,unknown,unknown,continuous carbonate,unknown,unknown,"closed forest, evergreen broad leaf",unknown,,unknown,unknown,,stalagmite,unknown,,no,yes,Vienna-PDB,unknown,,unknown,unknown,unknown,unknown,unknown,unknown,unknown,no,,,,,no,,,,,no,,,,,no,,,,,no,,,,,no,,,no,,no,no,1,1,https://www.ncei.noaa.gov/access/paleo-search/study/8636
815,327,MP-2,current,,327-MP2,from top,limestone,Jurassic,continuous carbonate,sparse,unknown,"open forest, other",patchy,80.0,no,no,150.0,stalagmite,mixed,0.2,yes,yes,Vienna-PDB,unknown,,no,no,no,no,no,no,no,no,,,,,no,,,,,no,,,,,no,,,,,no,,,,,no,,,no,,yes,yes,1,1,
816,327,MP-3,current,,327-MP3,from top,limestone,Jurassic,continuous carbonate,sparse,unknown,"open forest, other",patchy,80.0,no,no,155.0,stalagmite,seasonal drip,1.0,yes,yes,Vienna-PDB,unknown,,no,no,no,no,no,yes,no,no,,,,,no,,,,,no,,,,,no,,,,,no,,,,,no,,,no,,yes,yes,1,1,
817,328,MV3,current,,328-MV3,from top,limestone,Precambrian,continuous carbonate,deciduous,forest,"closed forest, other",patchy,10.0,no,no,15.0,stalagmite,seasonal drip,,yes,yes,Vienna-PDB,unknown,,no,no,yes,no,no,no,no,no,,,,,no,,,,,no,,,,,no,,,,,no,,,,,no,,,no,,no,yes,1,1,10.25921/7dr4-yn36
818,329,MAT1,current,,329-MAT1,from top,limestone,Precambrian,,evergreen,forest,"closed forest, evergreen broad leaf",thick,,no,no,,stalagmite,unknown,,yes,yes,Vienna-PDB,unknown,,no,no,no,no,no,no,no,no,,,,,no,,,,,no,,,,,no,,,,,no,,,,,no,,,no,,yes,yes,1,1,
819,329,MAT12,current,,329-MAT12,from top,limestone,Precambrian,,evergreen,forest,"closed forest, evergreen broad leaf",thick,,no,no,,stalagmite,unknown,,yes,yes,Vienna-PDB,unknown,,no,no,no,no,no,no,no,no,,,,,no,,,,,no,,,,,no,,,,,no,,,,,no,,,no,,yes,yes,1,1,
820,329,MAT23,current,,329-MAT23,from top,limestone,Precambrian,,evergreen,forest,"closed forest, evergreen broad leaf",thick,,no,no,,stalagmite,unknown,,yes,yes,Vienna-PDB,unknown,,no,no,no,no,no,no,no,no,,,,,no,,,,,no,,,,,no,,,,,no,,,,,no,,,no,,yes,yes,1,1,
821,330,Maat,current,,330-MAAT,from top,dolomite limestone,Jurassic,continuous carbonate,evergreen,forest,"open forest, other",unknown,,no,no,,stalagmite,unknown,,yes,yes,Vienna-PDB,unknown,,no,no,yes,no,no,no,no,yes,solution ICP-AES,standard stock solutions of known concentrations,No-aliquots of same powder used for stable isotope and trace element measurements,,yes,solution ICP-AES,standard stock solutions of known concentrations,No-aliquots of same powder used for stable isotope and trace element measurements,,no,,,,,no,,,,,no,,,,,no,,,no,no,yes,yes,1,1,
822,331,MS-composite,current,,331-MS-COMP,from top,limestone,Jurassic,continuous carbonate,shrubland,unknown,herbaceous vegetation,thin,20.0,no,no,,composite,unknown,,yes,yes,Vienna-PDB,yes,,no,yes,yes,no,no,no,no,no,,,,,no,,,,,no,,,,,no,,,,,no,,,,,yes,solution ICP-MS,,yes,no,no,no,1,1,
823,331,MS-1,current,,331-MS1,from top,limestone,Jurassic,continuous carbonate,shrubland,unknown,herbaceous vegetation,thin,20.0,no,no,,stalagmite,unknown,,no,no,Vienna-PDB,yes,,no,yes,yes,no,no,no,no,no,,,,,no,,,,,no,,,,,no,,,,,no,,,,,no,,,no,,no,no,1,1,
824,331,MS-2,current,,331-MS2,from top,limestone,Jurassic,continuous carbonate,shrubland,unknown,herbaceous vegetation,thin,20.0,no,no,,stalagmite,unknown,,no,no,Vienna-PDB,yes,,no,yes,yes,no,no,no,no,no,,,,,no,,,,,no,,,,,no,,,,,no,,,,,no,,,no,,no,no,1,1,
825,331,MS-3,current,,331-MS3,from top,limestone,Jurassic,continuous carbonate,shrubland,unknown,herbaceous vegetation,thin,20.0,no,no,,stalagmite,unknown,,no,no,Vienna-PDB,yes,,no,yes,yes,no,no,no,no,no,,,,,no,,,,,no,,,,,no,,,,,no,,,,,no,,,no,,no,no,1,1,
826,332,Indiana,current,,332-INDIANA,from top,limestone,Miocene,continuous carbonate,unknown,forest,"open forest, other",thick,,unknown,unknown,,stalagmite,unknown,,yes,yes,Vienna-PDB,unknown,,no,no,no,no,no,no,no,no,,,,,yes,solution ICP-MS,standard stock solutions of known concentrations,,,no,,,,,no,,,,,no,,,,,no,,,no,no,no,no,1,1,
827,333,M37-1-16A,current,,333-M37116A,from base,marly limestone,Jurassic,continuous carbonate,grassland,unknown,herbaceous vegetation,thin,30.0,unknown,unknown,95.0,stalagmite,unknown,,yes,yes,Vienna-PDB,unknown,,no,yes,no,no,no,no,no,no,,,,,no,,,,,no,,,,,no,,,,,no,,,,,no,,,no,,yes,yes,1,1,
828,333,M37-1-16C,current,,333-M37116C,from base,marly limestone,Jurassic,continuous carbonate,grassland,unknown,herbaceous vegetation,thin,30.0,unknown,unknown,95.0,stalagmite,unknown,,yes,yes,Vienna-PDB,unknown,,no,yes,no,no,no,no,no,no,,,,,no,,,,,no,,,,,no,,,,,no,,,,,no,,,no,,yes,yes,1,1,
829,333,M37-1-23A,current,,333-M37123A,from base,marly limestone,Jurassic,continuous carbonate,grassland,unknown,herbaceous vegetation,thin,30.0,unknown,unknown,95.0,stalagmite,unknown,,yes,yes,Vienna-PDB,unknown,,no,yes,no,no,no,no,no,no,,,,,no,,,,,no,,,,,no,,,,,no,,,,,no,,,no,,yes,yes,1,1,
830,334,NG-7,current,,334-NG7,from top,limestone,Miocene,continuous carbonate,mixed (see notes),forest,cultivated and managed vegetation / agriculture,thick,7.5,no,no,50.0,stalagmite,unknown,,yes,yes,Vienna-PDB,yes,,no,no,no,no,no,no,no,no,,,,,no,,,,,no,,,,,no,,,,,no,,,,,no,,,no,,yes,yes,1,1,
831,334,NG-3,current,,334-NG3,from top,limestone,Miocene,continuous carbonate,mixed (see notes),forest,cultivated and managed vegetation / agriculture,thick,7.5,no,no,45.0,stalagmite,seepage flow,,yes,yes,Vienna-PDB,yes,,no,no,no,no,no,no,no,no,,,,,no,,,,,no,,,,,no,,,,,no,,,,,no,,,no,,yes,yes,1,1,
832,335,OST2,current,,335-OST2,from top,limestone,Carboniferous,,deciduous,forest,"closed forest, deciduous broad leaf",thick,,unknown,unknown,105.0,stalagmite,unknown,,yes,yes,Vienna-PDB,unknown,,yes,yes,no,no,no,no,no,no,,,,,no,,,,,no,,,,,no,,,,,no,,,,,no,,,no,,no,yes,1,1,
833,335,OST1,current,,335-OST1,from top,limestone,Carboniferous,,deciduous,forest,"closed forest, deciduous broad leaf",thick,,unknown,unknown,105.0,stalagmite,unknown,,yes,yes,Vienna-PDB,unknown,,yes,yes,no,no,no,no,no,no,,,,,no,,,,,no,,,,,no,,,,,no,,,,,no,,,no,,no,yes,1,1,
834,335,OST3,current,,335-OST3,from top,limestone,Carboniferous,,deciduous,forest,"closed forest, deciduous broad leaf",thick,,unknown,unknown,105.0,stalagmite,unknown,,yes,yes,Vienna-PDB,unknown,,yes,yes,no,no,no,no,no,no,,,,,no,,,,,no,,,,,no,,,,,no,,,,,no,,,no,,no,yes,1,1,
835,336,Pentadactylos-1,current,,336-PENTADACTYLOS1,from top,limestone,Jurassic,,shrubland,forest,herbaceous vegetation,patchy,,no,no,50.0,stalagmite,seasonal drip,2.0,yes,yes,Vienna-PDB,yes,,no,yes,yes,yes,no,no,no,no,,,,,no,,,,,no,,,,,no,,,,,no,,,,,no,,,no,,no,yes,1,1,10.25921/k17x-f642
836,337,PG11-3,current,,337-PG113,from top,limestone,Cretaceous,,sparse,unknown,bare / sparse vegetation,patchy,,no,no,340.0,stalagmite,unknown,,yes,yes,Vienna-PDB,unknown,,no,no,no,no,no,no,no,yes,solution ICP-MS,standard stock solutions of known concentrations,No-aliquots of same powder used for stable isotope and trace element measurements,,yes,solution ICP-MS,standard stock solutions of known concentrations,No-aliquots of same powder used for stable isotope and trace element measurements,,yes,solution ICP-MS,standard stock solutions of known concentrations,No-aliquots of same powder used for stable isotope and trace element measurements,,no,,,,,no,,,,,no,,,no,no,no,yes,1,1,
837,338,Constantine,current,,338-CONSTANTINE,from top,limestone,Miocene,continuous carbonate,evergreen,unknown,"open forest, other",unknown,10.0,unknown,unknown,30.0,stalagmite,unknown,,yes,yes,Vienna-PDB,unknown,,no,no,no,no,no,no,no,yes,solution ICP-MS,standard stock solutions of known concentrations,Yes-author downsampled,running average/mean,yes,solution ICP-MS,standard stock solutions of known concentrations,Yes-author downsampled,running average/mean,yes,solution ICP-MS,standard stock solutions of known concentrations,Yes-author downsampled,running average/mean,no,,,,,no,,,,,no,,,no,no,no,yes,1,1,
838,339,PC,current,,339-PC,from top,limestone,Cretaceous,continuous carbonate,sparse,concrete and built up,"open forest, other",thin,,no,no,1000.0,stalagmite,unknown,,yes,yes,Vienna-PDB,unknown,,unknown,no,no,no,no,no,no,no,,,,,no,,,,,no,,,,,no,,,,,no,,,,,no,,,no,,yes,yes,1,1,
839,254,PP29_composite,current,,254-PP29-COMP,not applicable,other (see notes),mixed (see notes),,shrubland,mixed (see notes),herbaceous vegetation,thick,,no,no,,composite,unknown,,yes,yes,Vienna-PDB,unknown,,no,no,no,no,no,no,no,no,,,,,no,,,,,no,,,,,no,,,,,no,,,,,no,,,no,,no,no,1,1,
840,340,QJ1,current,,340-QJ1,from top,limestone,unknown,continuous carbonate,deciduous,farmland,cultivated and managed vegetation / agriculture,thin,30.0,unknown,unknown,100.0,stalagmite,seepage flow,2.0,no,yes,Vienna-PDB,unknown,,unknown,unknown,unknown,unknown,unknown,unknown,unknown,no,,,,,no,,,,,no,,,,,no,,,,,no,,,,,no,,,no,,no,yes,1,1,https://www.ncei.noaa.gov/access/paleo-search/study/33412
841,341,GU-RM-1,current,,341-GURM1,from top,unknown,unknown,,other (see notes),forest,"closed forest, evergreen broad leaf",unknown,,unknown,unknown,50.0,stalagmite,unknown,,yes,yes,Vienna-PDB,yes,,no,no,no,no,no,no,no,no,,,,,no,,,,,no,,,,,no,,,,,no,,,,,no,,,no,,no,yes,1,1,https://www.ncei.noaa.gov/access/paleo-search/study/28351
842,342,Séan,current,,342-SEAN,from top,limestone,Miocene,continuous carbonate,evergreen,forest,"open forest, other",unknown,,,,,stalagmite,unknown,,yes,yes,Vienna-PDB,unknown,,no,no,yes,no,no,no,no,yes,solution ICP-MS,standard stock solutions of known concentrations,Yes-author downsampled,running average/mean,yes,solution ICP-MS,standard stock solutions of known concentrations,Yes-author downsampled,running average/mean,yes,solution ICP-MS,standard stock solutions of known concentrations,Yes-author downsampled,running average/mean,no,,,,,no,,,,,no,,,no,no,yes,yes,1,1,
843,342,Multieix,current,,342-MULTIEIX,from top,limestone,Miocene,continuous carbonate,evergreen,forest,"open forest, other",unknown,20.0,unknown,unknown,30.0,stalagmite,unknown,,yes,yes,Vienna-PDB,unknown,,no,no,yes,no,no,no,no,yes,solution ICP-MS,standard stock solutions of known concentrations,Yes-author downsampled,running average/mean,yes,solution ICP-MS,standard stock solutions of known concentrations,Yes-author downsampled,running average/mean,yes,solution ICP-MS,standard stock solutions of known concentrations,Yes-author downsampled,running average/mean,no,,,,,no,,,,,no,,,no,no,yes,yes,1,1,
844,342,Ciara,current,,342-CIARA,from top,limestone,Miocene,continuous carbonate,evergreen,forest,"open forest, other",unknown,15.0,unknown,unknown,20.0,stalagmite,unknown,,yes,yes,Vienna-PDB,unknown,,no,no,yes,no,no,no,no,yes,solution ICP-MS,standard stock solutions of known concentrations,Yes-author downsampled,running average/mean,yes,solution ICP-MS,standard stock solutions of known concentrations,Yes-author downsampled,running average/mean,yes,solution ICP-MS,standard stock solutions of known concentrations,Yes-author downsampled,running average/mean,no,,,,,no,,,,,no,,,no,no,yes,no,1,1,
845,342,Feni,current,,342-FENI,from top,limestone,Miocene,continuous carbonate,evergreen,forest,"open forest, other",unknown,,,,,stalagmite,unknown,,yes,yes,Vienna-PDB,unknown,,no,no,yes,no,no,no,no,yes,solution ICP-MS,standard stock solutions of known concentrations,Yes-author downsampled,running average/mean,yes,solution ICP-MS,standard stock solutions of known concentrations,Yes-author downsampled,running average/mean,yes,solution ICP-MS,standard stock solutions of known concentrations,Yes-author downsampled,running average/mean,no,,,,,no,,,,,no,,,no,no,yes,yes,1,1,
846,140,SB61,current,,140-SB61,from top,limestone,Pleistocene,continuous carbonate,unknown,unknown,"closed forest, evergreen broad leaf",unknown,150.0,unknown,unknown,,stalagmite,unknown,,no,yes,Vienna-PDB,unknown,,unknown,unknown,unknown,unknown,unknown,unknown,unknown,no,,,,,no,,,,,no,,,,,no,,,,,no,,,,,no,,,no,,no,no,1,1,https://www.ncei.noaa.gov/access/paleo-search/study/8636
847,343,SA1,current,,343-SA1,from top,limestone,Cretaceous,continuous carbonate,sparse,concrete and built up,"open forest, other",thin,30.0,no,no,200.0,stalagmite,other (see notes),4.0,no,yes,Vienna-PDB,unknown,,no,no,no,no,no,no,no,no,,,,,no,,,,,no,,,,,no,,,,,no,,,,,no,,,no,,yes,yes,1,1,
848,344,SAR-12-1,current,,344-SAR121,from top,limestone,Jurassic,,sparse,limited or no use,herbaceous vegetation,thin,400.0,no,no,100.0,stalagmite,unknown,,yes,yes,Vienna-PDB,yes,,no,no,unknown,no,no,yes,no,yes,micro XRF,unknown,Yes-author downsampled,Loess,no,,,,,no,,,,,no,,,,,no,,,,,no,,,no,no,no,no,1,1,https://www.ncei.noaa.gov/products/paleoclimatology/speleothem
849,345,M6-73-3,current,,345-M6733,from base,marly limestone,Jurassic,continuous carbonate,grassland,unknown,herbaceous vegetation,thin,54.0,unknown,unknown,475.0,stalagmite,unknown,,yes,yes,Vienna-PDB,unknown,,no,yes,no,no,no,no,no,no,,,,,no,,,,,no,,,,,no,,,,,no,,,,,no,,,no,,yes,no,1,1,
850,20,SC02_2022,current partially modified,83,20-SC02,from top,limestone,unknown,continuous carbonate,unknown,unknown,"closed forest, evergreen broad leaf",unknown,,no,no,,stalagmite,unknown,,yes,yes,Vienna-PDB,unknown,,unknown,yes,unknown,no,no,no,no,no,,,,,no,,,,,no,,,,,no,,,,,no,,,,,no,,,no,,no,no,1,1,https://www.ncei.noaa.gov/access/paleo-search/study/35433
851,346,SJJ7,current,,346-SJJ7,from top,dolomite limestone,Triassic,continuous carbonate,shrubland,unknown,urban / built up,thin,100.0,unknown,unknown,,stalagmite,unknown,,yes,yes,Vienna-PDB,unknown,,unknown,unknown,yes,unknown,unknown,unknown,unknown,no,,,,,no,,,,,no,,,,,no,,,,,no,,,,,no,,,yes,,no,yes,1,1,
852,347,QM09,current,,347-QM09,from top,dolomite limestone,Triassic,discontinuous carbonate,unknown,unknown,"closed forest, evergreen broad leaf",unknown,,unknown,unknown,50.0,stalagmite,unknown,,no,yes,Vienna-PDB,unknown,,unknown,unknown,unknown,unknown,unknown,unknown,unknown,no,,,,,no,,,,,no,,,,,no,,,,,no,,,,,no,,,no,,no,no,1,1,https://www.ncei.noaa.gov/access/paleo-search/study/26510
853,348,SC1,current,,348-SC1,from top,dolomite,Precambrian,,evergreen,forest,shrubs,unknown,,unknown,unknown,300.0,stalagmite,unknown,,yes,yes,Vienna-PDB,unknown,,no,no,yes,no,no,no,no,no,,,,,no,,,,,no,,,,,no,,,,,no,,,,,no,,,yes,,yes,yes,1,1,https://ars.els-cdn.com/content/image/1-s2.0-S0277379114004764-mmc2.xls
854,349,F11,current,,349-F11,from top,unknown,unknown,discontinuous carbonate,grassland,farmland,herbaceous vegetation,unknown,,unknown,unknown,,stalagmite,unknown,,yes,yes,Vienna-PDB,unknown,,unknown,unknown,unknown,unknown,unknown,unknown,unknown,yes,other (see notes),unknown,No-but different powders used for stable isotope and trace element measurements,,no,,,,,no,,,,,no,,,,,no,,,,,no,,,yes,no,no,no,1,1,
855,349,F2_Talisman,current,,349-F2TALISMAN,from top,unknown,unknown,discontinuous carbonate,grassland,farmland,herbaceous vegetation,unknown,,unknown,unknown,,stalagmite,unknown,,yes,yes,Vienna-PDB,unknown,,unknown,unknown,unknown,unknown,unknown,unknown,unknown,no,,,,,no,,,,,no,,,,,no,,,,,no,,,,,no,,,no,,no,no,1,1,
856,293,TM5,current,,293-TM5,from top,limestone,unknown,,unknown,unknown,"closed forest, evergreen broad leaf",unknown,,unknown,no,150.0,stalagmite,unknown,,yes,yes,Vienna-PDB,unknown,,no,no,no,no,no,yes,no,no,,,,,yes,solution ICP-MS,standard stock solutions of known concentrations,No-aliquots of same powder used for stable isotope and trace element measurements,,no,,,,,no,,,,,no,,,,,no,,,no,no,no,yes,1,1,
857,293,TM4,current,,293-TM4,from top,limestone,unknown,,unknown,unknown,"closed forest, evergreen broad leaf",unknown,,unknown,no,150.0,stalagmite,unknown,,yes,yes,Vienna-PDB,unknown,,no,no,no,no,no,no,no,no,,,,,no,,,,,no,,,,,no,,,,,no,,,,,no,,,no,,no,no,1,1,
858,293,TM11,current,,293-TM11,from top,limestone,unknown,,unknown,unknown,"closed forest, evergreen broad leaf",unknown,,unknown,no,,stalagmite,unknown,,yes,yes,Vienna-PDB,unknown,,no,no,no,no,no,no,no,no,,,,,no,,,,,no,,,,,no,,,,,no,,,,,no,,,no,,no,no,1,1,
859,350,TBR14,current,,350-TBR14,from top,dolomite,Precambrian,continuous carbonate,grassland,unknown,shrubs,unknown,,no,no,,stalagmite,unknown,,no,yes,Vienna-PDB,unknown,,no,no,no,no,no,no,no,no,,,,,no,,,,,no,,,,,no,,,,,no,,,,,no,,,no,,no,no,1,1,https://www.ncei.noaa.gov/access/paleo-search/study/25990
860,350,TBR10-13,current,,350-TBR1013,from top,dolomite,Precambrian,continuous carbonate,grassland,unknown,shrubs,unknown,,no,no,,stalagmite,unknown,,no,yes,Vienna-PDB,unknown,,no,no,no,no,no,no,no,no,,,,,no,,,,,no,,,,,no,,,,,no,,,,,no,,,no,,no,no,1,1,https://www.ncei.noaa.gov/access/paleo-search/study/34255
861,351,TRA7,current,,351-TRA7,from top,limestone,Cretaceous,continuous carbonate,shrubland,forest,herbaceous vegetation,thin,2.0,no,no,500.0,stalagmite,unknown,,yes,yes,Vienna-PDB,no,,no,no,no,no,no,no,no,no,,,,,no,,,,,no,,,,,no,,,,,no,,,,,no,,,no,,no,no,1,1,10.1594/PANGAEA.928049
862,352,PPnda,current,,352-PPNDA,from top,limestone,Carboniferous,continuous carbonate,unknown,unknown,"open forest, other",thin,35.0,no,no,,stalagmite,other (see notes),,yes,yes,Vienna-PDB,unknown,,no,no,no,no,no,no,no,no,,,,,no,,,,,no,,,,,no,,,,,no,,,,,no,,,no,,no,yes,1,1,
863,250,WY12,current,,250-WY12,from top,unknown,unknown,discontinuous carbonate,unknown,unknown,cultivated and managed vegetation / agriculture,unknown,,unknown,unknown,,stalagmite,unknown,,yes,yes,Vienna-PDB,unknown,,unknown,unknown,unknown,unknown,unknown,unknown,unknown,no,,,,,no,,,,,no,,,,,no,,,,,no,,,,,no,,,no,,no,yes,1,1,https://www.ncei.noaa.gov/access/paleo-search/study/31592
864,250,WY13,current,,250-WY13,from top,unknown,unknown,discontinuous carbonate,unknown,unknown,cultivated and managed vegetation / agriculture,unknown,,unknown,unknown,,stalagmite,unknown,,yes,yes,Vienna-PDB,unknown,,unknown,unknown,unknown,unknown,unknown,unknown,unknown,no,,,,,no,,,,,no,,,,,no,,,,,no,,,,,no,,,no,,no,yes,1,1,https://www.ncei.noaa.gov/access/paleo-search/study/31592
865,250,WY14,current,,250-WY14,from top,unknown,unknown,discontinuous carbonate,unknown,unknown,cultivated and managed vegetation / agriculture,unknown,,unknown,unknown,,stalagmite,unknown,,yes,yes,Vienna-PDB,unknown,,unknown,unknown,unknown,unknown,unknown,unknown,unknown,no,,,,,no,,,,,no,,,,,no,,,,,no,,,,,no,,,no,,no,yes,1,1,https://www.ncei.noaa.gov/access/paleo-search/study/31592
866,250,WY56,current,,250-WY56,from top,unknown,unknown,discontinuous carbonate,unknown,unknown,cultivated and managed vegetation / agriculture,unknown,,unknown,unknown,,stalagmite,unknown,,yes,yes,Vienna-PDB,unknown,,unknown,unknown,unknown,unknown,unknown,unknown,unknown,no,,,,,no,,,,,no,,,,,no,,,,,no,,,,,no,,,no,,no,yes,1,1,https://www.ncei.noaa.gov/access/paleo-search/study/31592
867,353,WIN1,current,,353-WIN1,from top,unknown,Jurassic,,unknown,unknown,shrubs,unknown,,no,no,,stalagmite,unknown,,no,yes,Vienna-PDB,unknown,,unknown,unknown,yes,unknown,unknown,unknown,unknown,no,,,,,no,,,,,no,,,,,no,,,,,no,,,,,no,,,no,,no,yes,1,1,https://www.ncei.noaa.gov/access/paleo-search/study/28333
868,353,WIN2,current,,353-WIN2,from top,unknown,Jurassic,,unknown,unknown,shrubs,unknown,,no,no,,stalagmite,unknown,,no,yes,Vienna-PDB,unknown,,unknown,unknown,yes,unknown,unknown,unknown,unknown,no,,,,,no,,,,,no,,,,,no,,,,,no,,,,,no,,,no,,no,yes,1,1,https://www.ncei.noaa.gov/access/paleo-search/study/28333
869,353,WIN3,current,,353-WIN3,from top,unknown,Jurassic,,unknown,unknown,shrubs,unknown,,no,no,,stalagmite,unknown,,no,yes,Vienna-PDB,unknown,,unknown,unknown,yes,unknown,unknown,unknown,unknown,no,,,,,no,,,,,no,,,,,no,,,,,no,,,,,no,,,no,,no,yes,1,1,https://www.ncei.noaa.gov/access/paleo-search/study/28333
870,353,WIN_composite,current,,353-WIN-COMP,from top,unknown,Jurassic,,unknown,unknown,shrubs,unknown,,no,no,,composite,unknown,,no,yes,Vienna-PDB,unknown,,unknown,unknown,yes,unknown,unknown,unknown,unknown,no,,,,,no,,,,,no,,,,,no,,,,,no,,,,,no,,,no,,no,no,1,1,https://www.ncei.noaa.gov/access/paleo-search/study/28334
871,354,Wulu-30,current,,354-WULU30,from top,limestone,Triassic,continuous carbonate,deciduous,unknown,"closed forest, evergreen broad leaf",thin,40.0,unknown,unknown,,stalagmite,unknown,,no,yes,Vienna-PDB,unknown,,unknown,unknown,unknown,unknown,unknown,unknown,unknown,no,,,,,no,,,,,no,,,,,no,,,,,no,,,,,no,,,no,,no,no,1,1,https://www.ncei.noaa.gov/access/paleo-search/study/34255
872,354,Wu88,current,,354-WU88,from top,limestone,Triassic,continuous carbonate,deciduous,unknown,"closed forest, evergreen broad leaf",thin,,unknown,unknown,,stalagmite,unknown,,yes,yes,Vienna-PDB,unknown,,unknown,unknown,unknown,unknown,unknown,unknown,unknown,yes,other (see notes),unknown,No-not applicable,,yes,other (see notes),unknown,No-not applicable,,yes,other (see notes),unknown,No-not applicable,,no,,,,,no,,,,,no,,,yes,no,no,no,1,1,https://www.ncei.noaa.gov/access/paleo-search/study/34213
873,354,Wu37,current,,354-WU37,from top,limestone,Triassic,continuous carbonate,deciduous,unknown,"closed forest, evergreen broad leaf",thin,,unknown,unknown,600.0,stalagmite,unknown,,yes,yes,Vienna-PDB,unknown,,unknown,unknown,unknown,unknown,unknown,unknown,unknown,no,,,,,no,,,,,no,,,,,no,,,,,no,,,,,no,,,no,,no,yes,1,1,https://data.mendeley.com/datasets/4gt974j755/1
874,355,XN2,current,,355-XN2,from top,limestone,unknown,continuous carbonate,evergreen,forest,"closed forest, evergreen broad leaf",thick,50.0,unknown,unknown,60.0,stalagmite,seepage flow,4.0,yes,yes,Vienna-PDB,unknown,,unknown,unknown,unknown,unknown,unknown,unknown,unknown,no,,,,,no,,,,,no,,,,,no,,,,,no,,,,,no,,,no,,no,yes,1,1,https://www.ncei.noaa.gov/access/paleo-search/study/33412
875,355,XN15,current,,355-XN15,from top,limestone,unknown,continuous carbonate,evergreen,forest,"closed forest, evergreen broad leaf",thick,50.0,unknown,unknown,60.0,stalagmite,seepage flow,5.0,yes,yes,Vienna-PDB,unknown,,unknown,unknown,unknown,unknown,unknown,unknown,unknown,no,,,,,no,,,,,no,,,,,no,,,,,no,,,,,no,,,no,,no,yes,1,1,https://www.ncei.noaa.gov/access/paleo-search/study/33412
876,355,XN_composite,current,,355-XN-COMP,from top,limestone,unknown,continuous carbonate,evergreen,forest,"closed forest, evergreen broad leaf",thick,50.0,unknown,unknown,60.0,composite,unknown,,yes,yes,Vienna-PDB,unknown,,unknown,unknown,unknown,unknown,unknown,unknown,unknown,no,,,,,no,,,,,no,,,,,no,,,,,no,,,,,no,,,no,,no,no,1,1,https://www.ncei.noaa.gov/access/paleo-search/study/33412
877,5,JFYK2,current,,5-JFYK2,from top,limestone,Permian,discontinuous carbonate,unknown,unknown,"closed forest, evergreen broad leaf",unknown,,no,no,300.0,stalagmite,unknown,,no,yes,Vienna-PDB,yes,,no,no,unknown,no,no,no,no,no,,,,,no,,,,,no,,,,,no,,,,,no,,,,,no,,,no,,yes,yes,1,1,10.25921/k0eb-hr04
878,356,YZ1,current,,356-YZ1,from top,limestone,Triassic,continuous carbonate,evergreen,forest,"closed forest, evergreen needle leaf",thick,,no,no,200.0,stalagmite,unknown,,yes,yes,Vienna-PDB,yes,,no,no,no,no,no,no,no,no,,,,,no,,,,,no,,,,,no,,,,,no,,,,,no,,,no,,no,no,1,1,10.25921/8k36-y382.
879,357,YD-S2,current,,357-YDS2,from top,calcarenite,Pleistocene,continuous carbonate,evergreen,forest,"closed forest, evergreen broad leaf",thin,4.0,yes,yes,30.0,stalagmite,seepage flow,7.0,yes,yes,Vienna-PDB,unknown,,no,no,no,yes,no,no,no,yes,LA-ICP-MS,NIST SRM 612,Yes-author downsampled,other (see notes),yes,LA-ICP-MS,NIST SRM 612,Yes-author downsampled,other (see notes),yes,LA-ICP-MS,NIST SRM 612,Yes-author downsampled,other (see notes),yes,LA-ICP-MS,NIST SRM 614,Yes-author downsampled,other (see notes),yes,LA-ICP-MS,NIST SRM 614,Yes-author downsampled,other (see notes),no,,,yes,no,no,yes,1,1,
880,358,ZJD171,current,,358-ZJD171,from top,limestone,Triassic,,unknown,unknown,"closed forest, evergreen broad leaf",unknown,,unknown,unknown,800.0,stalagmite,unknown,,no,yes,Vienna-PDB,unknown,,unknown,unknown,unknown,unknown,unknown,unknown,unknown,no,,,,,no,,,,,no,,,,,no,,,,,no,,,,,no,,,no,,no,no,1,1,https://www.ncei.noaa.gov/access/paleo-search/study/34255
881,359,Zoo-rez-1,current,,359-ZOOREZ1,from top,dolomite,Jurassic,continuous carbonate,deciduous,forest,"closed forest, mixed",thin,12.0,yes,yes,20.0,stalagmite,unknown,,yes,yes,Vienna-PDB,unknown,,no,no,yes,no,no,yes,no,yes,LA-ICP-MS,NIST SRM 612,Yes-author downsampled,other (see notes),yes,LA-ICP-MS,NIST SRM 612,Yes-author downsampled,other (see notes),yes,LA-ICP-MS,NIST SRM 612,Yes-author downsampled,other (see notes),no,,,,,yes,LA-ICP-MS,NIST SRM 612,Yes-author downsampled,other (see notes),no,,,yes,no,yes,yes,1,1,https://www.ncdc.noaa.gov/paleo/study/28010
882,359,Zoo-rez-2,current,,359-ZOOREZ2,from top,dolomite,Jurassic,continuous carbonate,deciduous,forest,"closed forest, mixed",thin,12.0,yes,yes,20.0,stalagmite,unknown,,yes,yes,Vienna-PDB,unknown,,no,no,yes,no,no,yes,no,yes,LA-ICP-MS,NIST SRM 612,Yes-author downsampled,other (see notes),yes,LA-ICP-MS,NIST SRM 612,Yes-author downsampled,other (see notes),yes,LA-ICP-MS,NIST SRM 612,Yes-author downsampled,other (see notes),no,,,,,yes,LA-ICP-MS,NIST SRM 612,Yes-author downsampled,other (see notes),no,,,yes,no,yes,yes,1,1,https://www.ncdc.noaa.gov/paleo/study/28010
883,360,BG2,current,,360-BG2,from top,dolomite limestone,mixed (see notes),continuous carbonate,mixed (see notes),forest,"closed forest, mixed",thin,800.0,yes,other (see notes),300.0,flowstone,other (see notes),,yes,yes,Vienna-PDB,unknown,,no,no,yes,no,no,no,no,yes,LA-ICP-MS,NIST SRM 610,Yes-SISAL downsampled,Binned average,yes,LA-ICP-MS,NIST SRM 610,Yes-SISAL downsampled,Binned average,yes,LA-ICP-MS,NIST SRM 610,Yes-SISAL downsampled,Binned average,yes,LA-ICP-MS,NIST SRM 610,Yes-SISAL downsampled,Binned average,yes,LA-ICP-MS,NIST SRM 610,Yes-SISAL downsampled,Binned average,no,,,yes,no,yes,yes,1,1,
884,360,BG4,current,,360-BG4,from top,dolomite limestone,mixed (see notes),continuous carbonate,mixed (see notes),forest,"closed forest, mixed",thin,800.0,yes,other (see notes),300.0,flowstone,other (see notes),,yes,yes,Vienna-PDB,unknown,,no,no,yes,no,no,no,no,yes,LA-ICP-MS,NIST SRM 610,Yes-SISAL downsampled,Binned average,yes,LA-ICP-MS,NIST SRM 610,Yes-SISAL downsampled,Binned average,yes,LA-ICP-MS,NIST SRM 610,Yes-SISAL downsampled,Binned average,yes,LA-ICP-MS,NIST SRM 610,Yes-SISAL downsampled,Binned average,yes,LA-ICP-MS,NIST SRM 610,Yes-SISAL downsampled,Binned average,no,,,yes,no,yes,yes,1,1,
885,117,Bu1_2021,current partially modified,240,117-BU1,from top,limestone,Devonian,discontinuous carbonate,deciduous,mixed (see notes),urban / built up,thin,23.0,yes,yes,30.0,stalagmite,seasonal drip,1.25,yes,yes,Vienna-PDB,unknown,,unknown,unknown,unknown,unknown,unknown,unknown,unknown,no,,,,,no,,,,,no,,,,,no,,,,,no,,,,,no,,,no,,yes,yes,1,1,
886,117,Bu4_2021,current partially modified,242,117-BU4,from top,limestone,Devonian,discontinuous carbonate,deciduous,mixed (see notes),urban / built up,thin,23.0,yes,yes,40.0,stalagmite,seepage flow,2.11,yes,yes,Vienna-PDB,unknown,,unknown,unknown,unknown,unknown,unknown,unknown,unknown,no,,,,,no,,,,,no,,,,,no,,,,,no,,,,,no,,,no,,yes,yes,1,1,
887,361,Ko-1,current,,361-KO1,from top,limestone,Jurassic,continuous carbonate,shrubland,forest,"closed forest, evergreen needle leaf",thick,80.0,yes,no,450.0,stalagmite,seepage flow,,yes,yes,Vienna-PDB,unknown,,no,no,no,no,no,no,no,yes,LA-ICP-MS,NIST SRM 612,Yes-SISAL downsampled,Binned average,yes,LA-ICP-MS,NIST SRM 612,Yes-SISAL downsampled,Binned average,no,,,,,no,,,,,yes,LA-ICP-MS,NIST SRM 612,Yes-SISAL downsampled,Binned average,no,,,yes,no,no,yes,1,1,
888,362,LAB-S1,current,,362-LABS1,from top,calcarenite,Pleistocene,continuous carbonate,evergreen,forest,"closed forest, evergreen broad leaf",thick,35.0,no,no,50.0,stalagmite,unknown,0.5,yes,yes,Vienna-PDB,unknown,,no,no,no,no,no,no,no,yes,LA-ICP-MS,NIST SRM 612,Yes-SISAL downsampled,Binned average,yes,LA-ICP-MS,NIST SRM 612,Yes-SISAL downsampled,Binned average,yes,LA-ICP-MS,NIST SRM 612,Yes-SISAL downsampled,Binned average,yes,LA-ICP-MS,NIST SRM 612,Yes-SISAL downsampled,Binned average,yes,unknown,,Yes-SISAL downsampled,Binned average,no,,,yes,no,no,no,1,1,
889,363,LSC2,current,,363-LSC2,from top,dolomite limestone,Permian,,deciduous,unknown,"open forest, other",mixed (see notes),,unknown,unknown,110.0,stalagmite,unknown,,yes,yes,Vienna-PDB,unknown,,unknown,unknown,unknown,unknown,unknown,unknown,unknown,yes,LA-ICP-MS,NIST SRM 612,Yes-SISAL downsampled,Binned average,yes,LA-ICP-MS,NIST SRM 612,Yes-SISAL downsampled,Binned average,yes,LA-ICP-MS,NIST SRM 612,Yes-SISAL downsampled,Binned average,no,,,,,yes,LA-ICP-MS,NIST SRM 612,Yes-SISAL downsampled,Binned average,no,,,yes,no,yes,yes,1,1,
890,363,LSC3,current,,363-LSC3,from top,dolomite limestone,Permian,,deciduous,unknown,"open forest, other",mixed (see notes),,unknown,unknown,155.0,stalagmite,unknown,,yes,yes,Vienna-PDB,unknown,,unknown,unknown,unknown,unknown,unknown,unknown,unknown,yes,LA-ICP-MS,NIST SRM 612,Yes-SISAL downsampled,Binned average,yes,LA-ICP-MS,NIST SRM 612,Yes-SISAL downsampled,Binned average,yes,LA-ICP-MS,NIST SRM 612,Yes-SISAL downsampled,Binned average,no,,,,,yes,LA-ICP-MS,NIST SRM 612,Yes-SISAL downsampled,Binned average,no,,,yes,no,yes,yes,1,1,
891,12,MAW-3,current,,12-MAW3,from top,mixed (see notes),Eocene,continuous carbonate,grassland,other (see notes),"closed forest, evergreen broad leaf",thin,40.0,yes,yes,700.0,stalagmite,unknown,,yes,yes,Vienna-PDB,unknown,,no,no,yes,no,no,no,no,yes,solution ICP-MS,other (see notes),No-aliquots of same powder used for stable isotope and trace element measurements,,yes,solution ICP-MS,other (see notes),No-aliquots of same powder used for stable isotope and trace element measurements,,yes,solution ICP-MS,other (see notes),No-aliquots of same powder used for stable isotope and trace element measurements,,no,,,,,no,,,,,no,,,no,no,yes,yes,1,1,https://www.ncei.noaa.gov/access/paleo-search/study/27990
892,364,NAH14,current,,364-NAH14,from top,unknown,unknown,continuous carbonate,unknown,unknown,"closed forest, evergreen broad leaf",unknown,,no,no,,stalagmite,unknown,,yes,yes,Vienna-PDB,unknown,,no,no,yes,no,no,no,no,yes,LA-ICP-MS,NIST SRM 612,Yes-SISAL downsampled,Binned average,yes,LA-ICP-MS,NIST SRM 612,Yes-SISAL downsampled,Binned average,yes,LA-ICP-MS,NIST SRM 612,Yes-SISAL downsampled,Binned average,yes,LA-ICP-MS,NIST SRM 612,Yes-SISAL downsampled,Binned average,yes,LA-ICP-MS,NIST SRM 612,Yes-SISAL downsampled,Binned average,no,,,yes,no,no,yes,1,1,10.1594/PANGAEA.933898
893,365,JUD,current,,365-JUD,from top,limestone,Cretaceous,continuous carbonate,unknown,unknown,"closed forest, evergreen needle leaf",unknown,,unknown,unknown,,stalagmite,unknown,,yes,yes,Vienna-PDB,unknown,,no,no,no,no,no,no,no,no,,,,,yes,solution ICP-MS,standard stock solutions of known concentrations,Yes-SISAL downsampled,Binned average,no,,,,,no,,,,,no,,,,,no,,,yes,no,no,no,1,1,
894,366,SV1,current,,366-SV1,from top,limestone,Eocene,continuous carbonate,sparse,forest,"closed forest, deciduous broad leaf",patchy,70.0,yes,yes,500.0,stalagmite,fast flow,20.0,yes,yes,Vienna-PDB,unknown,,no,no,yes,no,no,no,no,yes,LA-ICP-MS,NIST SRM 612,Yes-SISAL downsampled,Binned average,yes,LA-ICP-MS,NIST SRM 612,Yes-SISAL downsampled,Binned average,yes,LA-ICP-MS,NIST SRM 612,Yes-SISAL downsampled,Binned average,yes,LA-ICP-MS,NIST SRM 612,Yes-SISAL downsampled,Binned average,yes,LA-ICP-MS,NIST SRM 612,Yes-SISAL downsampled,Binned average,no,,,yes,no,no,yes,1,1,
895,366,SV7,current,,366-SV7,from top,limestone,Eocene,continuous carbonate,sparse,forest,"closed forest, deciduous broad leaf",patchy,70.0,yes,yes,500.0,stalagmite,seepage flow,2.0,yes,yes,Vienna-PDB,unknown,,no,no,yes,no,no,no,no,yes,LA-ICP-MS,NIST SRM 612,Yes-SISAL downsampled,Binned average,yes,LA-ICP-MS,NIST SRM 612,Yes-SISAL downsampled,Binned average,yes,LA-ICP-MS,NIST SRM 612,Yes-SISAL downsampled,Binned average,yes,LA-ICP-MS,NIST SRM 612,Yes-SISAL downsampled,Binned average,yes,LA-ICP-MS,NIST SRM 612,Yes-SISAL downsampled,Binned average,no,,,yes,no,no,yes,1,1,
896,205,SBE3_2021,current partially modified,430,205-SBE3,from top,unknown,unknown,continuous carbonate,evergreen,forest,"open forest, other",thick,30.0,no,no,300.0,stalagmite,seasonal drip,,yes,yes,Vienna-PDB,yes,,no,no,yes,no,no,no,no,no,,,,,no,,,,,no,,,,,no,,,,,no,,,,,no,,,no,,no,no,1,1,10.1594/PANGAEA.919050
897,225,Boto 1_2021,current,,225-BOTO1,from top,limestone,Cretaceous,,other (see notes),forest,herbaceous vegetation,unknown,70.0,no,no,200.0,stalagmite,unknown,,yes,yes,Vienna-PDB,unknown,,no,no,no,yes,no,no,no,no,,,,,no,,,,,no,,,,,no,,,,,no,,,,,no,,,no,,no,no,1,1,10.1594/PANGAEA.924810
898,225,Boto 3_2021,current,,225-BOTO3,from top,limestone,Cretaceous,,other (see notes),forest,herbaceous vegetation,unknown,70.0,no,no,200.0,stalagmite,unknown,,yes,yes,Vienna-PDB,unknown,,no,no,no,yes,no,no,no,no,,,,,no,,,,,no,,,,,no,,,,,no,,,,,no,,,no,,no,no,1,1,10.1594/PANGAEA.924811
899,225,Boto 7_2021,current,,225-BOTO7,from top,limestone,Cretaceous,,other (see notes),forest,herbaceous vegetation,unknown,70.0,no,no,370.0,stalagmite,unknown,,yes,yes,Vienna-PDB,unknown,,no,no,no,yes,no,no,no,no,,,,,no,,,,,no,,,,,no,,,,,no,,,,,no,,,no,,no,no,1,1,10.1594/PANGAEA.924812
900,54,SAH-A_2023,current,,54-SAHA,from top,unknown,unknown,discontinuous carbonate,grassland,limited or no use,cultivated and managed vegetation / agriculture,thin,30.0,no,no,100.0,stalagmite,unknown,,yes,yes,Vienna-PDB,yes,1.58,no,no,no,no,no,no,no,no,,,,,no,,,,,no,,,,,no,,,,,no,,,,,no,,,no,,no,yes,1,1,
901,54,SAH-B_2023,current,,54-SAHB,from top,unknown,unknown,discontinuous carbonate,grassland,limited or no use,cultivated and managed vegetation / agriculture,thin,30.0,no,no,100.0,stalagmite,unknown,,yes,yes,Vienna-PDB,yes,1.58,no,no,no,no,no,no,no,no,,,,,no,,,,,no,,,,,no,,,,,no,,,,,no,,,no,,no,yes,1,1,
902,54,SAH-AB_2023,current,,54-SAHAB-COMP,from top,unknown,unknown,discontinuous carbonate,grassland,limited or no use,cultivated and managed vegetation / agriculture,thin,30.0,no,no,100.0,composite,unknown,,yes,yes,Vienna-PDB,yes,1.58,no,no,no,no,no,no,no,no,,,,,no,,,,,no,,,,,no,,,,,no,,,,,no,,,no,,no,no,1,1,
