sample_id,Mg_Ca_measurement,Mg_Ca_precision
6768,0.175133333333333,
6769,0.2136,
6770,0.250183333333334,
6771,0.199545454545454,
6772,0.177016666666667,
6773,0.1696,
6774,0.188075,
6775,0.223690909090909,
6776,0.1612,
6777,0.163083333333333,
6778,0.1654,
6779,0.207572727272728,
6780,0.1616,
6781,0.1551,
6782,0.1504,
6783,0.1454,
6784,0.145809090909092,
6785,0.1409,
6786,0.2141,
6787,0.180675,
6788,0.1674,
6789,0.169499999999998,
6790,0.1841,
6791,0.147525,
6792,0.164245454545455,
6793,0.1444,
6794,0.157891666666666,
6795,0.1569,
6796,0.149516666666667,
6797,0.152781818181818,
6798,0.1566,
6799,0.1696,
6800,0.1501,
6801,0.1526,
6802,0.151358333333333,
6803,0.1453,
6804,0.1411,
6805,0.139627272727272,
6806,0.14015,
6807,0.1606,
6808,0.155766666666667,
6809,0.1526,
6810,0.1514,
6811,0.153845454545456,
6812,0.141627272727273,
6813,0.1461,
6814,0.152683333333333,
6815,0.1584,
6816,0.1851,
6817,0.2096,
6818,0.1531,
6819,0.1614,
6820,0.167718181818181,
6821,0.1619,
6822,0.1494,
6823,0.187866666666667,
6824,0.1294,
6825,0.1721,
6826,0.1381,
6827,0.149233333333333,
6828,0.17165,
6829,0.176490909090907,
6830,0.160345454545455,
6831,0.1896,
6832,0.1871,
6833,0.1584,
6834,0.146872727272728,
6835,0.156175,
6836,0.1821,
6837,0.1809,
6838,0.159433333333333,
6839,0.1321,
6840,0.1684,
6841,0.1474,
6842,0.1694,
6843,0.1631,
6844,0.149233333333334,
6845,0.1434,
6846,0.154316666666667,
6847,0.1684,
6848,0.1499,
6849,0.141672727272727,
6850,0.1776,
6851,0.166127272727273,
6852,0.152433333333334,
6853,0.161474999999998,
6854,0.149445454545455,
6855,0.1834,
6856,0.154472727272723,
6857,0.1524,
6858,0.1631,
6859,0.1516,
6860,0.1839,
6861,0.189724999999999,
6862,0.22332727272727,
6863,0.205966666666668,
6864,0.166736363636363,
6865,0.176599999999998,
6866,0.2313,
6867,0.1826,
6868,0.1821,
6869,0.206663636363637,
6870,0.2168,
6871,0.174066666666666,
6872,0.1864,
6873,0.2143,
6874,0.2603,
6875,0.2408,
6876,0.3068,
6877,0.303954545454548,
6878,0.311454545454544,
6879,0.30329166666667,
6880,0.2638,
6881,0.261166666666665,
6882,0.24069166666667,
6883,0.2628,
6884,0.283072727272724,
6885,0.298181818181815,
6886,0.2296,
6887,0.262958333333336,
6888,0.276633333333333,
6889,0.3152,
6890,0.353291666666663,
6891,0.232645454545454,
6892,0.2328,
6893,0.2408,
6894,0.26016666666667,
6895,0.257,
6896,0.2011,
6897,0.2133,
6898,0.2083,
6899,0.2491,
6900,0.395283333333337,
6901,0.319,
6902,0.2615,
6903,0.3075,
6904,0.310909090909087,
6905,0.3452,
6906,0.4079,
6907,0.4816,
6908,0.56639090909091,
6909,0.4441,
6910,0.590872727272727,
6911,0.4616,
6912,0.3502,
6913,0.755125,
6914,0.667899999999972,
6915,0.793145454545434,
6916,0.4966,
6917,0.597890909090907,
6918,0.6747,
6919,0.5121,
6920,0.57125833333334,
6921,0.498990909090902,
6922,0.5363,
6923,0.8406,
6924,0.9188,
6925,0.540533333333299,
6926,0.740800000000012,
6927,0.717783333333328,
6928,0.765263636363632,
6929,0.6607,
6930,0.777881818181807,
6931,1.04320000000002,
6932,0.606399999999955,
6933,0.705699999999971,
6934,0.5611,
6935,0.615041666666692,
6936,0.613118181818182,
6937,0.641950000000016,
6938,0.5669,
6939,0.630616666666666,
6940,0.6427,
6941,0.682454545454542,
6942,0.762463636363634,
6943,0.911527272727247,
6944,0.8915,
6945,0.839433333333332,
6946,0.7584,
6947,0.509072727272729,
6948,0.5268,
6949,1.2193,
6950,0.89555,
6951,0.620190909090932,
6952,0.5832,
6953,0.641545454545449,
6954,0.644736363636358,
6955,1.0192,
6956,0.5576,
6957,0.933033333333331,
6958,0.8493,
6959,0.835799999999979,
6960,0.733990909090901,
6961,0.7202,
6962,0.620618181818183,
6963,0.485966666666667,
6964,0.4666,
6965,0.612041666666673,
6966,0.478863636363642,
6967,0.498349999999996,
6968,0.6545,
6969,0.59,
6970,0.5436,
6971,0.4901,
6972,0.5531,
6973,0.5041,
6974,0.496490909090909,
6976,0.262618181818182,
6977,0.17910833333334,
6978,0.161058333333333,
6979,0.1599,
6980,0.160236363636362,
6981,0.143391666666666,
6982,0.1654,
6983,0.192663636363636,
6984,0.1504,
6985,0.1996,
6986,0.23240833333333,
6987,0.271666666666667,
6988,0.214572727272729,
6989,0.1951,
6990,0.238736363636363,
6991,0.204349999999996,
6992,0.1933,
6993,0.207808333333335,
6994,0.2481,
6995,0.217418181818181,
6996,0.2453,
6997,0.212572727272731,
6998,0.33635,
6999,0.2625,
7000,0.2795,
7001,0.2321,
7002,0.3,
7003,0.3113,
7004,0.300875,
7005,0.3187,
7006,0.30015,
7007,0.2605,
7008,0.19935,
7009,0.1893,
7010,0.2058,
7011,0.244458333333328,
7012,0.254625,
7013,0.224883333333331,
7014,0.223327272727282,
7015,0.473900000000005,
7016,0.2608,
7017,0.2053,
7018,0.3187,
7019,0.2578,
7020,0.290318181818179,
7021,0.431566666666663,
7022,0.4027,
7023,0.3824,
7024,0.501266666666652,
7025,0.398266666666657,
7026,0.289250000000008,
7027,0.501527272727274,
7028,0.351900000000006,
7029,0.4169,
7030,0.3617,
7031,0.337475000000001,
7032,0.373200000000003,
7033,0.301009090909094,
7034,0.380741666666655,
7035,0.4114,
7036,0.34766666666667,
7037,0.341136363636357,
7038,0.387283333333337,
7039,0.4469,
7040,0.4362,
7041,0.455672727272728,
7042,0.3155,
7043,0.336,
7044,0.316450000000002,
7045,0.3732,
7046,0.308400000000001,
7047,0.4049,
7048,0.587390909090907,
7049,0.5828,
7050,0.612318181818189,
7051,0.598,
7052,0.500827272727259,
7053,0.5376,
7054,0.7941,
7055,0.5231,
7056,0.829966666666661,
7057,0.68695,
7058,0.6807,
7059,0.6025,
7060,0.95,
7061,0.7092,
7062,0.935766666666612,
7063,0.6375,
7064,0.9005,
7065,0.7624,
7066,0.6105,
7067,1.3577,
7068,1.22775833333328,
7069,0.670066666666669,
7070,0.807000000000052,
7071,0.6954,
7072,0.705627272727279,
7073,0.659563636363605,
7074,0.7049,
7075,0.579425000000008,
7076,0.63770000000001,
7077,0.5253,
7078,0.5166,
7079,0.14693333333333,
7081,0.228754545454564,
7082,0.5503,
7083,0.307100000000022,
7084,0.329336363636365,
7085,0.3854,
7086,0.39533333333333,
7087,0.4167,
7088,0.4327,
7089,0.4491,
7090,0.462581818181816,
7091,0.471309090909083,
7092,0.479774999999989,
7093,0.5208,
7094,0.4806,
7095,0.554936363636364,
7096,0.494354545454532,
7097,0.4459,
7098,0.498100000000001,
7099,0.5013,
7100,0.4729,
7101,0.5008,
7102,0.507163636363649,
7103,0.522827272727271,
7104,0.546981818181813,
7105,0.5183,
7106,0.464483333333319,
7107,0.484825,
7108,0.511136363636368,
7109,0.6347,
7110,0.5001,
7111,0.585225,
7112,0.641550000000016,
7113,0.73525,
7114,1.14375454545454,
7115,1.9225,
7116,2.02498181818187,
7117,1.7511,
7118,1.1631,
7120,1.392275,
7121,1.87291666666671,
7122,1.5163,
7123,1.94029999999997,
7124,1.91891818181817,
7125,0.211300000000002,
7126,0.253,
7127,0.172274999999986,
7129,0.1501,
7130,0.1549,
7131,0.1614,
7132,0.13912,
7133,0.149763333333336,
7134,0.140450909090908,
7135,0.142896363636357,
7136,0.1142,
7137,0.12764666666667,
7138,0.14361272727272,
7139,0.136675000000001,
7140,0.126336363636363,
7141,0.1266,
7142,0.1424,
7143,0.167008333333348,
7144,0.1509,
7145,0.144286666666665,
7146,0.147769999999997,
7147,0.158116666666677,
7148,0.1192,
7149,0.1439,
7150,0.1207,
7151,0.1182,
7152,0.127799999999998,
7153,0.127239999999996,
7154,0.1172,
7155,0.130081818181815,
7156,0.129900000000001,
7157,0.1289,
7158,0.1189,
7159,0.138666666666665,
7160,0.145080000000007,
7161,0.139600000000001,
7162,0.1524,
7163,0.166009090909095,
7164,0.174000000000004,
7165,0.160475000000001,
7166,0.140876363636373,
7167,0.1715,
7168,0.181012727272727,
7169,0.165416666666667,
7170,0.1781,
7171,0.18757,
7172,0.196190909090906,
7173,0.184375000000014,
7174,0.2293,
7175,0.268749090909093,
7176,0.2321,
7177,0.212561666666664,
7178,0.256886666666669,
7179,0.311463333333333,
7180,0.2153,
7181,0.3137,
7182,0.232186666666665,
7183,0.2113,
7184,0.231283333333349,
7185,0.2056,
7186,0.215383333333332,
7187,0.213132727272729,
7188,0.2308,
7189,0.240647272727263,
7190,0.263400000000016,
7191,0.324,
7192,0.308483333333334,
7193,0.2903,
7194,0.292881818181823,
7195,0.2283,
7196,0.2958,
7197,0.2573,
7198,0.300340000000028,
7199,0.344925,
7200,0.360409090909085,
7201,0.368,
7202,0.340563636363622,
7203,0.355574999999999,
7204,0.3302,
7205,0.267880000000001,
7206,0.33876,
7207,0.277190909090912,
7208,0.404972727272721,
7209,0.281480000000005,
7210,0.304,
7211,0.365230000000001,
7212,0.3647,
7213,0.3944,
7214,0.377961666666671,
7215,0.4651,
7216,0.3707,
7217,0.4546,
7218,0.5043,
7219,0.523054545454541,
7220,0.424914545454547,
7221,0.383978181818182,
7222,0.489644999999998,
7223,0.4611,
7224,0.5023,
7225,0.447009090909104,
7226,0.4406,
7227,0.5106,
7228,0.4334,
7229,0.4367,
7230,0.467805454545461,
7231,0.4294,
7232,0.48635090909091,
7233,0.5858,
7234,0.516678181818188,
7235,0.4564,
7236,0.4182,
7237,0.3889,
7238,0.3784,
7239,0.379594545454546,
7240,0.428172727272726,
7241,0.4506,
7242,0.439480000000006,
7243,0.42851999999998,
7244,0.312520000000011,
7245,0.227218181818183,
7246,0.208619999999999,
7247,0.1329,
7248,0.103655,
7249,0.1104,
7250,0.1294,
7251,0.1004,
7252,0.1099,
7253,0.119721818181824,
7254,0.1244,
7255,0.132241666666667,
7256,0.137730000000002,
7257,0.119733333333331,
7258,0.131559999999996,
7259,0.117546666666667,
7260,0.1469,
7261,0.1416,
7262,0.137209090909098,
7263,0.1606,
7264,0.1789,
7265,0.152090909090908,
7266,0.1546,
7267,0.149141666666666,
7268,0.152929999999996,
7269,0.133516666666666,
7270,0.201699999999987,
7271,0.176945454545455,
7272,0.159176363636355,
7273,0.147827272727272,
7274,0.154683333333336,
7275,0.151185454545453,
7276,0.148733333333338,
7277,0.1469,
7278,0.145011666666662,
7279,0.1411,
7280,0.127166666666671,
7281,0.1444,
7282,0.1409,
7283,0.142272727272728,
7284,0.1464,
7285,0.155345000000002,
7286,0.181249999999995,
7287,0.155379999999999,
7288,0.209540000000016,
7289,0.174400000000009,
7290,0.1354,
7291,0.185089999999997,
7292,0.1913,
7293,0.283125000000003,
7294,0.2983,
7295,0.523859999999973,
7296,0.380200000000001,
7297,0.343127272727272,
7298,0.4906,
7299,0.36217999999999,
7300,0.637474999999995,
7301,0.828883636363621,
7302,2.04868,
7303,0.4194,
7304,0.420675,
7305,0.397372727272724,
7306,0.370896666666667,
7307,0.334421818181821,
7308,0.3527,
7309,0.324672727272721,
7310,0.338360000000001,
7311,0.313590909090909,
7312,0.3195,
7313,0.3065,
7314,0.1941,
7315,0.272878181818178,
7316,0.2533,
7317,0.174546666666662,
7318,0.1908,
7319,0.171466666666669,
7320,0.157563636363638,
7321,0.1474,
7322,0.13680909090909,
7323,0.1346,
7324,0.1199,
7325,0.112786666666668,
7326,0.1129,
7327,0.1204,
7328,0.12215818181818,
7329,0.119941818181811,
7330,0.124369999999999,
7331,0.122550000000005,
7332,0.138980000000003,
7333,0.1421,
7334,0.153379999999997,
7335,0.130003636363633,
7336,0.132399999999999,
7337,0.135645454545454,
7338,0.123230000000001,
7339,0.1276,
7340,0.142719999999998,
7341,0.136139999999999,
7342,0.139945454545459,
7343,0.119472727272721,
7344,0.1401,
7345,0.119666666666666,
7346,0.126736363636362,
7347,0.115080000000001,
7348,0.124776363636358,
7349,0.1249,
7350,0.116890909090909,
7351,0.0993666666666656,
7352,0.1212,
7353,0.1059,
7354,0.117254545454545,
7355,0.118681818181819,
7356,0.1092,
7357,0.115771666666667,
7358,0.127030000000002,
7359,0.126020000000001,
7360,0.131921818181819,
7361,0.1249,
7362,0.129599999999991,
7363,0.1521,
7364,0.159083333333333,
7365,0.230467272727265,
7366,0.23808666666667,
7367,0.135107272727268,
7368,0.195438333333339,
7369,0.177421818181823,
7370,0.165033333333339,
43966,5.52646818585714,0.623615962361423
43967,3.71138530777631,0.285962888114598
43968,3.89389730144594,0.209589203914778
43969,3.248595778,0.313281274426866
43970,2.75047244277777,0.135160386196365
43971,2.62985064031666,0.0971568650914535
43972,2.92527699567741,0.0750501391077484
43973,3.18738934796825,0.111192679451813
43974,2.99980926542857,0.0676220499670065
43975,3.47255379508333,0.21385885994445
43976,3.55293648357894,0.163649423416492
43977,3.25082202729411,0.141181133022091
43978,3.525587850625,0.140063409933502
43979,3.51716267633333,0.0903367969112249
43980,3.39218984119999,0.132399196222333
43981,3.0182407625,0.241170768603781
43982,3.2872966798,0.039163155240098
43983,2.97246726146666,0.123067303074091
43984,3.15155892987499,0.253623128935643
43985,3.4912609138125,0.176583775549904
43986,3.61370014294117,0.161909662271962
43987,3.66193334447368,0.402134760046225
43988,2.3482205154,0.155285038337345
43989,2.3514866652,0.211446366666297
43990,2.5179158215625,0.178079165539645
43991,2.00691875466666,0.176591549173918
43992,1.79472439866666,0.11414188522672
43993,2.08040300527272,0.0549469018691744
43994,2.30843570954545,0.0947988630936063
43995,2.06137919419999,0.0141302962401845
43996,2.2645086656,0.0947683116443186
43997,2.10985994844444,0.108925531618662
43998,2.16092879439999,0.0191352387509685
43999,2.149630396,0.0309378642755037
44000,2.2601355488,0.0160863025333649
44001,2.29526791425,0.0252022442857879
44002,2.2626532306,0.0827432916546541
44003,2.19606484725,0.0298764117942789
44004,2.12149460211111,0.124246131957846
44005,2.3307770225,0.0655935690727216
44006,2.25591466722222,0.00936118448035974
44007,2.20186096225,0.0203312688896355
44008,2.4129050315,0.110770834102689
44009,2.58076507344444,0.0585723560955103
44010,2.46769165275,0.0306603708694515
44011,2.32672091275,0.0465081256541014
44012,2.0150802875,0.130025511805841
44013,1.97517446125,0.123864875633638
44014,2.33166895525,0.0581980647165264
44015,2.244610749625,0.0814107389708733
44016,2.25734662122222,0.155655812935531
44017,2.07768090525,0.0615576188476004
44018,2.35203983875,0.0613459740307031
44019,2.5599468725,0.135886733280801
44020,2.86642187525,0.0413368232436431
44021,2.3252369935,0.19362084642343
44022,2.09604021625,0.0625682103139703
44023,2.36150469475,0.06962069301049
44024,2.16992877533333,0.0619854204021255
44025,2.42914861662499,0.110962331634196
44026,2.727944184,0.107321536717432
44027,2.627175005375,0.0870914153042451
44028,2.156793862,0.217606625595333
44029,2.16325743424999,0.0561920551324855
44030,2.22135514499999,0.123388682682496
44031,2.50713557225,0.0397327199983289
44032,2.22475130311111,0.0688911249692356
44033,2.33850490875,0.117994593556492
44034,2.30257370233333,0.0733808877392187
44035,2.21614319279999,0.0655448038143998
44036,2.10831417466666,0.0338481165543333
44037,2.1904091538,0.128628618361439
44038,2.2853825274,0.100212360235899
44039,2.17391668183333,0.123754722632068
44040,2.083010192,0.0944815498409075
44041,2.25445906061538,0.0889020671179275
44042,2.12591958121428,0.124770491693381
44043,1.98660820024999,0.0751703639443312
44044,2.0988791211,0.0600933428602698
44045,2.0399677006,0.0354332407676118
44046,2.146653164,0.0558727502761923
44047,2.10514833825,0.0280747951807334
44048,2.0343642575,0.0428894281697687
44049,2.014673652,0.0714584258098163
44050,1.8538946355,0.0755402200544429
44051,2.066811882125,0.0676698964793077
44052,1.95125319975,0.02845898598974
44053,2.0619567315,0.0399378278285693
44054,2.18827397957142,0.0471783836182019
44055,1.840405112,0.0874063609522844
44056,1.99891557242857,0.0185867883572908
44057,2.03298422899999,0.0597802204357005
44058,2.1470121375,0.0235837077493772
44059,2.14911919671428,0.0295061224181845
44060,2.14324907033333,0.0938405541043058
44061,2.13394506257142,0.0771328800460885
44062,2.22407149228571,0.0691609150805949
44063,2.19700486728571,0.157335106590221
44064,1.91368060033333,0.00527125297887022
44065,1.972264003,0.0401598537064512
44066,2.00638434466666,0.00951224270393141
44067,1.9649781355,0.00479002095776495
44068,2.10626657783333,0.0619183047087053
44069,2.14077985699999,0.0286149426184059
44070,1.9506263575,0.0937012853066812
44071,2.05397781233333,0.0958988512361018
44072,2.14276652033333,0.0446048568710949
44073,1.98894234671428,0.157477916873087
44074,2.31049170699999,0.110547442341346
44075,1.92246974633333,0.103682204311704
44076,1.84643399814285,0.082601759605072
44077,2.12071578628571,0.15095036201042
44078,2.0713174325,0.11527661447446
44079,2.084451411,0.0390509881329606
44080,2.164578431,0.0309446830925116
44081,2.220479638,0.0423780647754486
44082,2.111847998,0.0238027983956744
44083,2.19410422766666,0.0234746139610352
44084,2.26460943716666,0.068058011251047
44085,2.18964577214285,0.0269705598864018
44086,2.12106875216666,0.0608675316463401
44087,2.12055908699999,0.0339027647222146
44088,2.23445715966666,0.0102529998287624
44089,2.213524397,0.013273975878947
44090,2.26356784566666,0.0212024102686761
44091,2.308581276,0.00916262193519558
44092,2.25010154333333,0.0316293404583626
44093,2.18935012233333,0.0191938348396143
44094,2.066252198,0.01989443989513
44095,2.033128459,0.0222336653636224
44096,2.04621662633333,0.00823743455722452
44097,2.14231739733333,0.079979359200629
44098,2.28295389314285,0.0180996846743415
44099,2.29567689383333,0.128509424534972
44100,2.07433137916666,0.0658156006510224
44101,2.30440057228571,0.0651552089123303
44102,2.3781487045,0.0232495353576164
44103,2.24772028816666,0.0397965210083915
44104,2.35946789966666,0.0790998740777298
44105,2.36952507828571,0.062963989960729
44106,2.55314851266666,0.0858250739152362
44107,2.3832992335,0.0990041710620133
44108,2.44443713766666,0.0796441563555952
44109,2.408211396,0.169139561751115
44110,2.25374760299999,0.0812595531128041
44111,2.57966623871428,0.128655203862638
44112,2.48831490057142,0.0804152298983284
44113,2.48072715116666,0.0268288198306581
44114,2.41197507585714,0.0266304821687607
44115,2.43512973671428,0.0813864628894365
44116,2.3440266515,0.1517624773154
44117,2.20384052212499,0.0436375432810906
44118,2.36871772085714,0.0536289417631759
44119,2.453918425,0.0178703276985017
44120,2.47752237266666,0.00610508373379552
44121,2.302691731625,0.0959750731382109
44122,2.21496676183333,0.0273792534711728
44123,2.54593933299999,0.120461211629845
44124,2.30568749828571,0.0655933581818975
44125,2.33897765225,0.0790065847702807
44126,2.358253366375,0.0486694499735597
44127,2.3544400795,0.0371117167409885
44128,2.274399981,0.0455128794963994
44129,2.24855950566666,0.104185224132997
44130,2.44421075774999,0.0357011484863163
44131,2.3300357640909,0.120892897358983
44132,2.4746894535,0.0695641734757898
44133,2.3143574046923,0.0290617165098439
44134,2.298228669,0.070287556475662
44135,2.303062408,0.152689794467354
44136,2.16389734841666,0.0980108656591807
44137,2.4382557974,0.0631710373407664
44138,2.1752697196,0.076531494493072
44139,2.36895333833333,0.0533602828204704
44140,2.33004608433333,0.0558889828562932
44141,2.11550688244444,0.190405112435201
44142,1.8437779135,0.0159722830911317
44143,1.96556611025,0.0776879974996966
44144,2.11611201366666,0.11918042304118
44145,2.313189543625,0.117139476587542
44146,2.3155542385,0.145737700129142
44147,2.28673190057142,0.109434982298124
44148,2.28483247275,0.075112320483585
44149,2.0748227095,0.071266655851632
44150,2.11063925228571,0.047000637020214
44151,1.999738239375,0.0544043013132494
44152,1.93439376725,0.174115325751159
44153,2.46744195642857,0.105665625108829
44154,2.37791222675,0.0847803276011669
44155,2.21022167814285,0.121307074398314
44156,2.29036829675,0.110312522229488
44157,2.216950867,0.1355238005037
44158,2.20766666574999,0.0986445366157877
44159,2.14126433285714,0.0315324725520743
44160,2.017702458625,0.108319218431918
44161,1.83717398085714,0.125909831044966
44162,2.18491615442857,0.0850142261582393
44163,2.129664778875,0.0826924816225105
44164,1.967691336125,0.0998624721391156
44165,2.198042203,0.0394196660755973
44166,2.14977761525,0.0453042732775934
44167,2.21295264657142,0.0589464609502634
44168,2.27572423525,0.0843340972493248
44169,2.174645023125,0.0518487781681647
44170,2.53403630737499,0.198574543064406
44171,2.63023232614285,0.151093372092264
44172,2.25714319824999,0.0772972257959861
44173,2.45747275583333,0.0171421244877167
44174,2.480422096875,0.161852133614042
44175,2.35344587422222,0.180727732891439
44176,2.20294407122222,0.0574842614357591
44177,2.36258569522222,0.125557721528349
44178,2.080937786,0.173790688529988
44179,2.20694020527272,0.118846999361844
44180,2.12319038230769,0.30772845084886
44181,1.77716926392307,0.0844930260570974
44182,1.96245939881818,0.0748946569985415
44183,1.90344203077777,0.0656642437174689
44184,1.98374654875,0.0575958921903132
44185,2.01188411011111,0.0693131121878801
44186,2.077112233875,0.0974577165315444
44187,2.32835277544444,0.0801383060982388
44188,2.22625587624999,0.0456229218323594
44189,2.22153480949999,0.0142769305874443
44190,2.34296751166666,0.0315992263429391
44191,2.296406089,0.0
44195,10.8475172678333,0.522146303355072
44196,9.61963949433333,0.0658844209126733
44197,9.63563291533333,0.0865860796973336
44198,9.39347106866666,0.199336456410673
44199,9.6108483104,0.708807672123518
44200,10.4978381733333,0.294185728431912
44201,10.3544316116666,0.260595808468455
44202,11.7031751099999,0.333453048610709
44203,11.5426204466666,0.274003740033748
44204,13.6259197566666,0.699407388067344
44205,12.7372401183333,0.261177547038846
44206,11.7176173485714,0.413068184247174
44207,10.6267887583333,0.516026549823342
44208,10.9134903233333,0.30463183533239
44209,13.0996496916666,0.936482762909509
44210,13.571539485,0.605552152703486
44211,13.3586156633333,0.126612300385222
44212,12.5043273816666,0.556603589400745
44213,11.36925967,0.194282748905618
44214,10.4168513949999,0.667351005091891
44215,10.0300667378333,0.542009732500497
44216,10.64893779,0.181666536957963
44217,10.4649728416666,0.18366783326851
44218,11.1665247066666,0.104189332592232
44219,10.6066440666666,0.332734558396854
44220,11.1782737866666,0.19268273805476
44221,9.56346902533333,0.265516694641494
44222,9.92314979583333,0.119688065940264
44223,9.61290174866666,0.192300867957014
44224,9.3175181746,0.315927086099085
44225,9.729615516,0.395509187593352
44226,9.48369146066666,0.0498899429022583
44227,9.487114113,0.144952568879997
44228,9.6064997175,0.0821737157707791
44229,10.0814869418,0.199246250448018
44230,9.40095326433333,0.134568058124989
44231,9.5359415776,0.223105376416134
44232,9.62999034166666,0.0590557702293505
44233,9.7505629976,0.0814296442223152
44234,9.57768081233333,0.26118173867141
44235,9.5305639906,0.15753347081988
44236,9.8273694988,0.194322871913454
44237,9.19520346966666,0.305313759892761
44238,9.42618286739999,0.41935352066405
44239,9.96395726816666,0.174249461210919
44240,10.7074534239999,0.303174088779287
44241,10.803906606,0.226886686526512
44242,11.08030928,0.574409759062599
44243,10.2504615842,0.531424289509736
44244,8.95589404233333,0.383699739443453
44245,9.32541026719999,0.290224995790502
44246,10.0991147596,0.222214062211886
44247,8.84342783799999,0.19064569589583
44248,9.0841726638,0.349974491761481
44249,9.25146660233333,0.228222028216414
44250,9.805252403,0.105507411539205
44251,8.9777546064,0.149548856497815
44252,8.8937835495,0.121123526662041
44253,8.94582331283333,0.244014803852786
44254,8.9153728632,0.240489200894359
44255,8.84862555183333,0.3006038522868
44256,8.23698042433333,0.0648863154219014
44257,8.7211909398,0.376980075459249
44258,8.58850885583333,0.0973623465983947
44259,8.81171064416666,0.06897616258392
44260,8.74267247183333,0.157175564774416
44261,8.74968108516666,0.127389033632435
44262,9.6633215735,0.344809430887194
44263,10.0083913171666,0.190017164676624
44264,9.65429726279999,0.116144282772167
44265,10.0317796623333,0.108491345422484
44266,9.7520532446,0.0667830186420016
44267,9.988495123,0.13796801892535
44268,9.45915557866666,0.0704329357249985
44269,8.87722587,0.398011339603404
44270,8.58441107866666,0.0795084045390787
44271,8.788401784,0.239344775894756
44272,9.15036141099999,0.0134207860000001
44273,9.32287940633333,0.115607416432232
44274,8.915972302,0.248445998999999
44275,8.80632516033333,0.080610637236362
44276,8.697718537,0.0420711550000003
44277,8.789562768,0.121675275999999
44278,8.63340364866666,0.301598805186716
44279,8.456722494,0.197976257999999
44280,9.09310187899999,0.0823545280000006
44281,10.1541877886666,0.361751592868488
44282,10.41923381,0.0729814700000002
44283,9.982273846,0.0
44284,8.77211558466666,0.216761772883402
44285,9.004856235,0.0
44286,8.735599032,0.240833913
44287,8.394551024,0.124095306999999
44288,8.5692297905,0.0760042834999996
44289,8.4178963085,0.0822570594999998
44290,8.021959792,0.111340772
44291,7.84054992499999,0.0183607980000002
44292,7.92518656949999,0.00771235149999993
44293,8.0756250705,0.0651028575000003
44294,8.1000346505,0.0836676885000002
44295,8.227364241,0.295871333722
44296,8.5741771445,0.136058830499999
44297,7.566158693,0.155656448
44298,7.18029545333333,0.043653471984619
44299,8.234415178,0.426581430252269
44300,8.49601427399999,0.209312955457149
44301,8.27842212599999,0.0187020769999994
44302,8.14317753333333,0.152062441719185
44303,9.20890018433333,0.142618931752444
44304,8.926477366,0.174092413747683
44305,9.0870176615,0.2243505155
44306,10.2444723006666,0.270708352229658
44307,10.2375907263333,0.377615073857867
44308,9.187689786,0.0843473059999997
44309,8.5823448106,0.311580277350834
44310,8.07338683166666,0.160916256551329
44311,8.076852813,0.139303912999999
44312,7.46993776,0.417449836682385
44313,6.7167944145,0.149598968499999
44314,6.463597419,0.254731892223195
44315,6.934013741,0.069012002
44316,6.8049584735,0.0183561875000002
44317,7.02352426666666,0.102682106137553
44318,7.594040311,0.240905174999999
44319,7.923187256,0.166125549
44320,6.960057299,0.228280647
44321,6.3683235035,0.0482145284999999
44322,6.609536416,0.0949711559999997
44323,6.696183542,0.00673806100000007
44324,6.84453941433333,0.0450435320831728
44325,7.081780176,0.0099269500000001
44326,7.049871426,0.021809181
44327,7.065734682,0.0154955520000004
44328,7.1490872935,0.00799129249999985
44329,7.0621285005,0.0676488184999999
44330,7.0765122535,0.139868531499999
44331,8.153059404,0.344924560999999
44332,8.515729373,0.253935706367852
44333,8.031147701,0.021799863
44334,7.665774173,0.217022222999999
44335,7.271086061,0.0601828449999999
44336,7.49094006,0.0164455609999998
44337,7.2480018545,0.0974076725000001
44338,7.196421786,0.136848219
44339,7.545732061,0.0637152269999998
44340,7.521715405,0.118729141
44341,7.7570472,0.0781925932794945
44342,8.0449451185,0.180623893499999
44343,8.3108646725,0.0405418914999993
44344,8.3635548065,0.0727581085000004
44345,8.3554041855,0.0977611344999997
44346,8.02469469349999,0.0911929154999997
44347,7.90020593933333,0.0225197590953948
44348,8.1936381415,0.1161795865
44349,8.043762476,0.240019047
44350,7.2636723345,0.1631823465
44351,7.103841059,0.0408344360000003
44352,7.63695428566666,0.35800549646512
44353,8.3210569215,0.00933316749999946
44354,8.2198337965,0.0649018755000003
44355,7.43014965749999,0.000480536500000017
44356,8.4174954695,0.2274510615
44357,8.3231154885,0.0683895834999992
44358,7.72975130133333,0.285026000536484
44359,7.4392801925,0.0504256324999996
44360,6.6732231185,0.1603007185
44361,6.711905379,0.191751586999999
44362,7.66759867033333,0.202704223661434
44363,7.746188467,0.265456104999999
44364,6.6373804725,0.184405922499999
44365,6.16408132266666,0.175307189644553
44366,5.967450769,0.00633796700000033
44367,6.2733434905,0.0711958634999998
44368,6.61788959033333,0.0446048794954195
44369,6.5031007955,0.1226899345
44370,6.834704882,0.0781962525054014
44371,7.3388948875,0.0983632614999998
44372,6.88628236933333,0.201536740846949
44373,6.9596196615,0.00350912549999993
44374,6.67571434549999,0.0616915905000001
44375,6.3183787965,0.1858733665
44376,6.010836981,0.051857059
44377,6.3840736145,0.0633598715000003
44378,6.839373967,0.0
44379,7.118797617,0.029672739
44380,7.031494521,0.0
44382,7.121111681,0.0
44383,7.395849695,0.0
44384,7.37282541,0.0
44386,7.88740139,0.0
44388,7.915183632,0.0
44390,7.786755092,0.0
44392,7.280050473,0.0
44394,7.699085981,0.0
44396,7.760568621,0.0
44398,7.647142255,0.0
44400,7.348715603,0.0
44402,7.394167367,0.0
44404,7.612764284,0.0
44406,8.069961307,0.0
44407,8.337767668,0.0
44409,8.047096246,0.0
44410,8.204192631,0.0
44411,8.43855372,0.0
44412,9.068085588,0.0
44413,9.230200423,0.0
44414,9.2945866925,0.0239622145
44415,9.149823523,0.0
44416,9.0264944725,0.0815511684999998
44417,8.9690815225,0.4373713165
44418,6.8496892395,0.338769543499999
44419,7.44024622166666,0.430252296814484
44420,7.6845113135,0.2041690685
44421,7.175934668,0.128667176
44422,7.1326724755,0.0565596904999998
44423,7.041580881,0.0696114790000002
44424,7.1504596075,0.0876644655
44425,6.936382004,0.218318331999999
44426,6.53227125733333,0.281671082613295
44427,7.27225169049999,0.1144363335
44428,6.889187035,0.0151651299999997
44429,7.2408514785,0.0990070035000001
44430,7.56203800099999,0.0429629469999999
44431,7.2509865845,0.0857307524999999
44432,8.2077582035,0.432736216499999
44433,9.712821829,0.214404596
44434,9.8575742225,0.199892147499999
44435,9.9331175355,0.180790394499999
44436,10.24771656,0.122941149999999
44437,9.808391717,0.114969013
44438,9.2772553995,0.0329586725000004
44439,8.85670874799999,0.190832345999999
44440,10.3339778369999,0.739961943
44441,12.002050685,0.116601355
44442,11.328658815,0.543427025
44443,9.699278204,0.0
44444,9.390978812,0.137764546999999
44445,10.2065241066666,0.162138313211004
44446,9.110083007,0.0
44447,8.55043715249999,0.156756611499999
44448,7.27101022549999,0.445985611499999
44449,6.7826013525,0.239910883499999
44450,8.1473285675,0.235181434499999
44451,8.855520367,0.0626335930000001
44452,7.686573706,0.483818428
44453,7.284239223,0.0524057769999997
44454,7.28674062,0.0600460690000002
44455,7.5898908295,0.166691521499999
44456,8.696154979,0.369479082
44457,10.6652243205,0.6930961895
44458,12.03482517,0.0
44459,11.6276841349999,0.233755154999999
44460,11.964992095,0.0407932349999997
44461,10.886163615,0.401397314999999
44462,10.50049116,0.06327733
44463,9.93117818,0.0
44464,9.7317148115,0.1489413225
44465,10.33821777,0.160239219999999
44466,10.168000458,0.170719791999999
44467,9.98645340699999,0.198003743
44468,9.994680477,0.183814222999999
44469,9.153693393,0.0
44470,8.5737020545,0.197262396499999
44471,8.09121305549999,0.0154415754999996
44472,8.812939821,0.167743376999999
44473,8.635984567,0.145579956999999
44474,8.736262016,0.117991281
44475,9.199705693,0.0
44476,9.264309626,0.00896033099999993
44477,9.087673665,0.0780208589999995
44478,9.155626245,0.543142518999999
44479,10.321656855,0.0734373550000002
44480,10.348932605,0.328338835
44481,10.15615017,0.0
44482,8.94968440099999,0.110011473999999
44483,9.022678341,0.157600447
44484,8.72483439599999,0.0629392490000002
44485,9.56727240749999,0.149129877499999
44486,10.24190564,0.0
44487,10.621543055,0.0269628649999997
44488,9.148961728,0.467847964999999
44489,8.608600975,0.185647404
44490,9.303490019,0.0
44491,9.17738359599999,0.307038090999999
44492,7.8392554335,0.166726548499999
44493,7.4251536085,0.120567836499999
44494,7.112469105,0.0
44495,7.38552493449999,0.1017434465
44496,7.824557749,0.097361099
44497,8.095518622,0.043593145
44498,7.935774788,0.0764861009999999
44499,8.2366904725,0.2814824615
44500,8.358156297,0.0
44501,6.9150567925,0.492897753499999
44502,6.4265505025,0.2116397495
44503,7.5390478915,0.2473816275
44504,8.004739855,0.0085510550000003
44505,7.829676583,0.0
44506,7.62572388,0.0238789960000001
44507,7.651440115,0.103685113
44508,8.351124629,0.147241815
44509,8.221192775,0.0
44510,7.9186677485,0.0458174434999998
44511,8.4026465495,0.1927825685
44512,9.208989701,0.309087236999999
44513,10.98459222,0.45693288
44514,11.50451764,0.0
44515,10.734035225,0.141426684999999
44516,10.513987375,0.0197413449999999
44517,10.28404794,0.0496182900000006
44518,10.20337252,0.0
44519,10.63130043,0.0956314899999997
44520,10.2338608145,0.3320569055
44521,10.1463969849999,0.100496475
44522,10.2914817899999,0.0892161699999993
44523,10.44891714,0.0
44524,10.1648703735,0.2333469065
44525,9.495566726,0.268856410999999
44526,9.063682777,0.0506204950000004
44527,9.2488479225,0.137615539499999
44528,9.1998921305,0.181716513499999
44529,9.9429717305,0.0480536785000005
44530,9.560577162,0.0742984409999998
44531,9.522148736,0.0
44532,9.9249906445,0.1186825755
44533,9.83233718749999,0.2388877625
44534,10.012485502,0.0603734579999999
44535,8.84259250599999,0.690580988999999
44536,8.1410963875,0.2940815655
44537,8.8718525945,0.0676977235000002
44538,8.542977569,0.0
44539,9.89077492499999,0.514183574999999
44540,9.880213299,0.287598060999999
44541,9.9117750465,0.140905813499999
44542,9.732781752,0.12400592
44543,10.111323555,0.305720785
44544,11.41696036,0.00271362000000063
44545,10.01494702,0.33686212
44546,10.1216409055,0.2624715745
44547,10.339662165,0.0874776649999997
44548,10.15917007,0.118464839999999
44549,10.34533181,0.0
44550,10.8529835,0.252987915262559
44551,9.992783827,0.0
44552,9.576239977,0.121410258
44553,9.069367114,0.360761552999999
44554,8.546649807,0.133810201
44555,8.307509817,0.17707163
44556,7.4536522655,0.0839159134999998
44557,7.801012562,0.193577220999999
44558,8.077923409,0.0888496860000001
44559,8.71176826949999,0.155456040499999
44560,8.739952189,0.00920281299999992
44561,8.709964358,0.0629391430000003
44562,7.8485712675,0.291957306499999
44563,7.31270352099999,0.0136485150000003
44564,7.30272320299999,0.104099547
44565,7.309989773,0.155468555
44566,6.462644369,0.349263766
44567,7.104959694,0.514633121
44568,8.493004944,0.144847724999999
44569,8.71677768833333,0.0760739080035965
44570,8.5055338445,0.0462961504999999
44571,8.0899198365,0.0645643445000008
44572,8.3005309885,0.0966158754999995
44573,8.2402179915,0.104613722499999
44574,8.774132193,0.0207611789999999
44575,7.586758829,0.276293136
44576,7.561340386,0.213563302999999
44577,7.65822681833333,0.164763841523534
44578,7.3273135295,0.0263472605000001
44579,7.8534738165,0.101273021499999
44580,7.682841707,0.077862032
44581,7.775285489,0.0982946259999999
44582,7.7596702875,0.1652865115
44583,7.568362842,0.0
44584,7.7375957015,0.1066694175
44585,7.787589539,0.0
44586,7.971754935,0.0
44587,7.89255125649999,0.113303087499999
44588,7.147144944,0.212274965999999
44589,6.955186617,0.0
44591,7.26193784,0.0
44592,7.356981519,0.0
44593,7.219408781,0.0
44594,7.489798193,0.0
44595,8.635652382,0.0
44596,9.184705245,0.0
44598,9.207537144,0.0
44599,9.018146276,0.0
44601,9.138536962,0.0
44602,8.602575439,0.0
44603,8.28244432,0.0
44604,8.351786227,0.0
44606,8.439049268,0.0
44607,7.738796013,0.0
44609,7.402573071,0.0
44610,9.064637845,0.0
44611,10.10049921,0.0
44613,9.227950797,0.0
44614,7.963056456,0.0
44616,10.35559441,0.0
44617,11.99001621,0.0
44618,11.38584188,0.0
44620,9.693456167,0.0
44621,9.270828418,0.0
44622,9.409276154,0.0
44623,11.3178550155,1.3290596545
44624,12.78249286,0.0
44625,10.67162819,0.0
44626,7.76164665,0.0
44627,8.549281649,0.381524738
44628,10.06643537,0.0
44629,10.421712435,0.0487547250000002
44630,10.77659368,0.699574189999999
44631,11.22606881,0.28804489
44632,9.559384724,0.0
44633,9.8292296155,0.1406212645
44634,9.6816138205,0.119797219499999
44635,10.147964762,0.541382328
44636,12.284878105,0.264516705
44637,11.26274565,0.459801619999999
44638,10.2086554149999,0.0600647150000002
44639,10.291184515,0.0163575649999998
44640,10.9303622599999,0.29791287
44641,11.45750498,0.0
44642,11.589537735,0.231258044999999
44643,10.3195495095,0.3521723405
44644,9.542060172,0.196240582
44645,10.3554620399999,0.15261215
44646,10.35105762,0.114992309999999
44647,10.43275053,0.0
44648,9.4016833145,0.0661222514999995
44649,10.76993486,0.147524549999999
44650,9.455633611,0.479293447999999
44651,9.649305044,0.362547325999999
44652,10.38318819,0.29611315
44653,11.1287645,0.0
44654,11.066342285,0.379641105
44655,10.30359286,0.142730869999999
44656,10.186008085,0.0401164350000007
44657,10.2301862,0.0
44658,10.608261245,0.140353754999999
44659,10.346506975,0.301354094999999
44660,9.9931464605,0.104384389499999
44661,10.38178726,0.0
44662,10.77031432,0.330777419999999
44663,11.642885735,0.0700692749999998
44664,11.32083911,0.0
44665,10.7707276533333,0.288845217940427
44666,10.0878036125,0.2118198175
44667,9.0136207745,0.3495905705
44668,8.104208493,0.0
44669,8.6307009245,0.242979455499999
44670,8.215278425,0.409873081999999
44671,7.430640365,0.0
44672,7.9665750195,0.5121542085
44673,9.4182240895,0.176231591499999
44674,8.948544621,0.0
44675,8.68833590699999,0.243565771999999
44676,7.372702832,0.265845138
44677,7.612833238,0.0
44678,8.08120783649999,0.0967247744999997
44679,8.2508932835,0.2678314615
44680,8.321672747,0.0
44681,7.7952511735,0.314528663499999
44682,9.169343309,0.0
44683,10.5217050199999,0.334919269999999
44684,11.50820649,0.0
44685,9.85998064249999,0.4903368575
44686,9.799004193,0.291930087
44687,10.55635191,0.0
44688,12.2766562499999,0.7414645
44689,15.42074184,0.555434
44690,14.89558872,0.0
44691,10.4773935744999,1.21100850549999
44692,9.92240466,0.0
44693,13.2225685999999,0.732568599999999
44694,12.49,0.0
44695,10.25180135325,0.484244966268224
44696,11.099859031,1.4888949626691
44697,11.6204489633333,0.80869837780556
44698,11.7107476266666,0.224009554652921
44699,10.6025085573333,0.966548220029314
44700,9.9,0.0
44701,9.885771327,0.0613948088272377
44702,8.46440112566666,0.477198658799764
44703,7.63553683966666,0.228407370644322
44704,7.6901837755,0.281966204690026
44705,6.91530589,0.10188687722945
44706,7.26488169266666,0.233390993272668
44707,7.18496829,0.0700180423476951
44708,7.80632793433333,0.153392121310843
44709,8.06959119333333,0.114685060156131
44710,10.1243658646666,0.754041082261215
44711,10.5786571733333,0.266853073482148
44712,10.1025738333333,0.419156612582655
44713,9.58468348175,0.672917559625386
44714,8.89460639033333,0.289575348957222
44715,7.54691656933333,0.390032321427539
44716,5.85325976766666,0.313584171447731
44717,5.21465652166666,0.120693904519094
44718,5.3,0.0
44719,5.666200202,0.0246593067520323
44720,5.252753074,0.0608557639592762
44721,6.01846052766666,0.179035572299198
44722,5.77912306266666,0.213318518579874
44723,7.056829976,0.697993418485531
44724,8.127089919,0.212980909684743
44725,8.37833677325,0.460376485810803
44726,7.384087963,0.422311660930573
44727,8.17002522266666,0.287005977846563
44728,6.89839015899999,0.144060591723001
44729,6.69270724733333,0.239369090432901
44730,6.916415343,0.293636748887139
44731,5.478641707,0.275813052897913
44732,4.86017396066666,0.0538785632147085
44733,5.50413408566666,0.377405437660135
44734,6.12247331466666,0.100173428058284
44735,5.66302943599999,0.184340642215043
44736,5.399784875,0.0543887736590382
44737,5.29753387566666,0.143867121422853
44738,5.16822281566666,0.143700057519706
44739,7.40379059685714,0.944258190798667
44740,5.47675368666666,0.672471561119403
44741,4.65699927066666,0.00667241090629091
44742,5.17887458275,0.110755043831595
44743,5.69588793933333,0.181979081877153
44744,8.024646953,0.874008493164281
44745,5.22170113066666,0.315801348227837
44746,4.85856457633333,0.105991539719477
44747,5.601032156,0.158822301222672
44748,9.28297122866666,1.37798272581328
44749,9.40850744975,0.634548541669172
44750,8.0477159815,0.497403798087833
44751,7.24857956599999,0.24660174454549
44752,7.29311892899999,0.177988920033377
44753,5.533469475,0.477740464254775
44754,5.18745181325,0.0919956818343575
44755,5.6121466715,0.140382780748782
44756,5.6084788885,0.1212585435284
44757,7.014354317,0.590622492213472
44758,8.15826062299999,0.533375757351433
44759,6.33919777066666,0.272223215027304
44760,6.294876683,0.134945583506179
44761,5.6941816665,0.2312153095
44762,5.649978409,0.126341141
44763,6.91075443166666,0.79289547817825
44764,9.158150312,0.0141952819999993
44765,8.49550463466666,0.215101241757836
44766,8.9279509345,0.0458151084999993
44767,8.08805722,0.328303739
44768,6.682894549,0.224106834
44769,6.08711387,0.159540110999999
44770,5.55882373333333,0.0531985865681485
44771,6.103613859,0.390767523
44772,7.8118884135,0.3977170385
44773,8.3313737805,0.0313197375000005
44774,8.10839227949999,0.0269480465000002
44775,7.923757944,0.0421581479999999
44776,6.8493966295,0.335908816499999
44777,6.972575117,0.682003688
44778,11.5657635349999,0.319056484999999
44779,8.697622175,1.30130036899999
44780,7.579921513,0.0984015939999998
44781,7.169129171,0.178012000999999
44782,6.571647844,0.0
44783,7.325246781,0.319049788071148
44784,5.314019045,0.369873941999999
44785,6.2553335785,0.344670204499999
44786,7.720357078,0.216190371999999
44787,8.208483768,0.0817030309999999
44788,8.0302022515,0.190982164499999
44789,6.755307759,0.202505901999999
44790,7.9487457045,0.3318949905
44791,8.479967497,0.264001265
44792,8.7563415725,0.0260440815000002
44793,8.1142099465,0.3365804225
44794,7.198182682,0.169707524
44795,7.4862096655,0.127961337499999
44796,9.416429687,0.812101723
44797,11.199439085,0.0259759749999997
44798,8.6775956425,0.2224043575
44799,8.9,0.0
44800,8.294801369,0.605198631
44801,5.514151943,0.716790569999999
44802,11.0909823585,1.2565726615
44803,7.4497285085,2.9366791615
44804,5.17660560566666,0.386050299775158
44805,7.3338968515,0.2886572045
44806,6.467074117,0.638104488999999
44807,6.378441095,0.00280107800000006
44808,5.95015935166666,0.141736375105694
44809,9.3529173235,1.1323855965
44810,7.67158169166666,1.58295206041919
44811,7.900679324,0.276750671
44812,6.681456036,0.633672576773606
44813,5.999937631,0.0
44814,5.504871616,0.353896094
44815,7.205899603,0.0
44816,9.331060526,0.0
44817,8.361781935,1.15888761999999
44818,6.321822182,0.0
44819,5.727846881,0.147010643
44820,7.221518055,0.0
44821,8.106460928,0.228395059999999
44822,5.647795818,0.0
44823,4.973873004,0.0
44824,5.054150905,0.247669402
44825,5.598191895,0.0
44826,6.2920234255,0.0836850284999997
44827,6.450317293,0.0
44828,6.7633402265,0.154479118499999
44829,6.622616115,0.0
44830,6.79249983449999,0.5607560535
44831,8.77950966,0.0
44832,9.1563786655,0.0746884785000006
44833,8.6806920355,0.4652879135
44834,6.721049933,0.0
44835,5.680898458,0.167724311
44836,6.00768816499999,0.127765381
44837,6.67882353399999,0.22458175
44838,5.859685015,0.353856625999999
44839,5.441105874,0.0
44840,6.3126655145,0.2463647145
44841,6.640574153,0.0
44842,6.4104071775,0.0869463485000001
75505,27.49,
75506,26.29,
75507,23.32,
75508,23.71,
75509,24.12,
75510,23.04,
75511,22.37,
75512,22.23,
75513,24.07,
75514,20.57,
75515,17.67,
75516,13.89,
75517,15.09,
75518,14.28,
75519,11.62,
75520,11.14,
75521,11.08,
75522,10.08,
75523,10.89,
75524,14.25,
75525,11.5,
75526,10.93,
75527,10.97,
75528,10.7,
75529,12.63,
75530,15.31,
75531,12.63,
75532,12.53,
75533,11.64,
75534,11.82,
75535,12.56,
75536,12.44,
75537,13.28,
75538,13.73,
75539,13.21,
75540,14.35,
75541,14.01,
75542,14.75,
75543,15.3,
75544,15.16,
75545,14.65,
75546,14.09,
75547,15.29,
75548,14.01,
75549,15.41,
75550,13.57,
75551,13.36,
75552,13.33,
75553,14.11,
75554,14.28,
75555,13.17,
75556,13.27,
75557,13.84,
75558,13.96,
75559,13.58,
75560,13.39,
75561,14.54,
75562,14.28,
75563,12.27,
75564,11.99,
75565,12.53,
75566,11.91,
75567,12.8,
75568,13.63,
75569,14.25,
75570,14.43,
75571,13.68,
75572,13.83,
75573,12.41,
75574,13.3,
75575,16.21,
75576,14.61,
75577,15.65,
75578,15.59,
75579,14.86,
75580,17.86,
75581,17.38,
75582,16.3,
75583,14.96,
75584,18.38,
75585,18.01,
75586,17.98,
75587,16.11,
75588,16.67,
75589,17.68,
75590,14.9,
75591,17.49,
75592,15.9,
75593,17.18,
75594,17.42,
75595,19.79,
75596,19.36,
75597,19.07,
75598,15.51,
75599,15.56,
75600,13.58,
75601,14.76,
75602,18.14,
75603,17.53,
75604,15.64,
75605,15.96,
75606,16.61,
75607,16.39,
75608,15.21,
75609,15.35,
75610,14.15,
75611,15.57,
75612,16.15,
75613,15.92,
75614,18.46,
75615,18.27,
75616,17.91,
75617,15.77,
75618,17.32,
75619,21.11,
75620,22.39,
75621,18.21,
75622,15.97,
75623,15.4,
75624,15.87,
75625,15.06,
75626,15.61,
75627,15.14,
75628,16.86,
75629,18.86,
75630,15.97,
75631,15.97,
75632,16.55,
75633,16.08,
75634,18.17,
75635,16.57,
75636,16.06,
75637,16.84,
75638,18.58,
75639,18.91,
75640,20.68,
75641,17.77,
75642,17.32,
75643,16.16,
75644,15.57,
75645,14.46,
75646,16.34,
75647,16.51,
75648,15.58,
75649,17.49,
75650,16.54,
75651,14.94,
75652,14.17,
75653,15.16,
75654,13.88,
75655,16.23,
75656,14.7,
75657,14.71,
75658,14.34,
75659,14.88,
75660,16.49,
75661,15.44,
75662,14.35,
75663,15.99,
75664,15.88,
75665,15.71,
75666,15.35,
75667,15.02,
75668,13.87,
75669,16.74,
75670,16.11,
75671,14.87,
75672,15.34,
75673,15.38,
75674,14.03,
75675,13.94,
75676,14.89,
75677,14.2,
75678,14.03,
75679,13.54,
75680,14.78,
75681,15.32,
75682,15.37,
75683,13.38,
75684,13.22,
75685,17.65,
75686,17.54,
75687,18.68,
75688,14.98,
75689,15.93,
75690,19.84,
75691,16.66,
75693,15.06,
75694,13.47,
75695,13.57,
75696,13.85,
75697,15.91,
75698,16.81,
75699,15.9,
75700,15.75,
75701,17.54,
75702,14.63,
75703,13.19,
75704,13.77,
75705,16.19,
75706,15.93,
75707,14.92,
75708,16.98,
75709,14.35,
75711,14.71,
75712,12.58,
75713,13.72,
75714,13.63,
75715,13.35,
75716,13.07,
75717,12.67,
75718,13.84,
75719,13.99,
75720,14.32,
75721,14.49,
75722,14.51,
75723,13.81,
75724,14.03,
75725,14.12,
75726,13.62,
75727,13.92,
75728,14.06,
75729,14.04,
75730,14.47,
75731,14.58,
75732,14.52,
75733,12.82,
75734,13.29,
75735,12.36,
75736,13.0,
75737,14.3,
75738,13.8,
75739,16.31,
75740,14.76,
75741,14.44,
75742,14.94,
75743,14.56,
75744,15.85,
75745,15.79,
75746,15.81,
75747,15.16,
75748,15.54,
75749,16.3,
75750,16.3,
75751,24.79,
75752,27.42,
75753,28.67,
75754,30.01,
75755,27.38,
75756,24.17,
75757,24.79,
75758,24.12,
75759,24.63,
75760,24.19,
75761,24.93,
75762,25.16,
75763,27.18,
75764,25.92,
75765,29.51,
75766,29.5,
75767,32.84,
76590,16.96,
76591,16.71,
76592,18.66,
76593,18.71,
76594,17.76,
76595,20.49,
76596,20.09,
76597,20.98,
76598,17.84,
76599,15.77,
76600,15.24,
76601,13.99,
76602,14.99,
76603,15.57,
76604,16.42,
76605,14.78,
76606,13.61,
76607,14.94,
76608,14.02,
76609,13.83,
76610,13.91,
76611,13.29,
76612,14.27,
76613,13.75,
76614,13.99,
76615,14.7,
76616,14.95,
76617,15.53,
76618,14.47,
76619,15.62,
76620,15.12,
76621,17.45,
76622,16.45,
76623,15.95,
76624,17.08,
76625,15.97,
76626,14.98,
76627,16.44,
76628,19.36,
76661,20.76,
76682,18.51,
76706,17.77,
76732,17.45,
76757,16.1,
76783,16.18,
76797,15.83,
76811,15.04,
76823,16.75,
76856,21.12,
76898,18.95,
76945,17.24,
76991,17.81,
77017,17.08,
77018,17.62,
77019,17.19,
77020,17.82,
77021,15.78,
77022,15.05,
77023,15.29,
77024,16.26,
77025,16.15,
77026,16.2,
77027,17.31,
77028,19.97,
77029,17.91,
77030,18.62,
77031,16.6,
77032,18.87,
77033,20.27,
77034,19.55,
77035,16.61,
77036,18.78,
77037,16.06,
77038,17.44,
77039,18.75,
77040,18.29,
77041,16.91,
77042,28.73,
77043,17.14,
77044,19.13,
77045,19.55,
77046,19.41,
77047,21.28,
77048,19.26,
77049,20.92,
77050,20.41,
77051,28.38,
77052,21.93,
77053,21.3,
77054,15.9,
77055,16.28,
77056,15.99,
77057,20.81,
77058,18.62,
77059,18.27,
77060,19.66,
77061,18.18,
77062,15.36,
77063,17.3,
77064,23.23,
77065,19.51,
77066,18.02,
77067,23.63,
77068,13.38,
77069,18.61,
77070,19.9,
77071,29.06,
77072,16.83,
77073,17.89,
77074,18.81,
77075,17.84,
77076,18.7,
77077,18.13,
77078,15.65,
77079,16.91,
77080,15.83,
77081,16.9,
77082,16.6,
77083,18.05,
77084,16.26,
77085,17.41,
77086,14.45,
77087,14.89,
77088,17.05,
77089,16.79,
77090,16.6,
77091,19.93,
77092,23.1,
77093,25.24,
77094,22.41,
77095,22.7,
77096,21.35,
77097,20.71,
77098,20.81,
77099,21.9,
77100,20.23,
77101,20.69,
77102,22.58,
77103,22.53,
77104,24.02,
77105,29.29,
77106,29.26,
77107,27.54,
77108,26.77,
77109,27.11,
77110,26.7,
77111,23.49,
77112,22.37,
77113,24.34,
77114,27.4,
77115,24.95,
77116,26.38,
77117,22.81,
77118,24.28,
77119,24.59,
77120,26.22,
77121,24.3,
77122,26.46,
77123,27.62,
77124,28.34,
77158,26.95,
77183,24.24,
77206,24.88,
77220,21.82,
77221,21.16,
77222,21.37,
77223,23.52,
77224,21.6,
77225,21.15,
77226,20.34,
77227,20.86,
77228,21.15,
77229,21.91,
77230,21.24,
77231,20.09,
77232,22.27,
77233,19.86,
77234,22.52,
77235,21.58,
77236,20.91,
77237,22.41,
77238,20.52,
77239,19.18,
77240,20.09,
77241,21.27,
77242,19.71,
77243,22.69,
77244,22.39,
77245,20.69,
77246,20.16,
77247,20.93,
77248,21.0,
77249,20.65,
77250,22.66,
77251,21.72,
77252,20.16,
77253,19.99,
77254,20.12,
77255,21.19,
77256,21.81,
77257,19.77,
77258,19.68,
77259,20.06,
77260,20.24,
77261,19.8,
77262,20.54,
77263,19.53,
77264,19.5,
77265,20.66,
77266,21.32,
77267,20.2,
77268,20.37,
77270,18.26,
77272,19.09,
77274,18.73,
77276,18.71,
77278,18.95,
77280,19.14,
77282,18.3,
77284,19.24,
77286,21.38,
77288,22.93,
77289,23.0,
77291,23.11,
77293,23.05,
77295,22.8,
77297,21.98,
77299,22.29,
77301,23.87,
77303,26.22,
77327,29.01,
77352,32.35,
77378,34.18,
77404,29.5,
79904,37.7028,0.16212204
79905,41.4213,0.17811159
79906,36.8495,0.15845285
79907,35.8722,0.15425046
79908,33.7136,0.14496848
79909,40.6524,0.17480532
79910,27.6997,0.11910871
79911,30.4365,0.13087695
79912,34.8733,0.14995519
79913,31.0594,0.13355542
79914,31.0642,0.13357606
79915,29.0413,0.12487759
79916,31.0934,0.13370162
79917,31.8051,0.13676193
79918,31.7017,0.13631731
79919,32.9476,0.14167468
79920,30.4821,0.13107303
79921,30.2456,0.13005608
79922,32.873,0.1413539
79923,30.6983,0.13200269
79924,30.7527,0.13223661
79925,29.6623,0.12754789
79926,29.2796,0.12590228
79927,29.9234,0.12867062
79928,28.8945,0.12424635
79929,32.7796,0.14095228
79930,30.1222,0.12952546
79931,31.9644,0.13744692
79932,32.5403,0.13992329
79933,33.9533,0.14599919
79934,30.715,0.1320745
79935,30.1236,0.12953148
79936,26.1362,0.11238566
79937,27.9466,0.12017038
79938,28.6382,0.12314426
79939,28.3697,0.12198971
79940,30.7885,0.13239055
79941,30.7485,0.13221855
79942,29.7497,0.12792371
79943,35.4781,0.15255583
79944,34.8092,0.14967956
79945,33.3521,0.14341403
79946,31.5676,0.13574068
79947,32.5307,0.13988201
79948,28.8942,0.12424506
79949,28.363,0.1219609
79950,35.2395,0.15152985
79951,31.4435,0.13520705
79952,28.9102,0.12431386
79953,28.6165,0.12305095
79954,30.6735,0.13189605
79955,29.993,0.1289699
79956,31.0823,0.13365389
79957,34.9228,0.15016804
79958,26.5678,0.11424154
79959,23.1471,0.09953253
79960,23.6399,0.10165157
79961,23.7249,0.10201707
79962,26.4498,0.11373414
79963,27.6861,0.11905023
79964,24.6641,0.10605563
79965,30.3761,0.13061723
79966,25.2294,0.10848642
79967,23.1001,0.09933043
79968,27.303,0.1174029
79969,26.0325,0.11193975
79970,24.8024,0.10665032
79971,26.1279,0.11234997
79972,26.299,0.1130857
79973,27.6533,0.11890919
79974,30.2787,0.13019841
79975,30.3993,0.13071699
79976,28.4778,0.12245454
79977,29.7949,0.12811807
79978,24.7613,0.10647359
79979,26.4103,0.11356429
79980,29.7169,0.12778267
79981,29.3018,0.12599774
79982,29.0458,0.12489694
79983,23.4295,0.10074685
79984,24.0695,0.10349885
79985,24.8358,0.10679394
79986,27.1896,0.11691528
79987,26.1743,0.11254949
79988,25.744,0.1106992
79989,28.637,0.1231391
79990,26.7848,0.11517464
79991,26.0549,0.11203607
79992,32.423,0.1394189
79993,37.1402,0.15970286
79994,33.5644,0.14432692
79995,41.6579,0.17912897
79996,38.9447,0.16746221
79997,46.3921,0.19948603
79998,44.5582,0.19160026
79999,43.8979,0.18876097
80001,25.9124,0.11142332
80002,36.871,0.1585453
80003,35.7389,0.15367727
80004,38.5185,0.16562955
80005,34.9034,0.15008462
80006,35.2142,0.15142106
80007,36.3911,0.15648173
80008,39.7805,0.17105615
80009,35.5356,0.15280308
80010,38.378,0.1650254
80011,35.6423,0.15326189
80012,33.849,0.1455507
80013,32.6389,0.14034727
80014,29.6933,0.12768119
80015,32.8828,0.14139604
80016,30.0137,0.12905891
80017,27.3421,0.11757103
80018,29.0104,0.12474472
80019,28.3079,0.12172397
80020,28.087,0.1207741
80021,27.272,0.1172696
80022,29.0985,0.12512355
80023,29.0823,0.12505389
80024,27.7772,0.11944196
80025,29.9576,0.12881768
80026,30.7435,0.13219705
80027,30.6653,0.13186079
80028,29.733,0.1278519
80029,28.6277,0.12309911
80030,29.193,0.1255299
80031,27.8934,0.11994162
80032,30.2612,0.13012316
80033,31.2484,0.13436812
80034,33.9368,0.14592824
80035,32.2956,0.13887108
80036,33.5619,0.14431617
80037,31.8985,0.13716355
80038,29.3058,0.12601494
80039,30.0506,0.12921758
80040,32.0043,0.13761849
80041,34.5343,0.14849749
80042,43.8837,0.18869991
80043,44.154,0.1898622
80044,45.0985,0.19392355
80045,45.678,0.1964154
80046,42.0191,0.18068213
80047,27.264,0.1172352
80048,27.5918,0.11864474
80049,26.5721,0.11426003
80050,37.0353,0.15925179
80051,38.3047,0.16471021
80052,38.8331,0.16698233
80053,30.6147,0.13164321
80054,29.1372,0.12528996
80055,33.3206,0.14327858
80056,27.3646,0.11766778
80057,34.8908,0.15003044
80058,32.9814,0.14182002
80059,29.415,0.1264845
80060,31.2951,0.13456893
80061,31.3166,0.13466138
80062,28.4988,0.12254484
80063,26.3611,0.11335273
80064,34.163,0.1469009
80065,34.7131,0.14926633
80066,36.0273,0.15491739
80067,30.3447,0.13048221
80068,31.0799,0.13364357
80069,31.3902,0.13497786
80070,29.8579,0.12838897
80071,22.3227,0.09598761
80072,21.4308,0.09215244
80073,26.3244,0.11319492
80074,21.8195,0.09382385
80075,24.1017,0.10363731
80076,24.7174,0.10628482
80077,26.0152,0.11186536
80078,26.2713,0.11296659
80079,26.3614,0.11335402
80080,28.5099,0.12259257
80081,28.3442,0.12188006
80082,29.0711,0.12500573
80083,30.4659,0.13100337
80084,29.1515,0.12535145
80085,27.8925,0.11993775
80086,29.059,0.1249537
80087,39.4789,0.16975927
80088,28.2535,0.12149005
80089,30.5148,0.13121364
80090,27.8265,0.11965395
80092,27.65,0.118895
80093,25.5736,0.10996648
80094,24.5971,0.10576753
80095,25.5705,0.10995315
80096,26.232,0.1127976
80097,26.0206,0.11188858
80098,26.6455,0.11457565
80099,26.8165,0.11531095
80100,25.0878,0.10787754
80101,27.0853,0.11646679
80102,25.6437,0.11026791
80103,24.743,0.1063949
80104,41.7003,0.17931129
80105,21.8432,0.09392576
80106,26.6609,0.11464187
80107,24.8656,0.10692208
80108,24.522,0.1054446
80109,28.8716,0.12414788
80110,29.0817,0.12505131
80111,25.9403,0.11154329
80112,24.9273,0.10718739
80113,27.2646,0.11723778
80114,27.6091,0.11871913
80115,26.3085,0.11312655
80116,22.3288,0.09601384
80117,22.4327,0.09646061
80118,22.7675,0.09790025
80119,20.9263,0.08998309
80120,23.9999,0.10319957
80121,26.8381,0.11540383
80122,27.1913,0.11692259
80123,26.4499,0.11373457
80124,28.5172,0.12262396
80125,36.8785,0.15857755
80126,33.5492,0.14426156
80127,34.3153,0.14755579
80128,40.4219,0.17381417
80129,39.6098,0.17032214
80130,35.2582,0.15161026
80131,37.1553,0.15976779
80132,35.7672,0.15379896
80133,34.8191,0.14972213
80134,26.8924,0.11563732
80135,20.645,0.0887735
80136,25.1012,0.10793516
80137,17.7609,0.07637187
80138,18.4576,0.07936768
80139,17.0862,0.07347066
80140,16.7774,0.07214282
80141,26.9185,0.11574955
80142,22.7123,0.09766289
80143,31.1215,0.13382245
80144,29.7624,0.12797832
80145,30.4767,0.13104981
80146,27.1775,0.11686325
80147,23.9722,0.10308046
80148,25.6972,0.11049796
80149,28.2764,0.12158852
80150,38.483,0.1654769
80151,35.1875,0.15130625
80152,35.6331,0.15322233
80153,31.4303,0.13515029
80154,34.7805,0.14955615
80155,36.4985,0.15694355
80156,30.2182,0.12993826
80157,37.4498,0.16103414
80158,32.5114,0.13979902
80159,33.6386,0.14464598
80160,35.6064,0.15310752
80161,31.7661,0.13659423
80162,36.2318,0.15579674
80163,39.6875,0.17065625
80164,37.7966,0.16252538
80165,35.6406,0.15325458
80166,33.6582,0.14473026
80167,35.3227,0.15188761
80169,32.0708,0.13790444
80170,32.7205,0.14069815
80171,31.708,0.1363444
80172,31.7379,0.13647297
80173,30.1598,0.12968714
80174,28.6918,0.12337474
80175,28.7161,0.12347923
80176,29.2178,0.12563654
80177,27.3483,0.11759769
80178,27.8071,0.11957053
80179,25.6147,0.11014321
80180,28.0989,0.12082527
80181,25.9884,0.11175012
80182,27.9467,0.12017081
80183,27.5978,0.11867054
80184,22.3906,0.09627958
80185,25.8809,0.11128787
80186,26.1522,0.11245446
80187,25.3685,0.10908455
80188,34.8532,0.14986876
80189,32.1147,0.13809321
80190,37.3354,0.16054222
80191,34.7823,0.14956389
80192,35.8894,0.15432442
80193,39.3086,0.16902698
80194,33.3641,0.14346563
80195,31.829,0.1368647
80196,40.8516,0.17566188
80197,39.5952,0.17025936
80198,40.268,0.1731524
80199,35.8503,0.15415629
80200,38.3572,0.16493596
80201,29.6072,0.12731096
80202,31.8393,0.13690899
80203,29.5637,0.12712391
80204,33.3606,0.14345058
80205,36.8146,0.15830278
80206,42.1746,0.18135078
80207,43.1078,0.18536354
80208,34.8328,0.14978104
80209,34.3057,0.14751451
80210,36.4911,0.15691173
80211,32.7346,0.14075878
80212,32.7005,0.14061215
80213,37.0214,0.15919202
80214,37.0933,0.15950119
80215,31.777,0.1366411
80216,29.2623,0.12582789
80217,33.7295,0.14503685
80218,29.7838,0.12807034
80219,33.2207,0.14284901
80220,34.0154,0.14626622
80221,38.8026,0.16685118
80222,30.7314,0.13214502
80224,26.5747,0.11427121
80225,29.2056,0.12558408
80226,31.0433,0.13348619
80227,29.9952,0.12897936
80228,30.3125,0.13034375
80229,35.4432,0.15240576
80230,30.0113,0.12904859
80231,30.9358,0.13302394
80232,27.3399,0.11756157
80233,29.5486,0.12705898
80234,29.3708,0.12629444
80235,25.0542,0.10773306
80236,21.7785,0.09364755
80237,23.4382,0.10078426
80238,29.0943,0.12510549
80239,27.1725,0.11684175
80240,27.1996,0.11695828
80241,28.7852,0.12377636
80242,27.1085,0.11656655
80243,24.7066,0.10623838
80244,25.5022,0.10965946
80245,27.2542,0.11719306
80246,27.4147,0.11788321
80247,26.1088,0.11226784
80248,25.328,0.1089104
80249,25.4416,0.10939888
80250,25.7817,0.11086131
80251,25.6219,0.11017417
80252,25.1483,0.10813769
80253,24.5897,0.10573571
80254,24.8941,0.10704463
80255,24.8498,0.10685414
80256,28.3702,0.12199186
80257,25.884,0.1113012
80258,24.1623,0.10389789
80259,22.7546,0.09784478
80260,24.083,0.1035569
80261,22.9884,0.09885012
80262,24.359,0.1047437
80263,24.5361,0.10550523
80264,23.5338,0.10119534
80265,24.4524,0.10514532
80266,24.0417,0.10337931
80267,24.6003,0.10578129
80268,28.4492,0.12233156
80269,24.8141,0.10670063
80270,23.585,0.1014155
80271,24.1945,0.10403635
80272,25.2054,0.10838322
80273,33.8345,0.14548835
80274,28.9861,0.12464023
80275,34.7184,0.14928912
80276,34.5492,0.14856156
80277,37.7573,0.16235639
80278,30.5177,0.13122611
80279,28.1738,0.12114734
80280,27.5668,0.11853724
80281,26.6952,0.11478936
80282,24.0986,0.10362398
80283,24.3629,0.10476047
80284,27.0097,0.11614171
80285,25.9867,0.11174281
80286,26.0339,0.11194577
80287,28.8378,0.12400254
80288,31.0731,0.13361433
80289,31.954,0.1374022
80290,30.9887,0.13325141
80291,35.7864,0.15388152
80292,36.2486,0.15586898
80293,33.8105,0.14538515
80294,26.3702,0.11339186
80295,24.8384,0.10680512
80296,29.4547,0.12665521
80297,34.7454,0.14940522
80298,36.9577,0.15891811
80299,34.6776,0.14911368
80300,24.8713,0.10694659
80301,27.0503,0.11631629
80302,30.2258,0.12997094
80303,40.5585,0.17440155
80304,40.8099,0.17548257
80305,38.8726,0.16715218
80306,36.0743,0.15511949
80307,35.6988,0.15350484
80308,35.2485,0.15156855
80309,46.1143,0.19829149
80310,38.2564,0.16450252
80311,34.7898,0.14959614
80312,28.7668,0.12369724
80313,26.9043,0.11568849
80314,26.4646,0.11379778
80315,26.293,0.1130599
80316,28.8895,0.12422485
80317,26.2854,0.11302722
80318,24.4243,0.10502449
80319,21.0653,0.09058079
80320,20.0998,0.08642914
80321,21.0933,0.09070119
80322,39.698,0.1707014
80323,34.2138,0.14711934
80324,33.1026,0.14234118
80325,36.612,0.1574316
80326,41.4088,0.17805784
80327,36.7162,0.15787966
80328,44.8858,0.19300894
80329,40.5623,0.17441789
80330,43.029,0.1850247
80331,36.0708,0.15510444
80332,36.376,0.1564168
80333,41.2231,0.17725933
80334,40.285,0.1732255
80335,43.7304,0.18804072
80336,52.5923,0.22614689
80337,42.5405,0.18292415
80338,34.9873,0.15044539
80339,40.7284,0.17513212
80340,42.9155,0.18453665
80341,40.3173,0.17336439
80342,32.0995,0.13802785
80343,24.2624,0.10432832
80344,8.4683,0.03641369
80345,4.056,0.0174408
80346,11.8811,0.05108873
80347,17.0309,0.07323287
80348,44.7315,0.19234545
80349,30.5391,0.13131813
80350,31.5885,0.13583055
80351,36.0172,0.15487396
80352,34.6914,0.14917302
80353,34.0707,0.14650401
80354,30.1911,0.12982173
80355,29.3826,0.12634518
80356,30.3235,0.13039105
80357,32.1141,0.13809063
80358,29.3437,0.12617791
80359,29.2244,0.12566492
80360,29.631,0.1274133
80361,32.11,0.138073
80362,31.7598,0.13656714
80363,28.9599,0.12452757
80364,26.9354,0.11582222
80365,28.4498,0.12233414
80366,27.1495,0.11674285
80367,26.7709,0.11511487
80368,25.5215,0.10974245
80369,27.0404,0.11627372
80370,27.3487,0.11759941
80371,37.6761,0.16200723
80372,38.8164,0.16691052
80373,30.6597,0.13183671
80374,31.8906,0.13712958
80375,27.5735,0.11856605
80376,27.9951,0.12037893
80377,28.1273,0.12094739
80378,29.8409,0.12831587
80379,28.299,0.1216857
80380,25.4854,0.10958722
80381,24.4219,0.10501417
80382,25.9104,0.11141472
80383,26.4786,0.11385798
80384,25.0036,0.10751548
80385,24.9171,0.10714353
80386,25.5938,0.11005334
80388,26.0006,0.11180258
80389,27.3345,0.11753835
80390,26.0138,0.11185934
80391,25.8799,0.11128357
80392,25.1475,0.10813425
80393,29.9885,0.12895055
80394,24.9292,0.10719556
80395,25.0264,0.10761352
80396,27.4854,0.11818722
80397,26.5099,0.11399257
80398,26.2788,0.11299884
80399,27.5706,0.11855358
80400,26.4332,0.11366276
80401,28.5393,0.12271899
80402,27.8472,0.11974296
80403,33.083,0.1422569
80404,33.0138,0.14195934
80405,28.9351,0.12442093
80406,28.8503,0.12405629
80407,34.4411,0.14809673
80408,35.6352,0.15323136
80409,28.2843,0.12162249
80410,33.6994,0.14490742
80411,29.3533,0.12621919
80412,31.0349,0.13345007
80413,36.4245,0.15662535
80414,34.5964,0.14876452
80415,36.7377,0.15797211
80416,41.9213,0.18026159
80417,33.8956,0.14575108
80418,33.9232,0.14586976
80419,36.2085,0.15569655
80420,33.0936,0.14230248
80421,26.0846,0.11216378
80422,25.5596,0.10990628
80423,25.9984,0.11179312
80424,29.1564,0.12537252
80425,30.8386,0.13260598
80426,31.2492,0.13437156
80427,30.0366,0.12915738
80428,24.5176,0.10542568
80429,23.2857,0.10012851
80430,23.3021,0.10019903
80431,22.7147,0.09767321
80432,24.4854,0.10528722
80433,29.0246,0.12480578
100382,11.49,0.1
100383,12.0,0.1
100384,11.38,0.1
100385,11.17,0.1
100386,9.59,0.1
100387,7.65,0.1
100388,7.18,0.1
100389,7.68,0.1
100390,7.43,0.1
100391,6.96,0.1
100392,7.17,0.1
100393,6.14,0.1
100394,6.78,0.1
100395,6.71,0.1
100396,6.34,0.1
100397,6.14,0.1
100398,6.65,0.1
100399,6.64,0.1
100400,5.92,0.1
100401,5.77,0.1
100402,5.04,0.1
100403,6.06,0.1
100404,8.7,0.1
100405,8.36,0.1
100406,6.93,0.1
100407,8.7,0.1
100408,7.32,0.1
100409,8.96,0.1
100410,9.09,0.1
100411,7.66,0.1
100412,7.69,0.1
100413,7.52,0.1
100414,7.56,0.1
100415,7.23,0.1
100416,6.43,0.1
100417,5.93,0.1
100418,5.36,0.1
100419,5.17,0.1
100420,5.56,0.1
100421,6.93,0.1
100422,7.35,0.1
100423,8.09,0.1
100424,8.27,0.1
100425,7.88,0.1
100426,6.15,0.1
100427,7.53,0.1
100428,7.22,0.1
100429,7.67,0.1
100430,6.5,0.1
100431,7.57,0.1
100432,7.05,0.1
100433,7.5,0.1
100434,7.39,0.1
100435,7.23,0.1
100436,7.8,0.1
100437,7.41,0.1
100438,7.82,0.1
100439,8.85,0.1
100440,8.68,0.1
100441,8.86,0.1
100442,8.55,0.1
100443,8.53,0.1
100444,8.24,0.1
100445,8.0,0.1
100446,8.13,0.1
100447,8.48,0.1
100448,8.73,0.1
100449,8.63,0.1
100450,9.34,0.1
100451,9.12,0.1
100452,9.82,0.1
100453,9.43,0.1
100454,9.25,0.1
100455,8.67,0.1
100456,9.25,0.1
100457,9.41,0.1
100458,9.39,0.1
100459,9.95,0.1
100460,9.21,0.1
100461,8.61,0.1
100462,7.63,0.1
100463,8.32,0.1
100464,7.9,0.1
100465,8.13,0.1
100466,8.09,0.1
100467,9.53,0.1
100468,9.34,0.1
100469,9.68,0.1
100470,9.79,0.1
100471,8.01,0.1
100472,8.12,0.1
100473,8.86,0.1
100474,8.57,0.1
100475,10.45,0.1
100476,9.29,0.1
100477,9.52,0.1
100478,10.02,0.1
100479,9.14,0.1
100480,8.66,0.1
100481,10.06,0.1
100482,9.61,0.1
100483,9.6,0.1
100484,9.58,0.1
100485,9.0,0.1
100486,8.39,0.1
100487,8.37,0.1
100488,8.4,0.1
100489,9.7,0.1
100490,8.63,0.1
100491,8.65,0.1
100492,9.96,0.1
100493,9.12,0.1
100494,8.26,0.1
100495,8.63,0.1
100496,9.72,0.1
100497,10.13,0.1
100498,9.62,0.1
100499,9.31,0.1
100500,9.2,0.1
100501,10.01,0.1
100502,10.19,0.1
100503,9.89,0.1
100504,9.35,0.1
100505,8.33,0.1
100506,9.88,0.1
100507,9.54,0.1
100508,8.85,0.1
100509,10.5,0.1
100510,10.41,0.1
100511,9.94,0.1
100512,10.71,0.1
100513,11.62,0.1
100514,11.46,0.1
100515,10.31,0.1
100516,9.36,0.1
100517,12.38,0.1
100518,10.64,0.1
100519,10.95,0.1
100520,10.78,0.1
100521,12.05,0.1
100522,12.64,0.1
100523,9.15,0.1
100524,10.05,0.1
100525,9.95,0.1
100526,10.87,0.1
100527,10.9,0.1
100528,11.27,0.1
100529,10.87,0.1
100530,11.83,0.1
100531,11.62,0.1
100532,11.59,0.1
100533,10.63,0.1
100534,11.25,0.1
108439,2.91599952308512,
108440,2.54391323787328,
108441,2.59772645997653,
108442,2.90154052867192,
108443,2.84258688059635,
108444,2.36617665977269,
108445,1.94318472621697,
108446,2.55686061932629,
108447,2.8248901863225,
108448,2.51937055866041,
108449,2.96738961214728,
108450,2.94323537741016,
108451,3.54048976033707,
108452,2.75662778099611,
108453,2.65053114601872,
108454,2.63751265508461,
108455,2.42379977963025,
108456,2.4125680858926,
108457,2.65132998266763,
108458,3.70706034525438,
108459,3.63732174517564,
108460,2.52553736350575,
108461,2.8690160976544,
108462,2.87966334339073,
108463,2.91344826691599,
108464,2.80681785250847,
108465,2.69075017262237,
108466,2.85752218285842,
108467,2.51353408634262,
108468,2.82683071734627,
108469,4.36985443339322,
108470,3.56247938848258,
108471,3.64478779592238,
108472,3.21542320151077,
108473,3.3918930117334,
108474,2.91747621971656,
108475,3.05113173070711,
108476,3.32697821408725,
108477,3.27027266685774,
108478,3.19479230881009,
108479,3.71693156947293,
108480,2.6965846898094,
108481,3.25028478126096,
108482,2.68143712624759,
108483,2.54073818844208,
108484,3.15994947825296,
108485,3.39068143806973,
108486,2.58695945407866,
108487,2.6242168480325,
108488,2.77010703165644,
108489,3.14630693030906,
108490,2.42638783057549,
108491,6.76524033599692,
108492,5.29654534283796,
108493,4.94170059364696,
108494,4.63070607723639,
108495,4.70435196647254,
108496,5.5506273160883,
108497,4.15214187251551,
108498,4.06925875813933,
108499,4.40944574992372,
108500,3.17415839630505,
108501,4.29694213055603,
108502,4.88095823682686,
108503,4.80650480134437,
108504,4.70014101266463,
108505,4.43708307806883,
108506,3.89995591334624,
108507,4.1591576535825,
108508,3.46360509322606,
108509,3.76513348356469,
108510,3.98640325551312,
108511,3.95299222168226,
108512,3.81696050190366,
108513,3.23760794632829,
108514,4.13624462538525,
108515,4.39007551244103,
108516,3.38657017135015,
108517,2.79856131349716,
108518,3.80054266363649,
108519,3.97710200727214,
108520,5.16244836319125,
108521,3.72612006132575,
108522,3.36642218851579,
108523,3.43682428355278,
108524,2.73925272786991,
108525,4.75011061868704,
108526,3.64650217094632,
108527,2.43169982566317,
108528,5.46254030420163,
108529,3.9431633915019,
108530,5.63013812662205,
108531,3.34731429622622,
108532,4.21050892429362,
108533,2.91057761407043,
108534,3.07031660941192,
108535,3.61142492490187,
108536,2.93455980692552,
108537,3.58343063541516,
108538,3.08113545116792,
108539,3.33073717501851,
108540,4.24032304826426,
108541,4.657043377366,
108542,3.55508395759633,
108543,2.95209497512355,
108544,4.44611365684163,
108545,3.28773930324488,
108546,3.71859259465473,
108547,4.75019902219767,
108548,3.86598350412373,
108549,5.28007690374104,
108550,3.36081223052117,
108551,3.35279574438165,
108552,3.21447902474464,
108553,3.07161619345013,
108554,4.5313984961091,
108555,2.52834189315834,
108556,3.76166416684023,
108557,4.00969982671967,
108558,3.49782932539876,
108559,4.35996209340625,
108560,3.05306827098548,
108561,2.64213411175753,
108562,3.02531535512767,
108563,4.11917155297868,
108564,3.27655542962777,
108565,2.66706636696048,
108566,4.33977656396513,
108567,4.04510057284966,
108568,4.09254190212362,
108569,4.7221878419479,
108570,3.53213815995424,
108571,3.66345906172324,
108572,2.84572269216058,
108573,3.66031080056902,
108574,4.05318954358183,
108575,2.38190984864607,
108576,3.78586202454069,
108577,3.02912279139953,
108578,1.74072582966784,
108579,4.56517552409375,
108580,4.03632097587091,
108581,2.84473637054567,
108582,3.83741787677188,
108583,3.37445474289899,
108584,3.61390293686754,
108585,4.81309513804952,
108586,2.9415107818915,
108587,3.04078093443025,
108588,3.95179160163603,
108589,3.71015488640227,
108590,4.01259544182228,
108591,2.65994963932555,
108592,2.60271857828487,
108593,3.23238589641631,
108594,3.3969432221994,
108595,2.8731457112274,
108596,5.78061082770069,
108597,3.86302092664294,
108598,4.09672042178135,
108599,4.70864044057976,
108600,5.02655578984011,
108601,4.44402816030701,
108602,5.48023998374873,
108603,4.04196619732732,
108604,3.71407052416961,
108605,4.96731951648532,
108606,5.88412222138689,
108607,0.955471213090901,
108610,0.999372301544422,
108615,1.05835593811735,
108620,1.293893801297,
108625,1.25576814250199,
108630,1.0177463709452,
108635,1.13368687887889,
108640,1.02574335266057,
108645,1.06522773237655,
108650,0.661783410117633,
108655,0.893370157197372,
108660,0.858961884177181,
108665,0.929160290064761,
108670,0.817664188669041,
108675,1.03529370182162,
113623,29.68,
113630,22.77,
113636,24.65,
113643,33.15,
113650,23.78,
113656,30.45,
113662,27.87,
113669,24.98,
113675,24.22,
113682,25.53,
113689,21.36,
113695,22.74,
113702,21.04,
113709,28.4,
113715,27.01,
113722,25.05,
113729,27.26,
113735,21.13,
113741,19.57,
113748,24.59,
113754,21.14,
113761,25.45,
113768,21.94,
113774,22.52,
113781,22.01,
113788,20.43,
113794,28.4,
113801,26.41,
113808,28.27,
113814,24.57,
113821,25.59,
113828,24.01,
113834,24.92,
113841,24.65,
113848,21.96,
113854,19.73,
113861,19.68,
113868,24.74,
113874,25.25,
113881,25.33,
113888,26.56,
113894,25.27,
113901,19.51,
113908,18.92,
113920,22.2,
113927,21.84,
113933,20.95,
113937,24.94,
113938,22.69,
113939,22.8,
113940,26.48,
113941,26.36,
113946,23.88,
113953,25.68,
113959,25.52,
113965,23.97,
113972,24.02,
113979,24.38,
113985,25.63,
113992,25.7,
113999,26.34,
114005,31.12,
114012,26.52,
114019,28.55,
114025,26.14,
114032,24.5,
114039,26.36,
114045,26.68,
114052,24.8,
114059,25.59,
114065,25.79,
114071,29.64,
114078,25.91,
114079,21.95,
114080,21.37,
114081,25.42,
114082,25.15,
114083,24.7,
114084,27.21,
114085,25.29,
114086,25.87,
114087,23.0,
114088,23.89,
114089,32.13,
114090,26.42,
114091,24.7,
114092,22.17,
114093,23.71,
114094,22.49,
114095,20.95,
114096,23.27,
114097,24.76,
114098,21.01,
114099,19.74,
114100,19.97,
114101,20.96,
114102,20.58,
114103,20.08,
114104,18.56,
114105,18.81,
114106,20.91,
114107,19.96,
114108,19.81,
114109,19.22,
114110,20.73,
114111,20.41,
114112,19.17,
114113,22.34,
114114,21.5,
114115,20.0,
114116,21.71,
114117,20.47,
114118,21.79,
114119,21.02,
114120,22.0,
114121,22.3,
114122,20.74,
114123,20.17,
114124,21.69,
114125,21.94,
114126,20.83,
114127,20.26,
114128,21.57,
114129,20.5,
114130,22.2,
114131,23.49,
114135,20.98,
114136,20.12,
114137,22.12,
114138,22.47,
114139,24.75,
114140,21.95,
114141,22.08,
114142,22.63,
114143,24.36,
114144,23.85,
114145,30.28,
114146,29.74,
114147,21.07,
114148,19.33,
114149,18.46,
114150,18.16,
114151,15.75,
114152,16.35,
114153,16.48,
114154,16.71,
114155,18.47,
114156,18.51,
114157,17.09,
114158,17.33,
114159,17.95,
114160,20.52,
114161,17.71,
114162,18.76,
114163,19.44,
114164,21.22,
114165,21.96,
114166,21.04,
114167,23.7,
114168,23.61,
114169,21.09,
114170,20.21,
114171,19.11,
114172,21.1,
114173,20.97,
114174,19.84,
114175,18.54,
114176,18.71,
114177,20.65,
114178,20.22,
114179,18.69,
114180,18.45,
114181,18.73,
114182,17.81,
114183,17.72,
114184,18.39,
114185,19.39,
114186,18.93,
114187,17.0,
114188,18.14,
114189,18.91,
114190,18.66,
114191,20.0,
114192,19.63,
114193,20.7,
114194,19.86,
114195,20.22,
114196,20.61,
114197,20.65,
114198,19.81,
114199,19.36,
114200,19.65,
114201,21.35,
114202,20.4,
114203,19.38,
114204,18.51,
114205,17.96,
114206,21.37,
114207,21.97,
114208,21.89,
114209,21.04,
114210,20.08,
114211,24.12,
114212,26.91,
114213,22.37,
114214,24.31,
114215,20.34,
114216,19.62,
114217,19.12,
114218,17.48,
114219,19.2,
114220,18.31,
114221,19.57,
114222,19.42,
114223,18.15,
114224,18.76,
114225,22.64,
114226,21.46,
114227,23.21,
114228,19.91,
114229,18.93,
114230,18.89,
114231,18.5,
114232,18.35,
114233,22.51,
114234,21.73,
114235,24.42,
114236,20.53,
114237,21.3,
114238,20.34,
114239,21.57,
114240,19.68,
114241,18.87,
114242,18.69,
114243,17.64,
114244,21.46,
114245,21.61,
114246,19.47,
114247,17.96,
114248,17.93,
128404,0.00076,
128405,0.001,
128406,0.00097,
128407,0.00089,
128408,0.00087,
128409,0.00083,
128410,0.00085,
128411,0.00091,
128412,0.0008,
128413,0.00098,
128414,0.00105,
128415,0.00093,
128416,0.00086,
128417,0.00098,
128418,0.00091,
128419,0.00086,
128420,0.00095,
128421,0.00098,
128422,0.00099,
128423,0.0009,
128424,0.00089,
128425,0.0011,
128426,0.00103,
128427,0.00121,
128428,0.00108,
128429,0.00096,
128430,0.001,
128431,0.00114,
128432,0.00079,
128433,0.00087,
128434,0.00091,
128435,0.00107,
128436,0.00089,
128437,0.00089,
128438,0.00072,
128439,0.00106,
128440,0.00085,
128441,0.00097,
128442,0.00092,
128443,0.0009,
128444,0.00081,
128445,0.00083,
128446,0.00086,
128447,0.00071,
128448,0.00074,
128449,0.00081,
128450,0.00083,
128451,0.00085,
128452,0.00087,
128453,0.00091,
128454,0.00084,
128455,0.00082,
128456,0.00085,
128457,0.00088,
128458,0.00089,
128459,0.00086,
128460,0.00089,
128461,0.00085,
128465,0.00086,
128466,0.00087,
128467,0.00091,
128468,0.00096,
128469,0.00115,
128470,0.00097,
128471,0.00081,
128472,0.00096,
128473,0.00079,
128474,0.00093,
128475,0.00093,
128476,0.00086,
128477,0.00073,
128478,0.0009,
128479,0.00101,
128480,0.001,
128481,0.00104,
128482,0.00098,
128483,0.00102,
128484,0.00109,
128485,0.00125,
128486,0.00099,
128487,0.00074,
128488,0.00091,
128489,0.00073,
128490,0.00074,
128491,0.00076,
128492,0.00066,
128493,0.00076,
128494,0.00084,
128495,0.00089,
128496,0.00065,
128497,0.00074,
128498,0.0007,
128499,0.00075,
128500,0.00077,
128501,0.00072,
128502,0.00086,
128503,0.00081,
128504,0.00072,
128505,0.00069,
128506,0.00056,
128507,0.0007,
128508,0.00071,
128509,0.00068,
128510,0.00077,
128511,0.0008,
128512,0.00073,
128513,0.00086,
128514,0.00093,
128515,0.00088,
128516,0.00076,
128517,0.00075,
128518,0.00084,
128519,0.00079,
128520,0.00078,
128521,0.0007,
128522,0.00078,
128523,0.00079,
128524,0.00068,
128525,0.00078,
128526,0.00081,
128527,0.00078,
128528,0.00073,
128532,0.00076,
128533,0.00077,
128534,0.00071,
128535,0.00096,
128536,0.00085,
128537,0.00086,
128538,0.00086,
128539,0.0008,
128540,0.00069,
128541,0.00072,
128542,0.00077,
128543,0.0008,
128544,0.00081,
128545,0.00071,
128546,0.0008,
128547,0.00085,
128548,0.00083,
128549,0.00086,
128550,0.0007,
128551,0.00076,
128552,0.00066,
128553,0.00094,
128554,0.00073,
128555,0.00074,
128556,0.00083,
128557,0.00074,
128558,0.00064,
128559,0.00088,
128560,0.00085,
128561,0.00086,
128562,0.0009,
128563,0.0008,
128564,0.0007,
128565,0.00081,
128566,0.00083,
128567,0.001,
128568,0.00085,
128569,0.00082,
128570,0.0008,
128571,0.00078,
128572,0.00074,
128573,0.00079,
128574,0.00085,
128575,0.00077,
128576,0.00075,
128577,0.00069,
128578,0.00075,
128579,0.00088,
128580,0.00082,
128581,0.0008,
128582,0.00079,
128583,0.00072,
128584,0.00067,
128585,0.00076,
128586,0.00084,
128587,0.00073,
128588,0.00082,
128589,0.00079,
128590,0.0008,
128591,0.00089,
128592,0.00063,
128593,0.00077,
128594,0.00074,
128595,0.00078,
128598,0.00079,
128599,0.00079,
128600,0.00077,
128601,0.00075,
128602,0.00067,
128603,0.00084,
128604,0.00091,
128605,0.00087,
128606,0.00096,
128607,0.00087,
128608,0.00084,
128609,0.00086,
128610,0.0008,
128611,0.00113,
128612,0.00099,
128613,0.00092,
128614,0.00089,
128615,0.00084,
128616,0.00073,
128617,0.00083,
128618,0.00084,
128619,0.00096,
128620,0.00094,
128621,0.00093,
128622,0.00093,
128623,0.00087,
128624,0.00092,
128625,0.00083,
128626,0.00087,
128627,0.00097,
128628,0.00088,
128629,0.00088,
128630,0.00098,
128631,0.00095,
128632,0.00087,
128633,0.00076,
128634,0.00098,
128635,0.0009,
128636,0.00086,
128637,0.00089,
128638,0.00099,
128639,0.00091,
128640,0.00093,
128641,0.00103,
128642,0.00097,
128643,0.00083,
128644,0.00083,
128645,0.00085,
128646,0.00077,
128647,0.00076,
128648,0.00086,
128649,0.00067,
128650,0.00071,
128651,0.00081,
128652,0.00074,
128653,0.00068,
128654,0.0008,
128655,0.0008,
128656,0.00073,
128657,0.00072,
128658,0.00068,
128659,0.00088,
128663,0.00068,
128664,0.00068,
128665,0.00071,
128666,0.00069,
128667,0.00076,
128668,0.00082,
128669,0.00072,
128670,0.00079,
128671,0.00079,
128672,0.00072,
128673,0.00073,
128674,0.00069,
128675,0.00065,
128676,0.00065,
128677,0.00071,
128678,0.00066,
128679,0.00071,
128680,0.00075,
128681,0.00066,
128682,0.00078,
128683,0.00077,
128684,0.00076,
128685,0.00083,
128686,0.00073,
128687,0.00071,
128688,0.00068,
128689,0.00069,
128690,0.00073,
128691,0.00075,
128692,0.00077,
128693,0.00077,
128694,0.0008,
128695,0.00077,
128696,0.00079,
128697,0.00076,
128698,0.00079,
128699,0.0008,
128700,0.00074,
128701,0.00064,
128702,0.00078,
128703,0.00068,
128704,0.00075,
128705,0.0008,
128706,0.00074,
128707,0.00081,
128708,0.00072,
128709,0.00068,
128710,0.00076,
128711,0.00075,
128712,0.00081,
128713,0.00073,
128714,0.0009,
128715,0.00075,
128716,0.00074,
128717,0.00081,
128718,0.00103,
128719,0.00109,
128720,0.00084,
128721,0.00074,
128722,0.00084,
128723,0.00078,
128724,0.00063,
128725,0.00087,
128729,0.00077,
128730,0.00081,
128731,0.00087,
128732,0.00073,
128733,0.00085,
128734,0.00078,
128735,0.0012,
128736,0.0008,
128737,0.0007,
128738,0.00075,
128739,0.00081,
128740,0.00081,
128741,0.00079,
128742,0.00072,
128743,0.00072,
128744,0.00071,
128745,0.00072,
128746,0.00074,
128747,0.00088,
128748,0.00071,
128749,0.00076,
128750,0.00079,
128751,0.00074,
128752,0.00075,
128753,0.00078,
128754,0.00078,
128755,0.00079,
128756,0.00076,
128757,0.00076,
128758,0.00082,
128759,0.00071,
128760,0.00078,
128761,0.00081,
128762,0.00083,
128763,0.00078,
128764,0.00078,
128765,0.00081,
128766,0.00072,
128767,0.0007,
128768,0.00076,
128769,0.00081,
128770,0.00081,
128771,0.00082,
128772,0.00085,
128773,0.0008,
128774,0.00069,
128775,0.0008,
128776,0.0008,
128777,0.00089,
128778,0.00079,
128779,0.0007,
128780,0.00095,
128781,0.00086,
128782,0.00085,
128785,0.00076,
128786,0.00075,
128787,0.00071,
128788,0.00075,
128789,0.0008,
128790,0.00077,
128794,0.0007,
128795,0.00081,
128796,0.00073,
128797,0.00071,
128798,0.00082,
128799,0.00084,
128800,0.00094,
128801,0.00085,
128802,0.00072,
128803,0.00074,
128804,0.00079,
128805,0.00061,
128806,0.00076,
128807,0.00069,
128808,0.00076,
128809,0.00078,
128810,0.00087,
128811,0.00084,
128812,0.0008,
128813,0.00078,
128814,0.00079,
128815,0.00087,
128816,0.00086,
128817,0.0009,
128818,0.00083,
128819,0.00076,
128820,0.00078,
128821,0.00076,
128822,0.00074,
128823,0.00078,
128824,0.00072,
128825,0.00062,
128826,0.00066,
128827,0.00064,
128828,0.0007,
128829,0.00071,
128830,0.00073,
128831,0.00083,
128832,0.00079,
128833,0.00073,
128834,0.00082,
128835,0.00079,
128836,0.00076,
128837,0.00081,
128838,0.0008,
128839,0.00076,
128840,0.00078,
128841,0.00084,
128842,0.00086,
128843,0.00078,
128844,0.00073,
128845,0.00079,
128846,0.00066,
128847,0.00076,
128848,0.00076,
128849,0.00069,
128850,0.00077,
128851,0.00064,
128852,0.00076,
128853,0.00077,
128854,0.00074,
128855,0.00076,
128856,0.0008,
128857,0.00077,
128858,0.00083,
128862,0.00068,
128863,0.0007,
128864,0.00058,
128865,0.00067,
128866,0.00061,
128867,0.00059,
128868,0.00062,
128869,0.00056,
128870,0.00067,
128871,0.0006,
128881,0.00083,
128882,0.001,
128883,0.00096,
128884,0.00095,
128885,0.00088,
128886,0.00123,
128887,0.00085,
128888,0.00108,
128889,0.00103,
128890,0.00083,
128891,0.00098,
128892,0.001,
128893,0.00094,
128894,0.00104,
128895,0.00106,
128896,0.00099,
128897,0.00105,
128898,0.001,
128899,0.00095,
128900,0.00083,
128901,0.00079,
128902,0.00101,
128903,0.00092,
128904,0.00081,
128905,0.00069,
128906,0.00075,
128907,0.00081,
128908,0.0008,
128912,0.00069,
128913,0.00076,
128914,0.00097,
128915,0.00131,
128916,0.00085,
128917,0.00064,
128918,0.0007,
128919,0.00086,
128920,0.00092,
128921,0.00075,
128922,0.00076,
128923,0.00082,
128924,0.00081,
128925,0.0008,
128926,0.00079,
128927,0.00097,
128928,0.00084,
128929,0.00078,
128930,0.00077,
128931,0.00078,
128932,0.00078,
128933,0.00079,
128934,0.00088,
128935,0.00085,
128936,0.00091,
128937,0.00096,
128938,0.00092,
128939,0.00097,
128940,0.0011,
128941,0.00088,
128942,0.00091,
128943,0.00096,
128944,0.00118,
128945,0.00114,
128946,0.00122,
128947,0.00126,
128948,0.00142,
128949,0.00118,
128950,0.00093,
128951,0.00106,
128952,0.00094,
128953,0.0008,
128954,0.00093,
128955,0.00096,
128956,0.00085,
128957,0.00083,
128958,0.0008,
128959,0.00099,
128960,0.00092,
128961,0.00109,
128962,0.00099,
128963,0.00105,
128964,0.00095,
128965,0.00072,
128966,0.0008,
128967,0.00108,
128968,0.00097,
128969,0.00093,
128970,0.00094,
128971,0.0009,
128972,0.0009,
128973,0.00092,
128976,0.00072,
128977,0.00072,
128978,0.00071,
128979,0.00073,
128980,0.00076,
128981,0.00057,
128982,0.00073,
128983,0.00093,
128984,0.00074,
128985,0.0008,
128986,0.00115,
128987,0.00087,
128988,0.00083,
128989,0.00078,
128990,0.00087,
128991,0.00081,
128992,0.00087,
128993,0.00082,
128994,0.0008,
128995,0.00089,
128996,0.0008,
128997,0.00069,
128998,0.00066,
128999,0.00086,
129000,0.00086,
129001,0.00091,
129002,0.00084,
129003,0.00092,
129004,0.00104,
129005,0.0009,
129006,0.00105,
129007,0.00091,
129008,0.0011,
129009,0.001,
129010,0.00091,
129011,0.00102,
129012,0.00088,
129013,0.00096,
129014,0.00098,
129015,0.00091,
129016,0.00082,
129017,0.00102,
129018,0.00098,
129019,0.00078,
129020,0.00073,
129021,0.00085,
129022,0.00106,
129023,0.00081,
129024,0.0007,
129025,0.0007,
129026,0.00079,
129027,0.00065,
129028,0.00089,
129029,0.00078,
129030,0.00095,
129031,0.00079,
129032,0.00082,
129033,0.00113,
129034,0.00147,
129035,0.00062,
129036,0.00072,
129040,0.00074,
129041,0.00081,
129042,0.00093,
129043,0.00104,
129044,0.00093,
129045,0.00088,
129046,0.00085,
129047,0.00067,
129048,0.00078,
129049,0.00083,
129050,0.00081,
129051,0.00075,
129052,0.00077,
129053,0.00074,
129054,0.00077,
129055,0.00082,
129056,0.00076,
129057,0.00074,
129058,0.0007,
129059,0.00078,
129060,0.00074,
129061,0.00073,
129062,0.00086,
129063,0.0008,
129064,0.00084,
129065,0.00083,
129066,0.00077,
129067,0.00094,
129068,0.00092,
129069,0.00103,
129070,0.00104,
129071,0.00133,
129072,0.00101,
129073,0.00076,
129074,0.00107,
129075,0.00248,
129076,0.0011,
129077,0.00105,
129078,0.00118,
129079,0.0012,
129080,0.00091,
129081,0.00102,
129082,0.00121,
129083,0.00105,
129084,0.00111,
129085,0.00093,
129086,0.00101,
129087,0.00109,
129088,0.00106,
129089,0.00098,
129090,0.00087,
129091,0.00124,
129092,0.00171,
129096,0.00107,
129097,0.0011,
129098,0.00132,
129099,0.00129,
129100,0.00115,
129101,0.00096,
129102,0.00092,
129103,0.00097,
129104,0.00096,
129105,0.0009,
129106,0.00078,
129107,0.00095,
129108,0.00128,
129109,0.00115,
129110,0.00095,
129111,0.00129,
129112,0.00092,
129113,0.00116,
129114,0.00128,
129115,0.00133,
129116,0.00112,
129117,0.00096,
129118,0.00109,
129119,0.00114,
129120,0.0009,
129121,0.00092,
129122,0.00105,
129123,0.00094,
129124,0.00103,
129125,0.00097,
129126,0.00094,
129127,0.00098,
129128,0.00095,
129129,0.00114,
129130,0.00118,
129131,0.00226,
129132,0.00118,
129133,0.00092,
129134,0.00102,
129135,0.00098,
129136,0.00107,
129137,0.00103,
129138,0.00104,
129139,0.00119,
129140,0.00109,
129141,0.00126,
129142,0.00116,
129143,0.00103,
129144,0.00105,
129145,0.00094,
129146,0.00152,
129147,0.00115,
129148,0.00103,
129149,0.00079,
129150,0.00277,
129151,0.00102,
129152,0.00168,
129153,0.00179,
129154,0.00129,
129155,0.00114,
129156,0.00108,
129159,0.00115,
129160,0.00096,
129161,0.00102,
129162,0.00113,
129163,0.00155,
129164,0.00302,
129165,0.00137,
129166,0.00152,
129167,0.00117,
129168,0.00112,
129169,0.00126,
129170,0.00103,
129171,0.00122,
129172,0.00138,
129173,0.00105,
129174,0.00121,
129175,0.00093,
129176,0.00107,
129177,0.00102,
129178,0.00089,
129179,0.00102,
129180,0.00087,
129181,0.00093,
129182,0.00093,
129183,0.00079,
129184,0.00077,
129185,0.00088,
129186,0.00081,
129187,0.0009,
129188,0.00088,
129189,0.00099,
129190,0.00104,
129191,0.0011,
129192,0.00105,
129193,0.00107,
129194,0.00113,
129195,0.00106,
129196,0.00108,
129197,0.00115,
129198,0.00125,
129199,0.00084,
129200,0.00081,
129201,0.00117,
129202,0.00121,
129203,0.00102,
129204,0.00099,
129205,0.001,
129206,0.00103,
129207,0.00098,
129208,0.00098,
129209,0.00098,
129210,0.00107,
129211,0.00101,
129212,0.00087,
129213,0.00095,
129214,0.00089,
129215,0.00096,
129216,0.00142,
129217,0.00176,
129218,0.00136,
129219,0.00095,
129220,0.00116,
129224,0.00373,
129225,0.00531,
129226,0.00096,
129227,0.00077,
129228,0.00076,
129229,0.00074,
129230,0.00086,
129231,0.00095,
129232,0.00091,
129233,0.0007,
129234,0.00073,
129235,0.00076,
129236,0.00079,
129237,0.00085,
129238,0.00084,
129239,0.00081,
129240,0.00083,
129241,0.00096,
129242,0.00085,
129243,0.00097,
129244,0.00098,
129245,0.00106,
129246,0.00111,
129247,0.00095,
129248,0.00102,
129249,0.00089,
129250,0.00079,
129251,0.00094,
129252,0.00098,
129253,0.00077,
129254,0.00102,
129255,0.00085,
129256,0.00087,
129257,0.00094,
129258,0.00105,
129259,0.00093,
129260,0.00097,
129261,0.00103,
129262,0.00091,
129263,0.00078,
129264,0.00085,
129265,0.00098,
129266,0.00111,
129267,0.001,
129268,0.00092,
129269,0.00091,
129270,0.00097,
129271,0.00105,
129272,0.00115,
129273,0.00102,
129274,0.00099,
129275,0.00095,
129276,0.00107,
129277,0.00113,
129278,0.00085,
129279,0.00074,
129280,0.00085,
129281,0.0009,
129282,0.0009,
129283,0.00082,
129284,0.0007,
129287,0.00088,
129288,0.00098,
129289,0.00129,
129290,0.00113,
129291,0.00133,
129292,0.00106,
129293,0.00106,
129294,0.00134,
129295,0.001,
129296,0.00136,
129297,0.00118,
129298,0.00123,
129299,0.00108,
129300,0.00107,
129301,0.00115,
129302,0.00137,
129303,0.0012,
129304,0.00104,
129305,0.00132,
129306,0.00132,
129307,0.00119,
129308,0.00108,
129309,0.00125,
129310,0.00114,
129311,0.00102,
129312,0.00094,
129313,0.00104,
129314,0.00101,
129315,0.00108,
129316,0.00145,
129317,0.00161,
129318,0.00107,
129319,0.00094,
129320,0.00098,
129321,0.00111,
129322,0.00109,
129323,0.00177,
129324,0.00131,
129325,0.0011,
129326,0.00118,
129327,0.00089,
129328,0.00098,
129329,0.00084,
129330,0.00091,
129331,0.00089,
129332,0.00096,
129333,0.00113,
129334,0.00102,
129335,0.00116,
129336,0.00087,
129337,0.00088,
129338,0.00086,
129339,0.00082,
129340,0.00091,
129341,0.00097,
129342,0.00124,
129345,0.00133,
129346,0.00208,
129347,0.00134,
129348,0.0014,
129349,0.00142,
129350,0.00136,
129351,0.00133,
129352,0.00162,
129353,0.00144,
129354,0.00148,
129355,0.00144,
129356,0.00123,
129357,0.00125,
129358,0.00123,
129359,0.00159,
129360,0.00218,
129361,0.00141,
129362,0.00121,
129363,0.00112,
129364,0.001,
129365,0.00116,
129366,0.00114,
129367,0.00174,
129368,0.0028,
129369,0.00105,
129370,0.00105,
129371,0.00118,
129372,0.00125,
129373,0.00115,
129374,0.00133,
129375,0.00121,
129376,0.00175,
129377,0.00129,
129378,0.00132,
129379,0.00128,
129380,0.00121,
129381,0.0011,
129382,0.00113,
129383,0.00105,
129384,0.00095,
129385,0.00108,
129386,0.001,
129387,0.00131,
129388,0.0013,
129389,0.001,
129390,0.00092,
129391,0.00109,
129392,0.00097,
129393,0.00107,
129394,0.00126,
129395,0.00119,
129396,0.00143,
129397,0.00141,
129398,0.00123,
129399,0.00138,
129400,0.00136,
129401,0.00129,
129402,0.00123,
129403,0.00108,
129404,0.00134,
129405,0.00136,
129406,0.00145,
129407,0.00122,
129411,0.00126,
129412,0.0013,
129413,0.00129,
129414,0.0014,
129415,0.00138,
129416,0.00125,
129417,0.00141,
129418,0.0015,
129419,0.00174,
129420,0.00169,
129421,0.00117,
129422,0.00142,
129423,0.00149,
129424,0.00155,
129425,0.00131,
129426,0.00142,
129427,0.0014,
129428,0.00146,
129429,0.00149,
129430,0.00109,
129431,0.00134,
129432,0.00137,
129433,0.00136,
129434,0.00128,
129435,0.00133,
129436,0.0012,
129437,0.00158,
129438,0.00122,
129439,0.00135,
129440,0.00173,
129441,0.00213,
129442,0.00179,
129443,0.0016,
129444,0.00161,
129445,0.00136,
129446,0.00156,
129447,0.00174,
129448,0.00166,
129449,0.00138,
129450,0.00119,
129451,0.00136,
129452,0.00155,
129453,0.00104,
129454,0.00116,
129455,0.00114,
129456,0.00134,
129457,0.00129,
129458,0.00154,
129459,0.00154,
129460,0.00153,
129461,0.00149,
129462,0.00123,
129463,0.00121,
129464,0.00114,
129465,0.00101,
129466,0.00118,
129467,0.00347,
129468,0.00645,
129469,0.00388,
129473,0.00096,
129474,0.00139,
129475,0.0013,
129476,0.00112,
129477,0.00116,
129478,0.00101,
129487,0.0008,
129488,0.0009,
129489,0.0009,
129490,0.0009,
129491,0.0017,
129492,0.0022,
129493,0.0034,
129494,0.0029,
129495,0.0032,
129496,0.0022,
129497,0.0013,
129498,0.0023,
129499,0.0029,
129500,0.0029,
129501,0.0029,
129502,0.0032,
129503,0.0029,
129504,0.0029,
129505,0.0031,
129506,0.0024,
129507,0.0026,
129508,0.0026,
129509,0.0025,
129510,0.0031,
129511,0.0032,
129512,0.0031,
129513,0.0024,
129514,0.0028,
129515,0.0028,
129516,0.0027,
129517,0.003,
129518,0.0035,
129519,0.0037,
129520,0.0036,
129521,0.0029,
129522,0.0029,
129523,0.0032,
129524,0.0029,
129525,0.003,
129526,0.0023,
129527,0.0025,
129528,0.0021,
129529,0.0022,
129530,0.0026,
129531,0.0022,
129532,0.0023,
129533,0.003,
129534,0.0034,
129535,0.0027,
129536,0.0031,
129537,0.0021,
129538,0.0026,
129539,0.0025,
129540,0.0017,
129541,0.0023,
129542,0.0019,
129543,0.0013,
129544,0.0011,
129545,0.0013,
129546,0.0016,
129547,0.0044,
129548,0.0035,
129549,0.0031,
129550,0.0029,
129551,0.0023,
129552,0.0026,
129553,0.002,
129554,0.0025,
129555,0.0024,
129556,0.0027,
129557,0.0027,
129558,0.0033,
129559,0.0026,
129560,0.0031,
129561,0.0036,
129562,0.0031,
129563,0.0022,
129564,0.0027,
129565,0.0031,
129566,0.0028,
129567,0.0033,
129568,0.0022,
129569,0.0019,
129570,0.0023,
129571,0.0025,
129572,0.0031,
129573,0.0029,
129574,0.0024,
129575,0.0026,
129576,0.003,
129577,0.0029,
129578,0.003,
129579,0.0033,
129580,0.0024,
129581,0.0022,
129582,0.0018,
129583,0.0016,
129584,0.0012,
129585,0.0014,
129586,0.0015,
129587,0.0018,
129588,0.0029,
129589,0.0025,
129590,0.0029,
129591,0.0029,
129592,0.0035,
129593,0.0033,
129594,0.0031,
129600,0.0031,
129601,0.0025,
129602,0.0033,
129603,0.0039,
129604,0.0031,
129605,0.0028,
129606,0.0026,
129607,0.0034,
129608,0.0025,
129609,0.0031,
129610,0.0028,
129611,0.0029,
129612,0.0028,
129613,0.0022,
129614,0.0026,
129615,0.0034,
129616,0.0027,
129617,0.0024,
129618,0.0028,
129619,0.0024,
129620,0.0025,
129621,0.0031,
129622,0.0028,
129623,0.0029,
129624,0.0034,
129625,0.0038,
129626,0.0033,
129627,0.0033,
129628,0.0033,
129629,0.0027,
129630,0.0033,
129631,0.003,
129632,0.0031,
129633,0.0034,
129634,0.0031,
129635,0.0031,
129636,0.0023,
129637,0.0028,
129638,0.0026,
129639,0.0033,
129640,0.0033,
129641,0.0024,
129642,0.0035,
129643,0.0036,
129644,0.0034,
129645,0.0031,
129646,0.0036,
129647,0.0035,
129648,0.003,
129649,0.0035,
129650,0.003,
129651,0.0025,
129652,0.0031,
129653,0.0032,
129654,0.0033,
129655,0.0029,
129656,0.003,
129657,0.0025,
129658,0.0029,
129659,0.0025,
129660,0.0021,
129661,0.0031,
129662,0.0031,
129663,0.0029,
129664,0.003,
129665,0.0023,
129671,0.0028,
129672,0.003,
129673,0.0027,
129674,0.0032,
129675,0.0028,
129676,0.0031,
129677,0.0032,
129678,0.0026,
129679,0.0032,
129680,0.0026,
129681,0.0029,
129682,0.0029,
129683,0.0029,
129684,0.0031,
129685,0.0031,
129686,0.003,
129687,0.0027,
129688,0.0032,
129689,0.0035,
129690,0.0034,
129691,0.0026,
129692,0.0032,
129693,0.0029,
129694,0.003,
129695,0.0033,
129696,0.0031,
129697,0.0031,
129698,0.0032,
129699,0.0037,
129700,0.0026,
129701,0.0027,
129702,0.0026,
129703,0.0035,
129704,0.0032,
129705,0.0031,
129706,0.0034,
129707,0.0027,
129708,0.0028,
129709,0.0036,
129710,0.0031,
129711,0.0033,
129712,0.0037,
129713,0.0026,
129714,0.0031,
129715,0.0032,
129716,0.0027,
129717,0.0022,
129718,0.0025,
129719,0.0036,
129720,0.0037,
129721,0.0034,
129722,0.0028,
129723,0.0026,
129724,0.0034,
129725,0.0031,
129726,0.0032,
129727,0.0031,
129728,0.0041,
129729,0.0027,
129730,0.0035,
129731,0.0036,
129732,0.003,
129733,0.0031,
129734,0.0033,
129735,0.0035,
129736,0.0034,
129737,0.0026,
129738,0.0026,
129739,0.0026,
129740,0.0032,
129741,0.0031,
129742,0.0029,
129743,0.0031,
129744,0.0022,
129745,0.0016,
129746,0.0015,
129747,0.002,
129748,0.0014,
129749,0.0017,
129750,0.0013,
129751,0.0021,
129752,0.0022,
129753,0.0026,
129754,0.0025,
129755,0.0022,
129756,0.0024,
129757,0.0028,
129758,0.0028,
129759,0.0024,
129760,0.0028,
129761,0.0028,
129762,0.0026,
129763,0.0022,
129764,0.0023,
129765,0.0028,
129766,0.0025,
129767,0.0029,
129768,0.0025,
129769,0.0022,
129770,0.0023,
129771,0.0019,
129772,0.002,
129773,0.0019,
129774,0.0019,
129775,0.0019,
129776,0.0021,
129777,0.002,
129778,0.0028,
129779,0.0032,
129780,0.0031,
129781,0.0025,
129782,0.0029,
129783,0.0032,
129784,0.0029,
129785,0.0033,
129786,0.0029,
129787,0.0029,
129788,0.0032,
129789,0.003,
129790,0.0025,
129791,0.0026,
129792,0.0024,
129793,0.0025,
129794,0.0035,
129795,0.0036,
129796,0.0029,
129804,0.0031,
129805,0.0033,
129806,0.0038,
129807,0.0038,
129808,0.0032,
129809,0.0027,
129810,0.0035,
129811,0.0033,
129812,0.0039,
129813,0.0032,
129814,0.0041,
129815,0.0038,
129816,0.0042,
129817,0.0035,
129818,0.0035,
129819,0.0033,
129820,0.0043,
129821,0.0038,
129822,0.0037,
129832,0.0031,
129833,0.0033,
129834,0.0033,
129835,0.0033,
129836,0.003,
129837,0.0032,
129838,0.0038,
129839,0.003,
129840,0.003,
129841,0.0028,
129842,0.0026,
129843,0.003,
129844,0.0033,
129845,0.0039,
129846,0.0028,
129847,0.0032,
129848,0.003,
129849,0.0034,
129850,0.0035,
129851,0.0032,
129852,0.0033,
129853,0.0036,
129854,0.003,
129855,0.0033,
129856,0.0026,
129857,0.003,
129858,0.0028,
129859,0.003,
129860,0.0033,
129861,0.0036,
129862,0.0034,
129863,0.0035,
129864,0.0029,
129865,0.0029,
129866,0.0015,
129867,0.0016,
129868,0.0017,
129869,0.0016,
129870,0.0016,
129871,0.0015,
129872,0.0021,
129873,0.0021,
129874,0.0023,
129875,0.003,
129876,0.0021,
129877,0.0025,
129878,0.002,
129879,0.002,
129880,0.0025,
129881,0.0019,
129882,0.0025,
129883,0.0019,
129884,0.0022,
129885,0.0026,
129886,0.0035,
129887,0.002,
129888,0.0032,
129889,0.0032,
129890,0.0041,
129891,0.0038,
129892,0.0029,
129893,0.0029,
129894,0.0035,
129900,0.0037,
129901,0.0031,
129902,0.0024,
129903,0.0032,
129904,0.0034,
129905,0.0027,
129906,0.0025,
129907,0.0028,
129908,0.0026,
129909,0.0027,
129910,0.0027,
129911,0.0028,
129912,0.0028,
129913,0.0027,
129914,0.0035,
129915,0.0032,
129916,0.0032,
129917,0.003,
129918,0.0036,
129919,0.004,
129920,0.0024,
129921,0.0034,
129922,0.0029,
129923,0.0031,
129924,0.003,
129925,0.0022,
129926,0.0029,
129927,0.0029,
129928,0.0027,
129929,0.0034,
129930,0.0031,
129931,0.0038,
129932,0.0038,
129933,0.0036,
129934,0.003,
129935,0.0034,
129936,0.0033,
129937,0.003,
129938,0.0034,
129939,0.0035,
129940,0.0036,
129941,0.0031,
129942,0.004,
129943,0.0042,
129944,0.0032,
129945,0.0028,
129946,0.003,
129947,0.0033,
129948,0.0036,
129949,0.0039,
129950,0.0036,
129951,0.0031,
129952,0.0027,
129953,0.003,
129954,0.0035,
129955,0.003,
129957,0.0014,
129958,0.00152,
129959,0.00166,
129960,0.00145,
129961,0.00163,
129962,0.00139,
129963,0.00139,
129964,0.00172,
129965,0.00157,
129966,0.00166,
129967,0.00159,
129968,0.00158,
129969,0.00141,
129970,0.00152,
129971,0.00141,
129972,0.00168,
129973,0.00127,
129974,0.00159,
129975,0.00157,
129976,0.00159,
129977,0.00145,
129978,0.00153,
129979,0.00151,
129980,0.0014,
129981,0.00173,
129982,0.00182,
129983,0.00164,
129984,0.00175,
129985,0.00203,
129986,0.00184,
129987,0.00195,
129988,0.00211,
129989,0.00217,
129990,0.00227,
129991,0.00224,
129992,0.00195,
129993,0.002,
129994,0.00218,
129995,0.00182,
129996,0.00197,
129997,0.00176,
129998,0.00178,
129999,0.00208,
130000,0.00177,
130001,0.00166,
130002,0.00176,
130003,0.00169,
130004,0.00189,
130005,0.00207,
130006,0.00196,
130007,0.00168,
130008,0.00178,
130009,0.00161,
130010,0.00189,
130011,0.00196,
130012,0.00184,
130013,0.00188,
130014,0.00187,
130015,0.00203,
130016,0.00205,
130017,0.00174,
130018,0.002,
130019,0.00165,
130020,0.00151,
130021,0.00146,
130022,0.00159,
130023,0.00149,
130024,0.00141,
130025,0.00126,
130026,0.00116,
130027,0.00133,
130028,0.00119,
130029,0.00134,
130030,0.00122,
130031,0.00118,
130032,0.00139,
130033,0.00125,
130034,0.00124,
130035,0.00132,
130036,0.00136,
130037,0.0014,
130038,0.00156,
130039,0.00162,
130040,0.00155,
130041,0.00148,
130042,0.00121,
130043,0.00106,
130044,0.00094,
130045,0.00101,
130046,0.00109,
130051,0.00115,
130052,0.00098,
130053,0.0011,
130054,0.00114,
130055,0.00115,
130056,0.00116,
130057,0.00128,
130058,0.00111,
130059,0.00109,
130060,0.00123,
130061,0.00102,
130062,0.00104,
130063,0.00116,
130066,0.00116,
130067,0.00109,
130068,0.00106,
130069,0.00105,
130070,0.00115,
130071,0.00117,
130072,0.00134,
130073,0.00106,
130074,0.0012,
130075,0.00147,
130076,0.00136,
130077,0.00116,
130078,0.00133,
130079,0.00134,
130080,0.0015,
130081,0.00146,
130082,0.00154,
130083,0.0011,
130084,0.00156,
130085,0.00147,
130086,0.00138,
130087,0.00142,
130088,0.00143,
130089,0.00133,
130090,0.00143,
130091,0.00134,
130092,0.00154,
130093,0.00116,
130094,0.00129,
130095,0.00155,
130096,0.00149,
130097,0.00154,
130098,0.00169,
130099,0.00147,
130100,0.00147,
130101,0.00142,
130102,0.00157,
130103,0.00153,
130104,0.00147,
130105,0.00137,
130106,0.00161,
130107,0.00172,
130108,0.0015,
130109,0.0014,
130110,0.00153,
130111,0.00158,
130112,0.00147,
130113,0.00157,
130114,0.00167,
130115,0.00157,
130116,0.00184,
130117,0.00169,
130118,0.00164,
130119,0.00158,
130120,0.00187,
130121,0.00167,
130122,0.00172,
130123,0.00173,
130124,0.00173,
130125,0.00151,
130126,0.0015,
130127,0.00145,
130128,0.00146,
130129,0.00124,
130130,0.00153,
130131,0.0015,
130132,0.00157,
130133,0.00162,
130134,0.00153,
130135,0.00183,
130136,0.00161,
130137,0.00142,
130138,0.0015,
130139,0.00156,
130140,0.00163,
130141,0.0016,
130142,0.00153,
130143,0.00151,
130144,0.00187,
130149,0.0013,
130150,0.00131,
130151,0.00124,
130152,0.00149,
130153,0.00134,
130154,0.00137,
130155,0.00136,
130156,0.00154,
130157,0.00156,
130158,0.00152,
130159,0.00167,
130160,0.00174,
130161,0.00176,
130162,0.00174,
130163,0.00174,
130164,0.00194,
130165,0.00206,
130166,0.00172,
130167,0.00152,
130168,0.00154,
130169,0.0023,
130170,0.00183,
130171,0.00183,
130172,0.00158,
130173,0.0017,
130174,0.00165,
130175,0.00174,
130176,0.00163,
130177,0.0016,
130178,0.00159,
130179,0.00171,
130180,0.00172,
130181,0.00194,
130182,0.00159,
130183,0.00191,
130184,0.0017,
130185,0.00163,
130186,0.00172,
130187,0.00188,
130188,0.00197,
130189,0.00172,
130190,0.00169,
130191,0.00146,
130192,0.00171,
130193,0.00169,
130194,0.00183,
130195,0.00188,
130196,0.00184,
130197,0.0016,
130198,0.00186,
130199,0.00188,
130200,0.00198,
130201,0.00185,
130202,0.00213,
130203,0.0019,
130204,0.00182,
130205,0.00156,
130206,0.00161,
130207,0.00153,
130208,0.00152,
130209,0.00168,
130210,0.00163,
130211,0.00174,
130212,0.00187,
130213,0.00217,
130214,0.00203,
130215,0.00203,
130216,0.00189,
130217,0.00183,
130218,0.00188,
130219,0.00231,
130220,0.00193,
130221,0.0019,
130222,0.00215,
130223,0.00208,
130224,0.00157,
130225,0.00229,
130226,0.00198,
130227,0.00175,
130228,0.0015,
130229,0.00189,
130230,0.00181,
130231,0.00179,
130232,0.00189,
130233,0.00181,
130234,0.00175,
130235,0.00201,
130236,0.00156,
130241,0.00162,
130242,0.00166,
130243,0.0018,
130244,0.00186,
130245,0.00192,
130247,0.00155,
130248,0.0016,
130249,0.0016,
130250,0.00174,
130251,0.00167,
130252,0.00166,
130253,0.0017,
130254,0.00151,
130255,0.00135,
130256,0.00148,
130257,0.00156,
130258,0.00186,
130259,0.00179,
130260,0.00158,
130261,0.00163,
130262,0.00151,
130263,0.00142,
130264,0.0014,
130265,0.00135,
130266,0.00136,
130267,0.00145,
130268,0.00138,
130269,0.00142,
130270,0.00145,
130271,0.00137,
130272,0.00151,
130273,0.00154,
130274,0.00147,
130275,0.00139,
130276,0.00136,
130277,0.00151,
130278,0.00152,
130279,0.00145,
130280,0.00174,
130281,0.00172,
130282,0.00157,
130283,0.00153,
130284,0.00174,
130285,0.00172,
130286,0.0018,
130287,0.00177,
130288,0.00158,
130289,0.00192,
130290,0.00172,
130291,0.00163,
130292,0.0014,
130293,0.0016,
130294,0.00177,
130295,0.0018,
130296,0.00172,
130297,0.00178,
130298,0.00145,
130299,0.00166,
130300,0.0013,
130301,0.0015,
130302,0.00126,
130303,0.00155,
130304,0.00148,
130305,0.00139,
130306,0.00121,
130307,0.00107,
130308,0.0012,
130309,0.00179,
130310,0.00174,
130311,0.00225,
130312,0.00169,
130313,0.00166,
130314,0.00146,
130315,0.00171,
130316,0.00189,
130317,0.00196,
130318,0.00215,
130319,0.00173,
130320,0.00157,
130321,0.0018,
130322,0.00173,
130323,0.00157,
130324,0.00176,
130325,0.00171,
130326,0.00192,
130327,0.00163,
130328,0.00164,
130329,0.00188,
130330,0.0017,
130331,0.00135,
130332,0.00158,
130333,0.00176,
130334,0.00162,
130339,0.00154,
130340,0.00139,
130341,0.00135,
130342,0.00156,
130343,0.00151,
130344,0.00157,
130345,0.00171,
130346,0.00195,
130347,0.00175,
130348,0.00171,
130349,0.00175,
130350,0.00186,
130351,0.00184,
130352,0.00139,
130353,0.00192,
130354,0.00173,
130355,0.00181,
130356,0.00153,
130357,0.00146,
130358,0.00155,
130359,0.00203,
130360,0.00184,
130361,0.00177,
130362,0.002,
130363,0.00204,
130364,0.00183,
130365,0.00191,
130366,0.00188,
130367,0.00215,
130368,0.00201,
130369,0.00208,
130370,0.00196,
130371,0.00178,
130372,0.00228,
130373,0.00181,
130374,0.00148,
130375,0.00191,
130376,0.00199,
130377,0.00175,
130378,0.00213,
130379,0.00199,
130380,0.00209,
130381,0.00195,
130382,0.00187,
130383,0.00192,
130384,0.00179,
130385,0.00178,
130386,0.00211,
130387,0.00187,
130388,0.00205,
130389,0.00167,
130390,0.00214,
130391,0.00213,
130392,0.00231,
130393,0.00209,
130394,0.00251,
130395,0.00191,
130396,0.00159,
130397,0.00189,
130398,0.00234,
130399,0.0021,
130400,0.00217,
130401,0.00197,
130402,0.0019,
130403,0.00183,
130404,0.00187,
130405,0.00201,
130406,0.00178,
130407,0.00196,
130408,0.00216,
130409,0.00211,
130410,0.00236,
130411,0.00212,
130412,0.00213,
130413,0.00231,
130414,0.00214,
130415,0.00213,
130416,0.00219,
130417,0.00195,
130418,0.0021,
130419,0.00199,
130420,0.00168,
130421,0.00189,
130422,0.00195,
130423,0.0019,
130424,0.00163,
130425,0.00162,
130426,0.00168,
130427,0.00156,
130428,0.00163,
130429,0.00185,
130430,0.00203,
130431,0.00221,
130432,0.00195,
130433,0.00192,
130434,0.00181,
130435,0.00207,
130436,0.00218,
130437,0.00221,
130438,0.00225,
130439,0.00207,
130440,0.00195,
130441,0.00181,
130442,0.00166,
130443,0.00186,
130444,0.00177,
130445,0.00198,
130446,0.00168,
130447,0.00171,
130448,0.00166,
130449,0.00167,
130450,0.00215,
130451,0.00203,
130452,0.00207,
130453,0.00185,
130454,0.00203,
130455,0.00175,
130456,0.00201,
130457,0.00194,
130458,0.00173,
130459,0.00171,
130460,0.00162,
130461,0.00186,
130462,0.00195,
130463,0.00182,
130464,0.00166,
130465,0.00167,
130466,0.00152,
130467,0.00163,
130468,0.00186,
130469,0.00172,
130470,0.00188,
130471,0.00211,
130472,0.00195,
130473,0.00165,
130474,0.00166,
130475,0.00151,
130476,0.00162,
130477,0.00159,
130478,0.00157,
130479,0.00136,
130480,0.00144,
130481,0.00163,
130482,0.00136,
130483,0.00142,
130484,0.00137,
130485,0.00142,
130486,0.00149,
130487,0.00158,
130488,0.00151,
130489,0.00161,
130490,0.00185,
130491,0.00193,
130492,0.00195,
130493,0.00198,
130494,0.00176,
130495,0.00169,
130496,0.00164,
130497,0.0018,
130498,0.00208,
130499,0.00196,
130500,0.00181,
130501,0.00163,
130502,0.00202,
130503,0.00181,
130504,0.00198,
130505,0.00172,
130506,0.00171,
130507,0.00181,
130508,0.00182,
130509,0.00209,
130510,0.00174,
130511,0.00187,
130512,0.00188,
130513,0.00178,
130514,0.00178,
130515,0.0019,
130516,0.00181,
130517,0.00179,
130518,0.00187,
130523,0.00214,
130524,0.00256,
130525,0.00319,
130526,0.00233,
130527,0.00226,
130528,0.00209,
130529,0.00203,
130530,0.00187,
130531,0.00195,
130532,0.00194,
130533,0.00228,
130534,0.0027,
130535,0.00263,
130536,0.00233,
130537,0.0024,
130538,0.00253,
130539,0.00243,
130540,0.00254,
130541,0.00246,
130542,0.00231,
130543,0.00231,
130544,0.00243,
130545,0.00228,
130546,0.00229,
130547,0.00226,
130548,0.00235,
130549,0.00268,
130550,0.00282,
130551,0.0026,
130552,0.00248,
130553,0.00245,
130554,0.00271,
130555,0.00289,
130556,0.00236,
130557,0.00246,
130558,0.00275,
130559,0.00255,
130560,0.00234,
130561,0.00243,
130562,0.00221,
130563,0.00218,
130564,0.00208,
130565,0.00239,
130566,0.00237,
130567,0.0025,
130568,0.00252,
130569,0.00231,
130570,0.00249,
130571,0.00204,
130572,0.00231,
130573,0.00271,
130574,0.00277,
130575,0.0024,
130576,0.00229,
130577,0.00233,
130578,0.00241,
130579,0.00251,
130580,0.00256,
130581,0.00246,
130582,0.00261,
130583,0.00257,
130584,0.00252,
130585,0.00244,
130586,0.00227,
130587,0.00226,
130588,0.00229,
130589,0.00221,
130590,0.00226,
130591,0.00233,
130592,0.00262,
130593,0.00241,
130594,0.00251,
130595,0.00238,
130596,0.0026,
130597,0.00203,
130598,0.00193,
130599,0.00216,
130600,0.00204,
130601,0.00204,
130602,0.00214,
130603,0.00185,
130604,0.00167,
130605,0.00208,
130606,0.00206,
130607,0.0021,
130608,0.00173,
130609,0.00205,
130610,0.00215,
130611,0.00192,
130612,0.00205,
130613,0.002,
130614,0.00203,
130615,0.00237,
130620,0.00225,
130621,0.00219,
130622,0.00213,
130623,0.00205,
130624,0.00206,
130625,0.00241,
130626,0.00202,
130627,0.00229,
130628,0.00205,
130629,0.00227,
130630,0.0021,
130631,0.00205,
130632,0.00204,
130633,0.00185,
130634,0.00192,
130635,0.00179,
130636,0.00185,
130637,0.0019,
130638,0.00171,
130639,0.00172,
130640,0.00207,
130641,0.00194,
130642,0.00175,
130643,0.00185,
130644,0.00223,
130645,0.00189,
130646,0.00194,
130647,0.00222,
130648,0.00214,
130649,0.00171,
130650,0.00144,
130651,0.00189,
130652,0.00182,
130653,0.0016,
130654,0.00176,
130655,0.00221,
130656,0.00198,
130657,0.00205,
130658,0.00209,
130659,0.00165,
130660,0.00217,
130661,0.0021,
130662,0.00191,
130663,0.00208,
130664,0.0021,
130665,0.00194,
130666,0.00209,
130667,0.00208,
130668,0.00203,
130669,0.00233,
130670,0.00251,
130671,0.0019,
130672,0.00183,
130673,0.0022,
130674,0.00297,
130675,0.00241,
130676,0.00186,
130677,0.00229,
130678,0.00242,
130679,0.00235,
130680,0.00196,
130681,0.00229,
130682,0.00215,
130683,0.00186,
130684,0.00169,
130685,0.00243,
130686,0.0022,
130687,0.00345,
130688,0.0033,
130689,0.00304,
130690,0.00247,
130691,0.00285,
130692,0.0027,
130693,0.00243,
130694,0.00251,
130695,0.00206,
130696,0.00198,
130697,0.0026,
130698,0.00276,
130699,0.0024,
130700,0.00235,
130701,0.00239,
130702,0.00265,
130703,0.00209,
130704,0.00189,
130705,0.00255,
130706,0.00196,
130707,0.00208,
130708,0.00209,
130709,0.00203,
130710,0.00227,
130711,0.00249,
130716,0.00214,
130717,0.00237,
130718,0.00229,
130719,0.00223,
130720,0.00177,
130721,0.00196,
130722,0.00243,
130723,0.00202,
130724,0.00213,
130725,0.00232,
130726,0.00175,
130727,0.0019,
130728,0.00198,
130729,0.00172,
130730,0.00184,
130731,0.00202,
130732,0.00228,
130733,0.00219,
130734,0.00167,
130735,0.00204,
130736,0.00191,
130737,0.00199,
130738,0.00161,
130739,0.00142,
130740,0.00154,
130741,0.00174,
130742,0.00146,
130743,0.00129,
130744,0.00131,
130745,0.00162,
130746,0.00187,
130747,0.00236,
130748,0.00192,
130749,0.00172,
130750,0.002,
130751,0.00188,
130752,0.00188,
130753,0.00221,
130754,0.00197,
130755,0.00188,
130756,0.00159,
130757,0.00214,
130758,0.00182,
130759,0.00176,
130760,0.00174,
130761,0.00168,
130762,0.00155,
130763,0.00166,
130764,0.00173,
130765,0.00154,
130766,0.00206,
130767,0.00166,
130768,0.00152,
130769,0.00195,
130770,0.00193,
130771,0.00188,
130772,0.00152,
130773,0.00154,
130774,0.00137,
130775,0.00175,
130776,0.00167,
130777,0.00204,
130778,0.00201,
130779,0.00184,
130780,0.00213,
130781,0.00271,
130782,0.00264,
130783,0.00258,
130784,0.002,
130785,0.00247,
130786,0.00223,
130787,0.00225,
130788,0.00222,
130789,0.00196,
130790,0.00176,
130791,0.00182,
130792,0.00172,
130793,0.00141,
130794,0.00161,
130795,0.00139,
130796,0.00174,
130797,0.00173,
130798,0.0016,
130799,0.00196,
130800,0.00202,
130801,0.00224,
130802,0.00206,
130803,0.0016,
130804,0.00153,
130809,0.00201,
130810,0.00185,
130811,0.00198,
130812,0.00272,
130813,0.00252,
130814,0.00231,
130815,0.00228,
130816,0.00258,
130817,0.00293,
130818,0.0028,
130819,0.00228,
130820,0.00236,
130821,0.00221,
130822,0.00265,
130823,0.00282,
130824,0.00275,
130825,0.00261,
130826,0.0028,
130827,0.00242,
130828,0.00253,
130829,0.00207,
130830,0.0023,
130831,0.00238,
130832,0.00218,
130833,0.00212,
130834,0.00247,
130835,0.00182,
130836,0.00157,
130837,0.00176,
130838,0.00189,
130839,0.00187,
130840,0.00264,
130841,0.00232,
130842,0.00327,
130843,0.00275,
130844,0.00254,
130845,0.0021,
130846,0.00211,
130847,0.00162,
130848,0.00199,
130849,0.00198,
130850,0.00207,
130851,0.00185,
130852,0.0024,
130853,0.00217,
130854,0.00229,
130855,0.00248,
130856,0.0024,
130857,0.00233,
130858,0.0025,
130859,0.00229,
130860,0.0019,
130861,0.00172,
130862,0.00232,
130863,0.00275,
130864,0.00245,
130865,0.00191,
130866,0.00261,
130867,0.00226,
130868,0.00221,
130869,0.00194,
130870,0.00179,
130871,0.00208,
130872,0.00218,
130873,0.00237,
130874,0.00197,
130875,0.00236,
130876,0.00265,
130877,0.00243,
130878,0.0023,
130879,0.0028,
130880,0.00262,
130881,0.00276,
130882,0.00341,
130883,0.00246,
130884,0.00229,
130885,0.00278,
130886,0.00296,
130887,0.0022,
130888,0.00245,
130889,0.00267,
130890,0.00225,
130891,0.00305,
130892,0.00284,
130893,0.00261,
130894,0.00246,
130895,0.00284,
130896,0.00304,
130897,0.00281,
130898,0.00208,
130899,0.00285,
130904,0.00266,
130905,0.00199,
130906,0.00222,
130907,0.002,
130908,0.00207,
130909,0.0022,
130910,0.00201,
130911,0.00189,
130912,0.00218,
130913,0.00227,
130914,0.00221,
130915,0.00223,
130916,0.00193,
130917,0.00165,
130918,0.00222,
130919,0.00244,
130920,0.00191,
130921,0.00218,
130922,0.0021,
130923,0.00187,
130924,0.00222,
130925,0.00242,
130926,0.00238,
130927,0.00222,
130928,0.00208,
130929,0.00213,
130930,0.00176,
130931,0.00202,
130932,0.00194,
130933,0.0017,
130934,0.00159,
130935,0.00174,
130936,0.00182,
130937,0.00135,
130938,0.00193,
130939,0.00163,
130940,0.00168,
130941,0.00182,
130942,0.00157,
130943,0.00166,
130944,0.00185,
130945,0.0017,
130946,0.00161,
130947,0.00151,
130948,0.00185,
130949,0.00247,
130950,0.00237,
130951,0.00206,
130952,0.00191,
130953,0.002,
130954,0.00193,
130955,0.00181,
130956,0.0014,
130957,0.0019,
130958,0.00199,
130959,0.00195,
130960,0.00202,
130961,0.00214,
130962,0.00187,
130963,0.0018,
130964,0.00187,
130965,0.0027,
130966,0.0025,
130967,0.0025,
130968,0.0024,
130969,0.0025,
130970,0.0026,
130971,0.0024,
130972,0.0024,
130973,0.0022,
130974,0.0026,
130975,0.0026,
130976,0.0028,
130977,0.0027,
130978,0.0029,
130979,0.0026,
130980,0.0027,
130981,0.0026,
130982,0.0026,
130983,0.0024,
130984,0.0021,
130985,0.0023,
130986,0.0024,
130987,0.0028,
130988,0.0026,
130989,0.0022,
130990,0.0023,
130991,0.0028,
130992,0.0023,
130993,0.0024,
130994,0.0028,
130995,0.0027,
130996,0.0025,
130997,0.0024,
130998,0.0026,
130999,0.0024,
131000,0.0021,
131001,0.002,
131002,0.0026,
131003,0.0024,
131004,0.0022,
131005,0.0022,
131006,0.0025,
131007,0.0027,
131011,0.003,
131012,0.003,
131013,0.0032,
131014,0.0032,
131015,0.0027,
131016,0.0027,
131017,0.0023,
131018,0.0023,
131019,0.0026,
131020,0.0025,
131021,0.0022,
131022,0.0024,
131023,0.0024,
131024,0.0024,
131025,0.0025,
131026,0.0027,
131027,0.0025,
131028,0.0025,
131029,0.0026,
131030,0.0029,
131031,0.0029,
131032,0.0028,
131033,0.0027,
131034,0.0027,
131035,0.003,
131036,0.003,
131037,0.0024,
131038,0.0029,
131039,0.0028,
131040,0.0029,
131041,0.0027,
131042,0.0023,
131043,0.0024,
131044,0.0024,
131045,0.0026,
131046,0.0027,
131047,0.0022,
131048,0.0023,
131049,0.0021,
131050,0.0024,
131051,0.0025,
131052,0.0027,
131053,0.0028,
131054,0.0027,
131055,0.0026,
131056,0.0029,
131057,0.0026,
131058,0.0025,
131059,0.0024,
131060,0.0023,
131061,0.0027,
131062,0.0029,
131063,0.0028,
131064,0.003,
131065,0.0027,
131066,0.0029,
131067,0.0031,
131068,0.0029,
131069,0.0028,
131070,0.0028,
131071,0.0033,
131072,0.0029,
131073,0.0031,
131074,0.0032,
131075,0.0035,
131076,0.003,
136732,0.487092971579071,
136734,0.530820705853181,
136736,0.491621620859952,
136738,0.550808240609488,
136740,0.651527760343935,
136742,0.527250579661771,
136744,0.55790250072772,
136746,0.55452387752806,
136748,0.725342928378278,
136750,1.01061829133478,
136752,1.01252290234237,
136754,0.942729527579834,
136756,0.964329226270267,
136758,1.01847844665178,
136760,1.00174220751501,
136762,0.935824306226601,
136764,0.930143981468404,
136766,0.867795436317081,
136768,0.884002288447561,
136770,0.849271717511168,
136772,0.958476457531599,
136774,1.00021819766016,
136776,1.05558996114158,
136778,1.03286329989641,
136780,0.961152395324499,
136782,0.791542852803403,
136784,0.976920573981297,
136786,1.44527785073601,
136788,1.51513171909093,
136790,1.74937064204754,
136792,1.59320845856343,
136794,1.40817048033688,
136796,1.39104565685498,
136798,1.32790430677003,
136800,1.27696451941647,
136802,1.05716644822536,
136804,1.13824729955372,
136806,1.20813298319049,
136808,1.14505450746029,
136810,1.13315734487512,
136812,1.11362870401631,
136814,1.02977371039775,
136816,2.26528004086269,
136818,2.19541697827461,
136820,2.29916307565155,
136822,3.94841105665725,
136824,2.33895269050491,
136826,2.10121887790473,
136828,2.07107139232101,
136830,2.16253720889044,
136832,1.68810663531472,
136842,1.11598590029733,
136852,0.971772104268121,
136853,0.71783050270999,
136854,0.789393260421095,
136855,0.814150897256721,
136856,0.686614200256567,
136857,0.600488109927235,
136858,0.799688414892363,
136859,0.513452316715834,
136860,0.446584503074542,
136861,0.703915990373141,
136862,0.651817458202312,
136863,0.717007720689093,
136864,0.743934779878417,
136865,0.677736771610395,
136866,0.52180556011374,
136867,0.57017990213147,
136868,0.560071625464272,
136869,0.470922874777198,
136870,0.497793731544084,
136871,0.542528510170586,
136872,0.525846986501345,
136873,0.505870962060336,
136874,0.403873417327585,
136875,0.423131052543204,
136876,0.565998569139236,
136877,0.486659525973142,
136878,0.46996122136803,
136879,0.446124333913498,
136880,0.392510296890014,
136881,0.436075777984585,
136882,0.416016969157352,
136883,0.399483306689955,
136884,0.430647432406814,
136885,0.385808701131064,
136886,0.3438346658083,
136887,0.330554735206,
136888,0.478093994336205,
136889,0.477091991774442,
136890,0.441439241340878,
136891,0.479820448120247,
136892,0.454254685808529,
136893,0.509755638986928,
136894,0.482971333068881,
136895,0.440756895500454,
136896,0.462317475644014,
136897,0.431183780444176,
136898,0.396520186409103,
136899,0.497411676142979,
136900,0.502504889210588,
136901,0.389081305941723,
136902,0.501111148694219,
136903,0.513204525352994,
136904,0.421335948854068,
136905,0.424148050248533,
136906,0.390319709514149,
136907,0.354870968291024,
136908,0.395603914774882,
136909,0.37667017161612,
136910,0.313962573706718,
136911,0.421424574413804,
136912,0.364022220118292,
136913,0.399310400562956,
136914,0.383337795669089,
136915,0.375190492505386,
136916,0.314173335921518,
136917,0.338412431911114,
136918,0.46923564897502,
136919,0.473665353493415,
136920,0.41603589768983,
136921,0.466405508692539,
136922,0.469140237267514,
136923,0.367335149061837,
136924,0.435479659132468,
136925,0.313616493444757,
136926,0.282164871796699,
136927,0.310033575457489,
136928,0.62120038909632,
136929,0.770928806344536,
136930,0.845086061682125,
136931,0.53590886751222,
136932,0.545259116624573,
136933,1.04494704586895,
136934,1.82996976185167,
136935,1.50220339021078,
136936,1.24450760355098,
136937,1.35864766363305,
136938,1.38674683189147,
136939,1.31810730894878,
136940,1.1070723853913,
136941,0.955012836770525,
136942,0.91492290515398,
136943,0.946633415813898,
136944,0.930635631903758,
136945,0.284978944727661,
136946,0.788642237844192,
136947,0.781622739709838,
136948,0.7332873101983,
136949,0.806494112061663,
136950,1.05287400366187,
136951,0.980458162425673,
136952,0.398838325545489,
136953,0.273873211574136,
136954,0.809314437341244,
136955,0.293541762202403,
136956,0.302111348190634,
136957,1.55146522104558,
136958,0.531261870514874,
136959,0.779836240049154,
136960,0.257612931690684,
136961,0.287235259811906,
136962,0.433197428661976,
136963,0.196679216405494,
136964,1.058421469312,
136965,1.39972917984467,
136966,2.3561344333872,
136967,2.25091797210546,
161761,7.26906749383861,0.495
161763,6.39309665416476,0.495
161765,5.89898943924017,0.495
161767,4.7679901628411,0.495
161769,5.6517076925405,0.495
161771,4.67249834796408,0.495
161773,6.17626896037237,0.495
161775,5.22912482265722,0.495
161777,5.99511675311112,0.495
161779,3.89411682648291,0.495
161781,4.44773506748063,0.495
161783,4.33280898972533,0.495
161785,6.0555069345895,0.495
161787,5.4124063943619,0.495
161789,5.71845925228935,0.495
161791,4.6277295923446,0.495
161793,5.46269920567458,0.495
161795,4.98012854118693,0.495
161797,6.2971479033314,0.495
161799,5.12195824158521,0.495
161801,6.13477573634415,0.495
161803,5.59000532973549,0.495
161805,6.31804348065456,0.495
161807,5.61177406699017,0.495
161809,5.55036437126717,0.495
161811,5.15336908810589,0.495
161813,5.94619994512684,0.495
161815,5.01317325156951,0.495
161817,5.54366707068141,0.495
161819,5.00835778502005,0.495
161821,5.35991185944398,0.495
161823,5.64001102846347,0.495
161825,6.02133205973638,0.495
161827,5.85309634330505,0.495
161829,5.91125553925065,0.495
161831,4.97944811911166,0.495
161833,5.40655282800929,0.495
161835,6.55271269666963,0.495
161837,5.71064441128622,0.495
161839,4.59070775560584,0.495
161841,6.02968509140882,0.495
161843,5.78397871421546,0.495
161845,6.5014866175707,0.495
161847,5.79089332252267,0.495
161849,4.95680938363403,0.495
161851,4.46228490147325,0.495
161853,4.65681099197257,0.495
161855,4.74700928229009,0.495
161857,5.14277497900274,0.495
161859,5.1698560872766,0.495
161861,6.32370823580863,0.495
161863,6.23138689025862,0.495
161865,6.70324452687578,0.495
161867,6.3742606683332,0.495
161869,6.95841449486165,0.495
161871,6.07035137255257,0.495
161873,7.3099170894568,0.495
161875,6.41348033901007,0.495
161877,5.42421420760294,0.495
161879,5.54014706176849,0.495
161881,6.09578905371389,0.495
161883,5.76808659496057,0.495
161885,4.97215166909486,0.495
161887,5.24552223376974,0.495
161889,5.09120732375513,0.495
161891,4.97989128225952,0.495
161893,5.71866336342612,0.495
161895,4.96646943397491,0.495
161897,6.11856084458054,0.495
161899,4.30667663664434,0.495
161901,3.84558856032412,0.495
161903,3.42544562141099,0.495
161905,3.8677673052352,0.495
161907,3.90770755191552,0.495
161909,5.29249894543044,0.495
161911,5.36800265852231,0.495
161913,5.66355066954666,0.495
161915,4.16482681951368,0.495
161917,5.92132335726881,0.495
161919,4.41066632485426,0.495
161921,4.56425492164691,0.495
161923,5.55237281517308,0.495
161925,6.75404738824183,0.495
161927,5.60441302476767,0.495
161929,5.25461201688634,0.495
161931,4.68699546762275,0.495
161933,5.10773163187252,0.495
161935,4.21897262297718,0.495
161937,4.67169536505118,0.495
161939,4.90194117454271,0.495
161941,4.56401111859564,0.495
161943,4.35128230432986,0.495
161945,4.67473315420601,0.495
161947,4.75486015862037,0.495
161949,4.90789540319634,0.495
161951,4.4389240116687,0.495
161953,5.38588368814083,0.495
161955,4.92856156712153,0.495
161957,5.40838505419207,0.495
161959,5.96197638862353,0.495
161961,6.45063979126528,0.495
161963,6.44729871407294,0.495
161965,6.92956279817008,0.495
161967,6.3722565280911,0.495
161969,6.78217908650271,0.495
161971,6.49406358214243,0.495
161973,6.43840335789582,0.495
161975,5.60282369200799,0.495
161977,4.54824641533926,0.495
161979,4.08025143992774,0.495
161981,4.19311509373772,0.495
161983,3.93526388996729,0.495
161985,4.40415959152154,0.495
161987,4.2946221092398,0.495
161989,4.35814137419077,0.495
161991,4.5575043453076,0.495
161993,5.18170376986555,0.495
161995,5.44216973369735,0.495
161997,6.68148955769393,0.495
161999,6.23432727359751,0.495
162001,5.82386621667255,0.495
162003,5.03209503527679,0.495
162005,4.58427474056007,0.495
162007,4.53283235890403,0.495
162009,5.44908767606874,0.495
162011,5.93029992837014,0.495
162013,6.46977711259875,0.495
162015,5.35364333797138,0.495
162017,6.19986257755254,0.495
162019,5.59550518257988,0.495
162021,4.99950977602892,0.495
162023,3.99617938963779,0.495
162025,6.32161120177656,0.495
162027,5.86345015327103,0.495
162029,5.76870143930216,0.495
162031,4.95167336784691,0.495
162033,5.39011208638886,0.495
162035,4.40439126277284,0.495
162037,4.93601389668057,0.495
162039,4.22197774458447,0.495
162041,4.52042789549475,0.495
162043,4.31918824344941,0.495
162045,4.62486149854957,0.495
162047,4.6599654297517,0.495
162049,4.80316656254895,0.495
162051,5.13428113555143,0.495
162053,5.5843164249847,0.495
162055,4.35128230432986,0.495
162057,4.40094352735785,0.495
162059,3.94642375009833,0.495
162061,4.49763720184468,0.495
162063,4.20516119773363,0.495
162065,4.99494468072228,0.495
162067,5.4751289349265,0.495
162069,5.19230754009732,0.495
162070,4.49083333706618,0.495
162072,5.41110872361142,0.495
162074,4.38779353583263,0.495
162076,4.92313831721868,0.495
162078,5.27165053034169,0.495
162080,5.38416627092999,0.495
162082,4.15910074553294,0.495
162084,3.99922661794551,0.495
162086,3.86854366091233,0.495
162088,4.03749110684634,0.495
162090,3.79376668795795,0.495
162092,4.20936088325157,0.495
162094,4.08498939423537,0.495
162096,4.16324655628031,0.495
162098,4.39177800976841,0.495
162100,4.22203791071547,0.495
162102,4.06893123585523,0.495
162104,4.14034579145736,0.495
162106,3.64009953352204,0.495
162108,4.50940387675333,0.495
162110,4.06406690913043,0.495
162112,4.60211974739182,0.495
162114,3.95014290415497,0.495
162116,4.35272774499435,0.495
162118,3.98317722886003,0.495
162120,4.20520212360093,0.495
162122,4.4087558099437,0.495
162124,4.56947642122325,0.495
162127,4.99548537147967,0.495
162130,4.4946782164355,0.495
162132,5.20418680655118,0.495
162134,4.39335264501919,0.495
162136,5.30988650767688,0.495
162138,4.64834726165031,0.495
162140,4.30745128710798,0.495
162142,4.57058197374182,0.495
162145,4.82107143955303,0.495
162147,5.34104062420346,0.495
162149,4.27098898411894,0.495
162152,4.93269639866516,0.495
162154,6.71316186831871,0.495
162156,4.34464826681127,0.495
162158,4.29189737115846,0.495
162160,4.63656990764879,0.495
162162,4.42748206767703,0.495
162164,4.49470518509811,0.495
162166,4.40002331656127,0.495
162168,4.32385513950518,0.495
162170,4.25239649291336,0.495
162172,4.1864098911554,0.495
162174,4.25972280939695,0.495
162176,4.07124760687727,0.495
162178,4.00308578481794,0.495
162180,4.1320571368831,0.495
162182,3.95148537481976,0.495
162184,4.04331938170645,0.495
162186,3.96038696729787,0.495
162188,4.23681146987414,0.495
162190,4.04412932693434,0.495
162192,4.11914912548322,0.495
162194,3.99563764409502,0.495
162196,3.87740211470614,0.495
162198,3.79500445431677,0.495
162200,4.02630569581501,0.495
162202,3.89320599333207,0.495
162204,3.8342545165145,0.495
162206,3.7703839279609,0.495
162208,3.92970469347787,0.495
162210,3.70003558482432,0.495
162212,3.85144674534211,0.495
162214,3.76519225089815,0.495
162216,3.88763627668907,0.495
162218,3.89999956398673,0.495
162220,4.07117899207921,0.495
162222,3.84240240423797,0.495
162224,3.97647703502502,0.495
162226,3.88530727508598,0.495
162228,4.20611386278478,0.495
162230,3.883762000177,0.495
162232,3.70221298092481,0.495
162234,3.71271612059532,0.495
162236,3.76472757086524,0.495
162238,3.70584525495151,0.495
162240,3.74785787516385,0.495
162242,3.69616190472494,0.495
162244,4.15047269238626,0.495
162246,3.86633860608636,0.495
162248,3.86932213488598,0.495
162250,3.8993469349726,0.495
162252,4.00283752117181,0.495
162254,3.7220785247884,0.495
162256,3.99896292746231,0.495
162258,4.07756842275947,0.495
162260,4.02723189479186,0.495
162262,4.05556665575246,0.495
162264,4.10081953705688,0.495
162266,4.06692132037465,0.495
162268,4.31660592743802,0.495
162270,4.10111672481208,0.495
162272,4.53141037164577,0.495
162274,4.0884165762393,0.495
162276,3.99022991023556,0.495
162278,3.95370504639941,0.495
162280,3.86875935315496,0.495
162282,3.96914641141377,0.495
162284,4.03278534565262,0.495
162286,4.01822655379106,0.495
162288,4.01430641929061,0.495
162290,4.1212630679475,0.495
162292,3.97682268174989,0.495
162294,4.06851517950662,0.495
162296,3.88803519407451,0.495
162298,4.01713451383145,0.495
162300,4.34644642809227,0.495
162302,5.17791592905635,0.495
162304,5.41860451150834,0.495
162306,5.05764443601171,0.495
162308,5.40241219637755,0.495
162310,5.03888147131432,0.495
162312,4.66620912429366,0.495
162314,4.3831932243353,0.495
162316,4.08705529254541,0.495
162318,4.06847419409571,0.495
162320,4.07486985147262,0.495
162322,3.97489685962798,0.495
162324,4.17979582760808,0.495
162326,4.15714214719771,0.495
162328,3.98629130718263,0.495
162330,3.89914156309537,0.495
162332,4.06164175880871,0.495
162334,3.80960439749382,0.495
162336,3.99191397789414,0.495
162338,4.00050026671516,0.495
162340,4.15189610189343,0.495
162342,4.1902563812242,0.495
162344,4.14738705715871,0.495
162346,4.16888262117036,0.495
162348,4.3827384741554,0.495
162350,4.15206037186297,0.495
162352,4.30744074528705,0.495
162354,4.21627369824891,0.495
162356,4.44330840479091,0.495
162358,4.40242425185059,0.495
162360,4.3980746220724,0.495
162362,4.28848715550071,0.495
162364,4.10852265367797,0.495
162366,3.87051514700322,0.495
162368,4.00874034293288,0.495
162370,3.78588012040858,0.495
162372,3.69293226301282,0.495
162374,3.70234753639325,0.495
162376,3.8157777962906,0.495
162378,3.81446427553456,0.495
162380,4.20537600058702,0.495
162382,4.22461113160745,0.495
162384,4.25305818699744,0.495
162386,4.32911694383397,0.495
162388,4.53372901928604,0.495
162390,4.08073831671493,0.495
162392,4.14827326554055,0.495
162394,3.9175261290004,0.495
162396,4.20862835430547,0.495
162398,4.19291139751218,0.495
162400,4.29915017919475,0.495
162402,4.09502328165092,0.495
162404,4.15868357047595,0.495
162406,4.10757885832889,0.495
162408,4.43333270543142,0.495
162410,4.30209727870703,0.495
162412,4.52950223146513,0.495
162414,4.00059838156023,0.495
162416,4.45703653093122,0.495
162418,4.20056872057205,0.495
162420,4.72385542888802,0.495
162422,4.26283485742875,0.495
162424,4.41393449767956,0.495
162426,4.18533082611906,0.495
162428,4.48267465868229,0.495
162430,4.15041459481863,0.495
162432,4.46506518868964,0.495
162434,4.34557680010944,0.495
162436,4.65765783074716,0.495
162438,4.17647103616355,0.495
162440,4.37848384855374,0.495
162442,5.35064357827089,0.495
246706,1.2405238095238,
246707,1.12639999999999,
246708,1.12714999999999,
246709,1.1162,
246710,1.21642857142857,
246711,1.1885,
246712,1.17179999999999,
246713,1.01895,
246714,1.0456,
246715,0.993238095238095,
246716,0.850799999999999,
246717,0.94705,
246718,1.0896,
246719,1.0699,
246720,1.22947619047619,
246721,1.0653,
246722,1.06579999999999,
246723,0.9864,
246724,1.0243,
246725,1.05542857142857,
246726,0.899349999999999,
246727,1.0478,
246728,1.06935,
246729,1.2197,
246730,1.18509523809523,
246731,1.26209999999999,
246732,1.221,
246733,1.0441,
246734,0.970399999999999,
246735,0.940047619047618,
246736,0.89565,
246737,0.889449999999999,
246738,0.9189,
246739,1.09514285714285,
246740,0.97455,
246741,0.863799999999999,
246742,0.8996,
246743,1.0772,
246744,0.972142857142857,
246745,0.964499999999999,
246746,0.995599999999999,
246747,0.966699999999999,
246748,0.943599999999999,
246749,1.02604761904761,
246750,1.199,
246751,1.02329999999999,
246752,1.0043,
246753,1.07684999999999,
246754,1.02957142857142,
246755,0.92975,
246756,0.8509,
246757,1.0409,
246758,1.06389999999999,
246759,1.104,
246760,1.30959999999999,
246761,1.1953,
246762,1.0813,
246763,1.0734,
246764,1.10347619047619,
246765,0.96155,
246766,1.06554999999999,
246767,1.01214999999999,
246768,1.007,
246769,1.09171428571428,
246770,0.93825,
246771,0.942799999999999,
246772,0.930199999999999,
246773,0.96447619047619,
246774,1.01185,
246775,1.0372,
246776,0.9094,
246777,0.894699999999999,
246778,0.910380952380952,
246779,0.9345,
246780,0.966,
246781,1.0477,
246782,0.92835,
246783,0.929285714285714,
246784,0.884699999999999,
246785,0.873599999999999,
246786,1.03165,
246787,0.9286,
246788,0.81447619047619,
246789,1.02365,
246790,1.10485,
246791,0.97445,
246792,0.9291,
246793,0.830238095238095,
246794,0.888299999999999,
246795,0.90515,
246796,0.9473,
246797,0.934249999999999,
246798,0.931952380952381,
246799,0.9288,
246800,0.92235,
246801,1.08535,
246802,0.9554,
246803,0.876047619047619,
246804,0.86255,
246805,0.8424,
246806,0.886599999999999,
246807,0.966333333333333,
246808,0.9206,
246809,0.820299999999999,
246810,0.9262,
246811,0.9114,
246812,0.841,
246813,0.8592,
246814,0.86695,
246815,0.8895,
246816,1.12655,
246817,0.972,
246818,0.91045,
246819,0.81965,
246820,0.8621,
246821,1.03689999999999,
246822,0.92247619047619,
246823,0.8902,
246824,1.1533,
246825,1.06205,
246826,0.9618,
246827,0.892142857142857,
246828,1.00495,
246829,0.9635,
246830,0.9052,
246831,0.952599999999999,
246832,0.926333333333333,
246833,0.949809523809523,
246834,0.8103,
246835,0.94445,
246836,1.10623809523809,
246837,0.89647619047619,
246838,1.12325,
246839,0.9807,
246840,0.94295,
246841,0.985333333333333,
246842,0.93255,
246843,1.02455,
246844,1.00315,
246845,0.965649999999999,
246846,0.934666666666666,
246847,1.13524999999999,
246848,1.13055,
246849,0.9418,
246850,0.80525,
246851,0.88147619047619,
246852,0.7101,
246853,0.77245,
246854,0.879749999999999,
246855,0.84915,
246856,0.792095238095238,
246857,1.08104999999999,
246858,0.9888,
246859,0.9299,
246860,1.14314999999999,
246861,1.1536,
246862,1.1445,
246863,0.98345,
246864,0.830349999999999,
246865,0.98095,
246866,1.09957142857142,
246867,1.07009999999999,
246868,1.0976,
246869,0.982499999999999,
246870,0.863285714285714,
246871,0.8972,
246872,0.800199999999999,
246873,0.7551,
246874,0.734749999999999,
246875,0.835714285714285,
246876,0.899799999999999,
246877,0.945,
246878,1.1328,
246879,1.09315,
246880,0.822285714285714,
246881,0.864949999999999,
246882,0.9839,
246883,0.945799999999999,
246884,0.79805,
246885,0.892047619047619,
246886,0.8542,
246887,0.9162,
246888,0.886749999999999,
246889,0.89435,
246890,0.905761904761904,
246891,1.03565,
246892,1.02915,
246893,1.04759999999999,
246894,0.8751,
246895,0.781571428571428,
246896,0.86525,
246897,1.05674999999999,
246898,0.9381,
246899,1.3613,
246900,1.21619047619047,
246901,1.2143,
246902,1.2428,
246903,1.4804,
246904,1.3735238095238,
246905,1.5327,
246906,1.3584,
246907,1.08425,
246908,1.0526,
246909,1.0177619047619,
246910,1.30704999999999,
246911,1.17699999999999,
246912,1.06325,
246913,1.0351,
246914,1.18180952380952,
246915,1.196,
246916,0.87405,
246917,0.976549999999999,
246918,0.77695,
246919,0.890047619047619,
246920,1.10465,
246921,0.946199999999999,
246922,0.924049999999999,
246923,0.95565,
246924,1.07947619047619,
246925,1.38645,
246926,1.1202,
246927,0.869499999999999,
246928,1.2113,
246929,0.931380952380952,
246930,0.8425,
246931,0.818,
246932,0.725299999999999,
246933,0.8398,
246934,0.82747619047619,
246935,0.7201,
246936,0.83945,
246937,0.803099999999999,
246938,0.804523809523809,
246939,0.96705,
246940,0.87715,
246941,0.90785,
246942,1.1617,
246943,1.41809523809523,
246944,1.32649999999999,
246945,1.07505,
246946,0.946299999999999,
246947,0.942833333333333,
246951,0.926666666666666,
246952,1.24314285714285,
246953,0.995649999999999,
246954,0.78545,
246955,0.9622,
246956,0.8885,
246957,0.804952380952381,
246958,0.81,
246959,0.82875,
246960,1.0056,
246961,1.1723,
246962,1.35866666666666,
246963,1.1356,
246964,1.00109999999999,
246965,0.791499999999999,
246966,0.855249999999999,
246967,0.792238095238095,
246968,0.9676,
246969,1.02749999999999,
246970,0.9506,
246971,0.865142857142857,
246972,0.82547619047619,
246973,0.988399999999999,
246974,0.977199999999999,
246975,0.7262,
246976,0.772523809523809,
246977,0.897449999999999,
246978,0.981399999999999,
246979,0.82365,
246980,1.09265,
246981,1.05828571428571,
246982,1.07355,
246983,1.01784999999999,
246984,1.04679999999999,
246985,1.37165,
246986,1.26133333333333,
246987,1.0702,
246988,0.9501,
246989,0.9286,
246990,0.73845,
246991,0.841809523809523,
246992,0.9511,
246993,1.14744999999999,
246994,1.1271,
246995,1.27054999999999,
246996,1.00404761904761,
246997,0.89375,
246998,0.931349999999999,
246999,0.9662,
247000,0.90545,
247001,0.946523809523809,
247002,1.10829999999999,
247003,1.27965,
247004,0.957149999999999,
247005,0.963809523809523,
247006,1.05205,
247007,0.784555555555555,
247008,0.8657,
247009,0.8609,
247010,0.893190476190476,
247011,0.850799999999999,
247012,0.82125,
247013,0.875349999999999,
247014,1.0511,
247015,0.931619047619047,
247016,1.02945,
247017,0.72075,
247018,0.8903,
247019,0.8183,
247020,0.881285714285714,
247021,1.0793,
247022,0.95905,
247023,0.77605,
247024,0.982599999999999,
247025,0.882380952380952,
247026,1.04895,
247027,1.09915,
247028,1.07525,
247029,0.99055,
247030,1.25895238095238,
247031,1.01969999999999,
247032,0.947699999999999,
247033,0.9899,
247034,0.862,
247035,0.857619047619047,
247036,0.9872,
247037,0.938149999999999,
247038,0.774,
247039,0.815428571428571,
247040,0.8134,
247041,0.935249999999999,
247042,0.845299999999999,
247043,0.9182,
247044,0.748,
247045,0.873899999999999,
247046,0.73385,
247047,0.8943,
247048,0.7545,
247049,0.91947619047619,
247050,0.790149999999999,
247051,0.98285,
247052,0.9059,
247053,0.82095,
247054,0.819285714285714,
247055,0.9206,
247056,0.65525,
247057,0.809499999999999,
247058,1.00325,
247059,1.21185714285714,
247060,0.89675,
247061,0.909349999999999,
247062,0.90585,
247063,0.796,
247064,0.862619047619047,
247065,0.79015,
247066,0.88795,
247067,0.761999999999999,
247068,0.818238095238095,
247069,0.784857142857143,
247070,0.9341,
247071,1.0428,
247072,0.9994,
247073,1.15823809523809,
247074,1.1407,
247075,1.12005,
247076,1.03355,
247077,1.01115,
247078,0.98047619047619,
247079,0.82055,
247080,0.778349999999999,
247081,0.92765,
247082,0.759149999999999,
247083,0.914809523809524,
247084,0.8551,
247085,0.9779,
247086,1.2601,
247087,1.05925,
247088,0.862857142857142,
247089,0.965699999999999,
247090,0.95465,
247091,0.975449999999999,
247092,0.9102,
247093,0.838238095238095,
247094,0.858799999999999,
247095,0.86725,
247096,0.9515,
247097,0.813599999999999,
247098,0.905190476190476,
247099,0.78455,
247100,0.9971,
247101,1.214,
247102,1.16628571428571,
247103,0.926190476190476,
247104,0.908299999999999,
247105,0.8209,
247106,0.9215,
247107,0.983142857142857,
247108,1.0212,
247109,0.841799999999999,
247110,0.9451,
247111,1.1848,
247112,0.881666666666666,
247113,0.916249999999999,
247114,0.96,
247115,0.9541,
247116,0.8095,
247117,0.933285714285714,
247118,0.972699999999999,
247119,0.953899999999999,
247120,0.995699999999999,
247121,0.88415,
247122,0.95595238095238,
247123,1.12405,
247124,1.04259999999999,
247125,0.9479,
247126,0.9976,
247127,1.012,
247128,1.07574999999999,
247129,1.105,
247130,1.1522,
247131,1.08064999999999,
247132,1.28157142857142,
247133,1.4906,
247134,1.69249999999999,
247135,1.46549999999999,
247136,1.49657142857142,
247137,1.38674999999999,
247138,1.36409999999999,
247139,1.3933,
247140,1.2926,
247141,1.27285714285714,
247142,1.23625,
247143,1.2738,
247144,1.2684,
247145,1.2912,
247146,1.33280952380952,
247147,1.40994999999999,
247148,1.26739999999999,
247149,1.18205,
247150,1.0967,
247151,1.04328571428571,
247152,1.17394999999999,
247153,1.18215,
247154,1.1049,
247155,1.14965,
247156,1.27838095238095,
247157,1.1167,
247158,1.0457,
247159,0.9963,
247160,1.04135,
247161,1.16380952380952,
247162,0.995049999999999,
247163,0.9803,
247164,1.18484999999999,
247165,1.17205,
247166,1.11980952380952,
247167,1.1056,
247168,1.1057,
247169,1.11435,
247170,1.04966666666666,
247171,1.04805,
247172,1.1564,
247173,1.1404,
247174,0.93755,
247175,1.03995238095238,
247176,1.1553,
247177,1.10085,
247178,1.0792,
247179,1.07485,
247180,1.03509523809523,
247181,1.0332,
247182,1.16624999999999,
247183,1.1264,
247184,1.10055,
247185,0.999857142857142,
247186,1.1483,
247187,1.10075,
247188,1.11825,
247189,1.11865,
247190,1.06171428571428,
247191,1.1662,
247192,1.13334999999999,
247193,1.1153,
247197,1.04372727272727,
247198,0.95665,
247199,0.911,
247200,0.88825,
247201,0.892199999999999,
247202,0.939349999999999,
247203,1.0045,
247204,1.15747619047619,
247205,1.239,
247206,1.1336,
247207,1.1286,
247208,1.1215238095238,
247209,1.04765,
247210,1.01885,
247211,1.0791,
247212,1.1911,
247213,1.16780952380952,
247214,1.22985,
247215,1.25204999999999,
247216,1.2688,
247217,1.31215,
247218,1.07238095238095,
247219,1.12765,
247220,1.09459999999999,
247221,0.99795,
247222,0.950499999999999,
247223,1.00271428571428,
247224,0.98185,
247225,1.0012,
247226,0.972299999999999,
247227,0.940249999999999,
247228,0.917571428571428,
247229,0.99125,
247230,0.9745,
247231,1.09044999999999,
247232,1.06055,
247233,0.94847619047619,
247234,0.987249999999999,
247235,1.01784999999999,
247236,1.082,
247237,1.03495238095238,
247238,1.05171428571428,
247239,1.0449,
247240,1.09494999999999,
247241,1.1181,
247242,1.08728571428571,
247243,1.04045,
247244,0.94725,
247245,0.9695,
247246,1.04904999999999,
247247,1.0337619047619,
247248,0.9917,
247249,0.9256,
247250,0.96235,
247251,0.935549999999999,
247252,0.932714285714285,
247253,0.9352,
247254,1.03595,
247255,1.06369999999999,
247256,0.8998,
247257,0.930857142857142,
247258,0.98125,
247259,0.88915,
247260,0.916949999999999,
247261,0.945299999999999,
247262,0.983428571428571,
247263,1.12054999999999,
247264,1.0908,
247265,1.0231,
247266,1.01969999999999,
247267,0.955809523809523,
247268,1.0848,
247269,0.960749999999999,
247270,0.984899999999999,
247271,1.00995238095238,
247272,1.10595,
247273,0.989299999999999,
247274,0.959549999999999,
247275,0.94,
247276,0.982333333333333,
247277,0.917999999999999,
247278,0.9372,
247279,0.888299999999999,
247280,1.07169999999999,
247281,1.06566666666666,
247282,1.00665,
247283,1.03335,
247284,0.99665,
247285,0.988999999999999,
247286,0.976666666666666,
247287,0.974599999999999,
247288,0.976549999999999,
247289,1.03405,
247290,0.95365,
247291,0.984380952380952,
247292,0.917099999999999,
247293,1.0046,
247294,1.0455,
247295,0.9555,
247296,0.994523809523809,
247297,1.0514,
247298,1.21365,
247299,0.9722,
247300,0.93895,
247301,1.03028571428571,
247302,0.8802,
247303,0.86825,
247304,0.965999999999999,
247305,1.0917619047619,
247306,0.9427,
247307,0.878749999999999,
247308,0.8067,
247309,0.86555,
247310,0.820380952380952,
247311,0.83625,
247312,0.736599999999999,
247313,0.937799999999999,
247314,1.08439999999999,
247315,0.915809523809523,
247316,0.98265,
247317,1.05345,
247318,1.0225,
247319,0.9671,
247320,0.945571428571428,
247321,1.0032,
247322,0.9826,
247323,0.929199999999999,
247324,1.09524999999999,
247325,1.00080952380952,
247326,1.09484999999999,
247327,0.95455,
247328,1.16695,
247329,1.07464999999999,
247330,1.11609523809523,
247331,0.97795,
247332,0.91625,
247333,0.895949999999999,
247334,0.993,
247335,0.960285714285714,
247336,0.98885,
247337,1.0468,
247338,1.0369,
247339,1.15509523809523,
247340,0.9637,
247341,0.8916,
247342,0.99045,
247343,0.92875,
247344,0.961,
247345,0.989649999999999,
247346,1.01365,
247347,1.1704,
247348,1.05205,
247349,0.977904761904761,
247350,1.00505,
247351,0.948,
247352,0.9331,
247353,0.973499999999999,
247358,1.34244444444444,
247359,1.01229999999999,
247360,1.1171,
247361,1.1768,
247362,1.23955,
247363,0.972619047619047,
247364,1.09449999999999,
247365,0.9801,
247366,1.05,
247367,1.0919,
247368,1.01619047619047,
247369,1.12095,
247370,1.1278,
247371,1.01775,
247372,0.958285714285714,
247373,0.998380952380952,
247374,0.935049999999999,
247375,0.8809,
247376,0.92225,
247377,1.05685714285714,
247378,0.9417,
247379,1.08325,
247380,1.18365,
247381,1.3668,
247382,1.27719047619047,
247383,1.1657,
247384,1.15945,
247385,1.16075,
247386,1.194,
247387,1.17585714285714,
247388,1.10565,
247389,1.1194,
247390,1.0943,
247391,1.04025,
247392,1.02161904761904,
247393,1.20055,
247394,1.06985,
247395,1.04365,
247396,1.02334999999999,
247397,1.05199999999999,
247398,1.0003,
247399,0.9524,
247400,0.98015,
247401,1.0687,
247402,1.21428571428571,
247403,1.03215,
247404,1.0149,
247405,1.01865,
247406,1.22028571428571,
247407,1.10725,
247408,1.04939999999999,
247409,1.01755,
247410,1.0734,
247411,1.02895238095238,
247412,1.03715,
247413,1.04235,
247414,1.02629999999999,
247415,0.98685,
247416,1.06638095238095,
247417,1.14205,
247418,1.11795,
247419,1.1546,
247420,1.16285,
247421,1.11238095238095,
247422,1.1507,
247423,1.1456,
247424,1.0843,
247425,1.05785,
247426,1.07147619047619,
247427,1.14015,
247428,1.1013,
247429,1.0074,
247430,0.9681,
247431,0.984380952380952,
247432,0.969299999999999,
247433,1.13475,
247434,1.30755,
247435,1.07114999999999,
247436,1.1587619047619,
247437,1.06704999999999,
247438,1.1686,
247439,1.19565,
247440,1.17295238095238,
247441,1.3138,
247442,1.5442,
247443,1.6587,
247444,1.35434999999999,
247445,1.18438095238095,
247446,1.19354999999999,
247447,1.27104999999999,
247448,1.2239,
247449,1.22864999999999,
247450,1.28171428571428,
247451,1.15324999999999,
247452,1.13525,
247453,1.1793,
247454,1.2095,
247455,1.23333333333333,
247456,1.17964999999999,
247457,1.2186,
247458,1.0091,
247459,1.0673,
247460,0.981952380952381,
247461,1.00425,
247462,1.05725,
247463,1.1815,
247464,1.1236,
247465,1.12395238095238,
247466,1.2769,
247467,1.1932,
247468,1.12985,
247469,1.12514285714285,
247470,1.16533333333333,
247471,1.16255,
247472,1.17435,
247473,1.2948,
247474,1.32499999999999,
247475,1.31659999999999,
247476,1.31465,
247477,1.26214999999999,
247478,1.29745,
247479,1.16457142857142,
247480,1.14175,
247481,1.138,
247482,1.09465,
247483,1.0734,
247484,1.24247619047619,
247485,1.19805,
247486,1.2467,
247487,1.2079,
247488,1.21705,
247489,1.23771428571428,
247490,1.27354999999999,
247491,1.19099999999999,
247492,1.0831,
247493,1.03145,
247494,0.997571428571428,
247495,1.02185,
247496,1.20175,
247497,1.19354999999999,
247498,1.0875,
247499,1.09719047619047,
247500,1.07615,
247501,1.0524,
247502,1.08925,
247503,1.06638095238095,
247504,1.06685,
247505,1.12104999999999,
247506,1.0659,
247507,1.00795,
247508,1.1225238095238,
247509,1.16975,
247510,1.0512,
247511,1.06449999999999,
247512,1.07805,
247513,1.18388888888888,
247518,1.30056249999999,
247519,1.03515,
247520,1.1532,
247521,1.0336,
247522,1.04404761904761,
247523,0.95895,
247524,0.9848,
247525,1.12724999999999,
247526,1.12875,
247527,1.02923809523809,
247528,0.9755,
247529,0.95835,
247530,0.994999999999999,
247531,1.16635,
247532,1.17909523809523,
247533,0.97575,
247534,0.9949,
247535,1.0403,
247536,1.0116,
247537,1.0067619047619,
247538,1.15104999999999,
247539,1.09575,
247540,1.025,
247541,0.873904761904762,
247542,1.01635,
247543,1.03505,
247544,0.98075,
247545,0.99755,
247546,0.94647619047619,
247547,1.11384999999999,
247548,1.0493,
247549,0.98795,
247550,0.9647,
247551,1.06995238095238,
247552,1.0311,
247553,1.13685,
247554,1.1627,
247555,1.30775,
247556,1.29138095238095,
247557,1.1657,
247558,1.0891,
247559,1.05905,
247560,1.08564999999999,
247561,1.0525238095238,
247562,1.03745,
247563,1.0282,
247564,0.8672,
247565,0.928999999999999,
247566,0.968714285714285,
247567,0.925649999999999,
247568,0.9663,
247569,1.1,
247570,1.08395,
247571,1.09514285714285,
247572,1.03085,
247573,1.0301,
247574,1.04405,
247575,1.0757619047619,
247576,1.11364999999999,
247577,1.12144999999999,
247578,1.02859999999999,
247579,1.04815,
247580,1.05533333333333,
247581,0.980499999999999,
247582,1.0535,
247583,1.03189999999999,
247584,1.1848,
247585,1.136,
247586,1.12219999999999,
247587,1.01085,
247588,1.15634999999999,
247589,1.1531,
247590,1.02223809523809,
247591,1.0734,
247592,1.0755,
247593,1.23129999999999,
247594,1.17759999999999,
247595,1.02138095238095,
247596,0.90445,
247597,0.8706,
247598,0.949099999999999,
247599,0.923749999999999,
247600,1.17571428571428,
247601,1.4114,
247602,0.9516,
247603,0.901649999999999,
247604,0.955619047619047,
247605,0.936047619047619,
247606,1.0117,
247607,1.02395,
247608,1.13714999999999,
247609,1.03985714285714,
247610,1.2668,
247611,1.13135,
247612,1.06974999999999,
247613,1.25595,
247614,1.34666666666666,
247615,1.3365,
247616,1.37909999999999,
247617,1.28535,
247618,0.982649999999999,
247619,1.06609523809523,
247620,1.19574999999999,
247621,1.24719999999999,
247622,1.14635,
247623,1.13285,
247624,1.27028571428571,
247625,1.31135,
247626,1.206,
247627,1.2572,
247628,1.16344999999999,
247629,1.1565238095238,
247630,1.12289999999999,
247631,1.1338,
247632,1.2216,
247633,1.16125,
247634,1.11509523809523,
247635,1.05475,
247636,1.37665,
247637,1.0753,
247638,1.02133333333333,
247639,0.968499999999999,
247640,1.14384999999999,
247641,1.08344999999999,
247642,1.43535,
247643,1.19119047619047,
247644,1.16375,
247645,1.0915,
247646,1.2428,
247647,1.12155,
247648,1.19490476190476,
247649,1.1206,
247650,1.1381,
247651,1.2024,
247652,1.128,
247653,1.05757142857142,
247654,0.9827,
247655,1.08074999999999,
247656,1.11009999999999,
247657,1.1333,
247658,1.07014285714285,
247659,1.03954999999999,
247660,1.03245,
247661,1.0331,
247662,1.01285,
247663,1.1675238095238,
247664,1.1517,
247665,1.1487,
247666,1.138,
247667,1.16229999999999,
247668,0.99947619047619,
247669,1.0852,
247670,1.18485,
247671,1.10325,
247672,1.03023809523809,
247673,0.946199999999999,
247674,1.03815,
247675,1.02734999999999,
247676,1.07994999999999,
247677,1.13319047619047,
247678,1.0724,
247679,1.01345,
247680,1.1156,
247681,1.06095,
247682,0.985190476190476,
247683,0.9681,
247684,0.93075,
247685,0.985449999999999,
247686,1.0469,
247687,1.03504761904761,
247688,1.1329,
247689,1.0229,
247690,1.00995,
247691,1.1786,
247692,1.26904761904761,
247693,1.16195,
247694,1.15935,
247695,1.2042,
247696,1.19195,
247697,1.21961904761904,
247698,1.28759999999999,
247699,1.06125,
247700,0.9723,
247701,0.966799999999999,
247702,0.953095238095238,
247703,0.96545,
247704,1.01105,
247705,1.1331,
247706,1.06980952380952,
247707,1.04365,
247708,0.977049999999999,
247709,0.941166666666666,
247710,1.11116666666666,
247711,1.044,
247712,1.0318,
247713,1.10279999999999,
247714,0.8685,
247715,0.94525,
247716,0.92095238095238,
247717,0.70575,
247718,0.76715,
247719,0.85305,
247720,0.96115,
247721,0.834095238095238,
247722,0.7941,
247723,0.914599999999999,
247724,0.8451,
247725,0.8935,
247726,0.95995238095238,
247727,0.85485,
247728,0.85445,
247729,0.9271,
247730,1.11219999999999,
247731,0.979285714285714,
247732,0.93135,
247733,0.95245,
247734,1.04825,
247735,0.96895238095238,
247736,1.10057142857142,
247737,1.26445,
247738,1.08789999999999,
247739,1.03255,
247740,1.00333333333333,
247741,0.9132,
247742,0.92835,
247743,0.90115,
247744,0.937149999999999,
247745,0.992190476190476,
247746,1.0153,
247747,1.06355,
247748,1.08355,
247749,1.13045,
247750,1.09690476190476,
247751,1.1092,
247752,1.182,
247753,1.12755,
247754,1.07825,
247755,1.01880952380952,
247756,0.92885,
247757,0.9499,
247758,0.769949999999999,
247759,0.89035,
247760,0.813619047619047,
247761,1.03325,
247762,1.0217,
247763,0.9507,
247764,1.00715,
247765,1.07704761904761,
247766,1.07085,
247767,1.03055,
247768,1.0913,
247769,1.12166666666666,
247770,1.16684999999999,
247771,1.1506,
247772,1.1841,
247773,1.2723,
247774,1.1375238095238,
247775,1.2157,
247776,1.11799999999999,
247777,1.14265,
247778,1.07105,
247779,1.10047619047619,
247780,1.03114999999999,
247781,0.9605,
247782,0.95645,
247783,1.06049999999999,
247784,1.10733333333333,
247785,1.0606,
247789,1.1185,
247790,0.9994,
247791,1.08659999999999,
247792,1.11799999999999,
247793,1.527,
247794,1.0994,
247795,1.22195,
247796,1.23145,
247797,1.14854999999999,
247798,1.10961904761904,
247799,1.3167,
247800,1.30054999999999,
247801,1.25855,
247802,1.16295,
247803,1.19438095238095,
247804,1.1633,
247805,1.18059999999999,
247806,1.18449999999999,
247807,1.33157142857142,
247808,1.331,
247809,1.33885,
247810,1.26124999999999,
247811,1.2345,
247812,1.22599999999999,
247813,1.20149999999999,
247814,1.1306,
247815,1.25195,
247816,1.23525,
247817,1.2757619047619,
247818,1.26845,
247819,1.287,
247820,1.2161,
247821,1.3009,
247822,1.17266666666666,
247823,1.20355,
247824,1.3264,
247825,1.41225,
247826,1.31935,
247827,1.38871428571428,
247828,1.32535,
247829,1.3958,
247830,1.3715,
247831,1.3008,
247832,1.27742857142857,
247833,1.05875,
247834,0.995749999999999,
247835,1.12185,
247836,1.31442857142857,
247837,1.30047619047619,
247838,1.4278,
247839,1.31565,
247840,1.1551,
247841,1.12585714285714,
247842,1.1066,
247843,1.05134999999999,
247844,1.14559999999999,
247845,1.2374,
247846,1.1817619047619,
247847,1.13095,
247848,1.13669999999999,
247849,1.1552,
247850,1.20135,
247851,1.25914285714285,
247852,1.35225,
247853,1.21615,
247854,1.09989999999999,
247855,1.24249999999999,
247856,1.2097619047619,
247857,1.13984999999999,
247858,1.3075,
247859,1.23719999999999,
247860,1.23181818181818,
247861,1.398,
247862,1.0421,
247863,1.12574999999999,
247864,1.16649999999999,
247865,1.19285,
247866,1.20209523809523,
247867,1.29145,
247868,1.39759999999999,
247869,1.48049999999999,
247870,1.71271428571428,
247871,1.53680952380952,
247872,1.52775,
247873,0.9478,
247874,1.0598,
247875,1.07928571428571,
247876,1.09005,
247877,1.38004999999999,
247878,1.4753,
247879,1.19269999999999,
247880,2.81323809523809,
247881,1.05035,
247882,0.946,
247883,1.00665,
247884,1.29205,
247885,1.29538095238095,
247886,1.06584999999999,
247887,1.14929999999999,
247888,1.1545,
247889,1.27385,
247890,1.3985238095238,
247891,1.34179999999999,
247892,1.28305,
247893,1.2074,
247894,1.31455,
247895,1.30023809523809,
247896,1.23739999999999,
247897,1.10665,
247898,1.17835,
247899,0.98605,
247900,1.01323809523809,
247901,0.994199999999999,
247902,1.09675,
247903,1.15705,
247904,1.10095238095238,
247905,1.04815,
247906,1.11459999999999,
247907,1.18254999999999,
247908,1.1016,
247909,1.25357142857142,
247910,1.4289,
247911,1.19965,
247912,1.24989999999999,
247913,1.19469999999999,
247914,1.02214285714285,
247915,1.03694999999999,
247916,1.3818,
247917,1.0778,
247918,1.16744999999999,
247919,1.19028571428571,
247920,1.14754999999999,
247921,1.29385,
247922,1.1632,
247923,1.11905,
247924,0.978809523809523,
247925,1.10635,
247926,1.12209999999999,
247927,1.04405,
247928,1.05395,
247929,1.03890476190476,
247930,0.92085,
247931,0.89875,
247932,0.84275,
247933,0.716249999999999,
247934,0.884571428571428,
247935,0.9053,
247936,0.990049999999999,
247937,0.87955,
247938,1.05357142857142,
247939,1.1266,
247940,1.09265,
247941,1.3246,
247942,0.92495,
247943,1.00214285714285,
247944,1.215,
247945,1.3602,
247946,1.15364999999999,
247947,1.1024,
247948,1.06928571428571,
247949,0.996849999999999,
247950,1.0925294117647,
247954,1.38375,
247955,1.2483,
247956,1.19875,
247957,1.13880952380952,
247958,1.0619,
247959,1.1512,
247960,1.2381,
247961,1.18645,
247962,1.07395238095238,
247963,1.09405,
247964,0.95875,
247965,1.10185,
247966,1.14,
247967,1.24690476190476,
247968,1.19079999999999,
247969,1.14285,
247970,1.1642,
247971,1.28266666666666,
247972,1.34014285714285,
247973,1.29474999999999,
247974,1.23835,
247975,1.21119999999999,
247976,1.09914285714285,
247977,1.25674999999999,
247978,1.31215,
247979,1.1322,
247980,1.1984,
247981,1.10861904761904,
247982,1.11609999999999,
247983,1.14449999999999,
247984,0.92705,
247985,1.12184999999999,
247986,1.24542857142857,
247987,1.2268,
247988,1.18525,
247989,1.13029999999999,
247990,1.0962,
247991,1.1107619047619,
247992,1.218,
247993,1.05999999999999,
247994,0.977449999999999,
247995,1.38165,
247996,1.12019047619047,
247997,1.04564999999999,
247998,1.23424999999999,
247999,1.10019999999999,
248000,1.08585,
248001,1.1815238095238,
248002,1.2771,
248003,1.26569999999999,
248004,1.15625,
248005,1.17095238095238,
248006,1.179,
248007,1.19275,
248008,1.28025,
248009,1.31425,
248010,1.38561904761904,
248011,1.18425,
248012,1.2726,
248013,1.2748,
248014,1.31854999999999,
248015,1.23080952380952,
248016,1.20529999999999,
248017,1.3865,
248018,1.5105,
248019,1.41485,
248020,1.222,
248021,1.1709,
248022,1.32704999999999,
248023,1.3125,
248024,1.24785,
248025,1.19733333333333,
248026,1.12855,
248027,1.12914999999999,
248028,1.0993,
248029,1.21909999999999,
248030,1.3055238095238,
248031,1.2933,
248032,1.30285,
248033,1.34125,
248034,1.30265,
248035,1.29623809523809,
248036,1.4017,
248037,1.25224999999999,
248038,1.12505,
248039,1.01661904761904,
248040,1.15694999999999,
248041,1.03255,
248042,0.94245,
248043,1.09925,
248044,1.21404761904761,
248045,1.13895,
248046,1.24499999999999,
248047,1.2282,
248048,1.2583,
248049,1.2525238095238,
248050,1.1609,
248051,1.1966,
248052,1.11525,
248053,1.0263,
248054,1.00590476190476,
248055,1.07159999999999,
248056,1.10079999999999,
248057,1.19964999999999,
248058,1.2412,
248059,1.34166666666666,
248060,1.34095,
248061,1.3305,
248062,1.31964999999999,
248063,1.09315,
248064,1.21090476190476,
248065,1.21235,
248066,1.1638,
248067,1.1476,
248068,1.0567,
248069,0.934714285714285,
248070,1.02765,
248071,1.09645,
248072,1.2746,
248073,1.19719047619047,
248074,1.2641,
248075,1.2494,
248076,1.33924999999999,
248077,1.168375,
248078,1.15,
248079,1.1777,
248080,1.19645,
248081,1.1342,
248082,1.22765,
248083,1.21157142857142,
248084,1.19865,
248085,1.00069999999999,
248086,1.10765,
248087,1.1827,
248088,1.119,
248089,1.17105,
248090,1.2016,
248091,1.0281,
248092,1.0763,
248093,0.919285714285714,
248094,1.2435,
248095,1.24034999999999,
248096,1.45635,
248097,1.28865,
248098,1.1885238095238,
248099,1.17525,
248100,1.0778,
248101,1.0891,
248102,1.13219047619047,
248103,1.12538095238095,
248104,1.2607,
248105,1.1246,
248106,1.00695,
248107,1.02547619047619,
248108,0.9776,
248109,0.98705,
248110,0.9914,
248111,1.04349999999999,
248112,1.14166666666666,
248113,1.07995,
248114,1.06545,
248115,1.05559999999999,
248116,1.04784999999999,
248117,1.05771428571428,
248118,1.0043,
248119,1.0843,
248120,1.31595,
248121,1.2788,
248122,1.17347619047619,
248123,1.1835,
248124,1.0887,
248125,1.07635,
248126,1.0464,
248127,1.07642857142857,
248128,0.968999999999999,
248129,0.9702,
248130,1.17133333333333,
248134,1.25966666666666,
248135,1.09125,
248136,0.94195238095238,
248137,1.0356,
248138,1.22375,
248139,1.15775,
248140,1.03933333333333,
248141,1.11404761904761,
248142,1.23329999999999,
248143,1.30355,
248144,1.332,
248145,1.26233333333333,
248146,1.31,
248147,1.29135,
248148,1.41305,
248149,1.3964,
248150,1.26361904761904,
248151,1.23414999999999,
248152,1.16265,
248153,1.1263,
248154,1.13554999999999,
248155,1.13419047619047,
248156,1.1138,
248157,1.0973,
248158,1.27589999999999,
248159,1.3475,
248160,1.11423809523809,
248161,1.12124999999999,
248162,1.28739999999999,
248163,0.9581,
248164,1.03575,
248165,0.934619047619047,
248166,1.18935,
248167,1.1189,
248168,1.08724999999999,
248169,1.15825,
248170,0.936523809523809,
248171,1.06554999999999,
248172,1.2581,
248173,1.23544999999999,
248174,1.25314285714285,
248175,1.08105,
248176,1.22105,
248177,1.20355,
248178,1.2135,
248179,1.22980952380952,
248180,1.26775,
248181,1.08235,
248182,1.129,
248183,1.12304999999999,
248184,1.07857142857142,
248185,1.0588,
248186,1.1477,
248187,1.1747,
248188,1.0216,
248189,1.12828571428571,
248190,1.0415,
248191,1.11555,
248192,1.32579999999999,
248193,1.13265,
248194,1.10166666666666,
248195,1.2643,
248196,1.21224999999999,
248197,1.2471,
248198,1.29475,
248199,1.18723809523809,
248200,1.06599999999999,
248201,1.14365,
248202,1.21125,
248203,1.25015,
248204,1.24285714285714,
248205,1.16864999999999,
248206,1.0396,
248207,1.03759999999999,
248208,1.2545238095238,
248209,1.1643,
248210,1.0563,
248211,1.10134999999999,
248212,1.12865,
248213,1.01128571428571,
248214,0.973899999999999,
248215,0.889799999999999,
248216,0.919099999999999,
248217,1.03765,
248218,0.995095238095238,
248219,1.03615,
248220,0.8993,
248221,0.916,
248222,0.9617,
248223,1.02685714285714,
248224,1.05384999999999,
248225,1.08225,
248226,1.10064999999999,
248227,1.16009999999999,
248228,1.196,
248229,1.2841,
248230,1.2057,
248231,1.37644999999999,
248232,1.375,
248233,1.4985238095238,
248234,1.51444999999999,
248235,1.22899999999999,
248236,1.25185,
248237,1.21090476190476,
248238,1.13604761904761,
248239,0.9993,
248240,0.92525,
248241,1.04829999999999,
248242,1.06414285714285,
248243,1.0551,
248244,0.836899999999999,
248245,0.8412,
248246,0.870499999999999,
248247,0.968333333333333,
248248,1.14545,
248249,1.1430625,
248250,1.03895,
248251,1.0817,
248252,1.04119047619047,
248253,0.919499999999999,
248254,0.997249999999999,
248255,1.03379999999999,
248256,1.02354999999999,
248257,1.03519047619047,
248258,0.84915,
248259,0.9176,
248260,1.006,
248261,1.07664999999999,
248262,1.02471428571428,
248263,1.29995,
248264,1.18844999999999,
248265,1.14233333333333,
248267,1.49745,
248268,1.32633333333333,
248269,1.32445,
248270,1.28145,
248271,1.20685,
248272,1.28905,
248273,1.40147619047619,
248274,1.5234,
248275,1.3436,
248276,1.10625,
248277,1.13649999999999,
248278,1.19309523809523,
248279,1.45945,
248280,1.37225,
248281,1.20234999999999,
248282,1.27835,
248283,1.25,
248284,1.15884999999999,
248285,1.162,
248286,1.28325,
248287,1.42445,
248288,1.32390476190476,
248289,1.34719999999999,
248290,0.937299999999999,
248291,1.10824999999999,
248292,1.16409523809523,
248293,1.205,
248294,1.32389999999999,
248295,1.44764999999999,
248296,1.4452,
248297,1.42733333333333,
248298,1.4408,
248299,1.37975,
248300,1.47425,
248301,1.0934,
248302,1.29442857142857,
248303,1.1875,
248304,0.90915,
248305,0.96955,
248306,1.0901,
248307,0.988761904761905,
248308,1.0119,
248309,1.0919,
248310,1.0668,
248311,1.0749,
248312,1.13157142857142,
248313,1.28134999999999,
248314,1.13565,
248315,1.1247,
248316,0.924249999999999,
248317,0.908095238095238,
248318,1.0875,
248319,1.1973,
248320,1.05749999999999,
248321,1.0299,
248322,0.858857142857142,
248323,1.1418,
248324,1.13914999999999,
248325,1.028,
248326,0.890238095238095,
248327,0.85525,
248328,0.8987,
248329,0.959549999999999,
248330,0.89955,
248331,0.992190476190476,
248332,1.1614,
248333,1.16185,
248334,1.38139999999999,
248335,1.66885,
248336,1.03733333333333,
248337,1.2844,
248338,1.35724999999999,
248339,1.18065,
248340,1.25155,
248341,1.51447619047619,
248342,1.4822,
248343,1.5692,
248344,1.18575,
248345,0.92755,
248346,0.949857142857142,
248347,0.911649999999999,
248348,1.08825,
248349,1.177,
248350,1.19164999999999,
248351,0.927095238095238,
248352,1.41925,
248353,1.49304999999999,
248354,1.29215,
248355,1.18815,
248356,1.23790476190476,
248357,1.25724999999999,
248358,1.32614999999999,
248359,1.3294,
248360,1.42347619047619,
248361,1.35825,
248362,1.0314,
248363,1.08855,
248364,1.1896,
248365,1.12442857142857,
248366,0.979749999999999,
248367,1.03954999999999,
248368,1.1201,
248369,0.9882,
248370,0.892047619047618,
248371,0.99845,
248372,1.0732,
248373,1.21149999999999,
248374,1.30629999999999,
248375,1.21638095238095,
248376,1.3065,
248377,1.3302,
248378,1.39985,
248379,1.36175,
248380,1.29028571428571,
248381,1.27315,
248382,1.23699999999999,
248383,1.0759,
248384,1.25634999999999,
248385,1.07047619047619,
248386,1.21045,
248387,1.19135,
248388,1.1709,
248389,1.06795238095238,
248390,1.05514285714285,
248391,1.14195,
248392,1.28034999999999,
248393,1.3504,
248394,1.36561904761904,
248395,1.25715,
248396,1.31559999999999,
248397,1.38755,
248398,1.11934999999999,
248399,1.03095238095238,
248400,1.0888,
248401,1.0491,
248402,1.02884999999999,
248403,0.996899999999999,
248404,1.23014285714285,
248405,1.31395,
248406,1.19405,
248407,1.1472,
248408,1.04635,
248409,0.956999999999999,
248410,0.921299999999999,
248411,0.89965,
248412,1.00515,
248413,1.07164999999999,
248414,1.02280952380952,
248415,0.90575,
248416,0.8534,
248417,1.07195,
248418,1.1274,
248419,1.08780952380952,
248420,1.11705,
248421,1.1417,
248422,1.1504,
248423,1.14566666666666,
248424,1.06765,
248425,1.06389999999999,
248426,1.12885,
248427,1.08705,
248428,1.02047619047619,
248429,0.8881,
248430,0.9334,
248431,0.985842105263157,
252687,1.99678958688941,0.0322435600987275
252688,2.00902225487343,0.0322435600987275
252689,1.66028494374092,0.00892686972495385
252690,3.48187602241541,0.0322435600987275
252691,1.75792853431744,0.0322435600987275
252692,1.61631658704005,0.00892686972495385
252693,1.55195919213926,0.0322435600987275
252694,1.63237435521295,0.0322435600987275
252695,1.42132585025197,0.00892686972495385
252696,1.63833479843922,0.0322435600987275
252697,1.51749499679562,0.0322435600987275
252698,1.52067829445146,0.00892686972495385
252699,2.17520455459206,0.0322435600987275
252700,1.74255915014289,0.0322435600987275
252701,1.49197652795363,0.00892686972495385
252702,1.68022164534245,0.0322435600987275
252703,1.65845663179524,0.0322435600987275
252704,1.48513289652015,0.00892686972495385
252705,1.60607684736379,0.0322435600987275
252706,1.71690738815285,0.0322435600987275
252707,1.54557787661125,0.00892686972495385
252708,2.25004098764042,0.0322435600987275
252709,1.77733267903206,0.0322435600987275
252710,1.84835960127353,0.00892686972495385
252711,2.13330532163788,0.00845832800990431
252712,2.49964800213309,0.0322435600987275
252713,2.06216342099544,0.00892686972495385
252714,2.38573557545682,0.0322435600987275
252715,2.58980512697207,0.0322435600987275
252716,1.97088832791022,0.00892686972495385
252717,2.49675984347817,0.0322435600987275
252718,2.21139121313305,0.0322435600987275
252719,1.7943833492254,0.00892686972495385
252720,1.82920506422771,0.0322435600987275
252721,2.00138080121009,0.0322435600987275
252722,2.20748366454463,0.00892686972495385
252723,2.57813086744351,0.0322435600987275
252724,2.39735301098534,0.0322435600987275
252725,1.90616639921377,0.00892686972495385
252726,2.02333312070178,0.0322435600987275
252727,1.77015790018242,0.0322435600987275
252728,1.45567803033676,0.00892686972495385
252729,1.51705216513294,0.0322435600987275
252730,1.42718280026174,0.0322435600987275
252731,1.21048119585476,0.00892686972495385
252732,1.56333527438172,0.0322435600987275
252733,1.53246669358702,0.00845832800990431
252734,1.82065930972683,0.00892686972495385
252735,1.93369176060645,0.0322435600987275
252736,2.12402294923781,0.0322435600987275
252737,1.46757221130894,0.00892686972495385
252738,1.83714982401934,0.0121684777290189
252739,1.68930253898023,0.0121684777290189
252740,1.33822468818248,0.00892686972495385
252741,1.69715447807603,0.0121684777290189
252742,2.03529191965266,0.0121684777290189
252743,1.51292160874229,0.00892686972495385
252744,1.85109936564386,0.0121684777290189
252745,2.38745266189376,0.0121684777290189
252746,1.98518952527511,0.0203209379519991
252747,2.31689865025348,0.00845832800990431
252748,2.33745573716618,0.0121684777290189
252749,2.07893845673779,0.0203209379519991
252750,2.64129108095999,0.0121684777290189
252751,2.79695960496912,0.0121684777290189
252752,2.27556380625658,0.0203209379519991
252753,2.3498679684362,0.0121684777290189
252754,2.92577253977228,0.0121684777290189
252755,3.44768215456366,0.0203209379519991
252756,78.836251881506,0.0121684777290189
252757,3.72482132393158,0.0121684777290189
252758,2.9184648758337,0.0203209379519991
252759,3.64783177931204,0.0121684777290189
252760,3.24894858545486,0.0121684777290189
252761,3.05606749715714,0.0203209379519991
252762,2.23340236019404,0.0121684777290189
252763,1.496799487469,0.0121684777290189
252764,1.65367496458735,0.0203209379519991
252765,1.94391304716683,0.0121684777290189
252766,1.58743561160024,0.00845832800990431
252767,1.60952268699397,0.0203209379519991
252768,1.99931029680635,0.0121684777290189
252769,2.00884625086088,0.0121684777290189
252770,1.87520861499295,0.0203209379519991
252771,2.12779658775257,0.0121684777290189
252772,2.11078714341919,0.0121684777290189
252773,1.84467355010639,0.0203209379519991
252774,2.11552420731788,0.0121684777290189
252775,2.07015282437611,0.0121684777290189
252776,2.05801437944366,0.0203209379519991
252777,2.21184033136886,0.0121684777290189
252778,2.49231726439694,0.00845832800990431
252779,2.37051651973229,0.0203209379519991
252780,2.27189694181844,0.00845832800990431
252781,2.54304152828992,0.0121684777290189
252782,2.1923617428629,0.0203209379519991
252783,2.88869345355014,0.0121684777290189
252784,2.49367184401177,0.0121684777290189
252785,2.78748124170275,0.0203209379519991
252786,3.1244583960356,0.0121684777290189
252787,2.74965962692067,0.0121684777290189
252788,1.89961291483458,0.0203209379519991
252789,1.75155890577847,0.0121684777290189
252790,1.70384235906366,0.0121684777290189
252791,1.59409634348307,0.0203209379519991
252792,2.34640783655111,0.0121684777290189
252793,2.13095690606295,0.0121684777290189
252794,1.97320839367096,0.0203209379519991
252795,2.25518077653344,0.0121684777290189
252796,1.92277838976848,0.0121684777290189
252797,1.61433473430184,0.0203209379519991
252798,2.20370699550831,0.0121684777290189
252799,2.53361891671123,0.0121684777290189
252800,2.30972756469551,0.0203209379519991
252801,2.89215414330501,0.0121684777290189
252802,2.7556431454494,0.0121684777290189
252803,2.50429684399603,0.0203209379519991
252804,2.46240988746146,0.0121684777290189
252805,2.69441880026674,0.0121684777290189
271870,13.8501712087999,1.00701353098263
271871,14.050956185,0.637274358525984
271872,13.05543362,1.48215377884223
271873,13.9725819077999,1.11562682918315
271874,13.696199621,0.974194613992347
271875,13.5874842695999,1.47144252027638
271876,14.1513418338,1.1981987781036
271877,14.1423240105999,1.27395450776375
271878,13.580894459,1.30034223006349
271879,14.7869663266,1.83933895010516
271880,16.4856395484,1.41665086791896
271881,14.8024758413999,2.41584089609117
271882,17.6476032711999,2.63465812639323
271883,16.8577752148,1.79693234036111
271884,14.6634948578899,2.08748871408577
271885,14.7444587567999,1.38510980529314
271886,15.9947336504,0.907178103761298
271887,14.4693858058823,0.88714019328553
271888,16.2742044806,2.48457993660789
271889,14.91673012964,2.74617944201762
271890,15.255001049,1.61684685749735
271891,16.4351252016,1.76804279115668
271892,15.8023798126,2.12802172359389
271893,15.8557779038,2.06268489138199
271894,14.9606712657999,2.3431647125257
271895,16.0807963507,2.59097806142331
271896,18.3162745225999,2.17926826923175
271897,14.3534507709,2.52148177028872
271898,16.8156025809999,1.2147309330406
271899,14.9490397848,2.29861166398541
271900,14.9681131004,1.21338297661092
271901,17.1949238338,1.31845813101919
271902,15.9206116534,2.24612285991765
271903,14.1363002362,1.40803748853136
271904,15.2812372848,1.22110886357705
271905,15.984001509,0.923212154414529
271906,15.4499891724,0.791343380686558
271907,15.2408296368,1.77086258947606
271908,16.2141850807843,1.28990552454408
271909,14.4378104544,0.807415486454896
271910,15.1406991539999,1.39870440118232
271911,15.056768224,2.3322860528812
271912,15.8062020151999,1.8857817373178
271913,12.9748953986,2.12638296748623
298493,0.520763591038751,
298496,0.415604130284914,
298500,0.539194595070711,
298503,0.552197211687249,
298508,0.436699331745709,
298515,0.443673946132666,
298518,0.697393000250357,
298522,0.567171445024694,
298524,0.634014580372547,
298525,0.752125948190373,
298527,0.86752970208251,
298529,1.37548167624018,
298530,0.830166823295482,
298531,0.799611767340886,
298532,0.786924933075005,
298533,0.765193944893148,
298537,0.437577571880769,
298538,0.504933868391292,
298541,0.423662664481795,
298543,0.471853310080411,
298545,0.695355662076073,
298546,0.948250732658322,
298548,0.546757397238188,
298550,0.431029049507026,
298554,0.688797780144029,
298557,0.573790359698359,
298559,0.536692837267502,
298561,0.535973117728109,
298563,0.505240218636499,
298565,0.597074052921566,
298567,0.495017816852954,
298570,0.389226180821553,
298572,0.395383339935437,
298575,0.518355019995925,
298577,0.575444007180079,
298579,0.513665835417869,
298583,0.515924544443432,
298585,0.434267886106021,
298587,0.678602782585477,
298589,0.521384787424818,
298592,0.498534383752166,
298594,0.630126441994952,
298596,0.46006984357395,
298599,0.483491202782286,
298600,0.537023104911962,
298603,0.47925500076001,
298606,0.623243637002738,
298616,0.412103048766337,
298627,0.474321321925074,
298631,0.419780446545089,
298632,1.03512932444527,
298634,0.492340457673622,
298636,0.489351029431544,
298637,0.371382786186815,
298639,0.450606648867478,
298641,0.380875269480971,
298643,0.544000017019834,
298645,0.432232842933446,
298647,0.473140538419639,
298649,0.409216544120971,
298651,0.487143734187303,
298654,0.412621951098618,
298656,0.738591912920379,
298658,0.305618440858083,
298659,0.390155869754252,
298662,0.7835984230553,
298664,0.363950422853469,
298667,0.294041477261265,
298669,0.30817438920979,
298671,0.427582574607368,
298673,0.542944761753547,
298674,0.357122823612004,
298760,0.93826235163249,
298761,1.36187189714232,
298763,1.58516642617131,
298764,1.09982838705933,
298766,1.36147053263897,
298767,1.13356169322982,
298774,0.912535118992426,
298776,0.970819677390369,
298779,1.13485931941922,
298781,0.81732763990937,
298783,0.845251505128996,
298785,0.735664108590933,
298787,0.780645392882864,
298791,0.803389168345658,
298793,0.924666237812018,
298797,0.76511653760015,
298799,1.05289654306944,
298802,0.790018878639983,
298804,0.827967995866855,
298807,0.714520689304159,
298809,0.671892691069063,
298812,0.655067019643621,
298814,0.738851593708248,
298816,0.905550499732668,
298819,0.712302503664427,
298821,0.776321685997207,
298823,0.704178905513061,
298824,0.602468376352036,
298825,0.638793871655993,
298827,0.713847845187146,
298829,0.810092100204523,
298832,0.785701143409709,
298835,0.798511675732844,
298838,0.718167746663802,
298840,0.831,
298842,0.755951745435111,
298845,0.752671379161319,
298847,0.73100833110465,
298849,0.733431185925011,
298852,0.928762837413356,
298854,0.713184848507656,
298857,0.928016232590019,
298860,1.03428004197763,
298864,0.83433329685793,
298866,0.976025072165769,
298869,0.825446772555741,
298871,0.905503655870939,
298872,0.825546379660701,
298873,0.784147857624992,
298874,0.909236325907512,
298876,0.923045265570055,
298878,0.842276605839734,
298880,0.844654297599636,
298881,0.858554139607304,
298882,0.85729880788329,
298884,1.00141792929525,
298886,1.26329232781187,
298887,0.951744422383549,
298888,0.807500856815818,
298890,0.853706329131664,
298891,1.06632242065102,
298892,1.09376182696705,
298893,1.12957003488802,
298894,0.815016880622266,
298896,1.24627461230924,
298897,1.16760644730399,
298899,0.932640611382701,
298900,0.877591265254687,
298903,1.05868473448309,
298905,1.11338400954778,
298907,1.01552048468783,
298912,1.4776018592598,
298917,2.59377882814702,
298927,1.30529424780331,
298931,1.04929696748887,
298935,1.01547687124115,
298941,0.91089740285425,
298943,0.95622203744782,
298944,0.822853183514932,
298946,1.17058273396309,
298947,0.736027646453598,
298950,0.918183947657442,
298954,0.83785897642306,
298960,0.700939453937849,
298963,0.865774392576881,
298968,0.658099783800259,
298974,0.732092189263152,
298979,0.912240633970373,
298983,0.816457085322519,
298988,0.628612619018878,
298993,0.777415644943617,
298997,1.27108073362194,
299002,1.11999203191723,
299006,1.45590769876972,
299010,0.962728780399367,
310227,0.154,0.0
310228,0.1335,0.0045
310229,0.125,0.0
310230,0.123,0.0
310231,0.121,0.000816496580927726
310232,0.119,0.0
310233,0.1215,0.0015
310234,0.127,0.0
310235,0.1315,0.0005
310236,0.1315,0.0005
310237,0.1365,0.0025
310238,0.145,0.0
310239,0.151,0.0
310240,0.1545,0.0005
310241,0.154,0.0
310242,0.153,0.0
310243,0.155,0.002
310244,0.164,0.0
310245,0.175,0.0
310246,0.1935,0.0055
310247,0.205,0.0
310248,0.205,0.0
310249,0.1985,0.0025
310250,0.192,0.0
310251,0.189,0.0
310252,0.1865,0.0005
310253,0.182666666666666,0.00339934634239519
310254,0.158666666666666,0.00736357401145818
310255,0.1445,0.0005
310256,0.146,0.0
310257,0.144,0.001
310258,0.14,0.0
310259,0.1465,0.0035
310260,0.157,0.0
310261,0.164,0.0
310262,0.172,0.00199999999999998
310263,0.175,0.0
310264,0.173,0.0
310265,0.1665,0.0025
310266,0.158,0.0
310267,0.151,0.0
310268,0.1435,0.0015
310269,0.143,0.0
310270,0.15,0.0
310271,0.162,0.003
310272,0.168,0.0
310273,0.17,0.0
310274,0.174,0.002
310275,0.18,0.0
310276,0.186,0.002
310277,0.191,0.0
310278,0.192,0.0
310279,0.1925,0.0005
310280,0.194,0.0
310281,0.196,0.0
310282,0.1945,0.0015
310283,0.186,0.0
310284,0.178,0.0
310285,0.1675,0.0025
310286,0.165,0.0
310287,0.169,0.0
310288,0.1755,0.0015
310289,0.18,0.0
310290,0.182,0.0
310291,0.1865,0.0015
310292,0.191,0.0
310293,0.191,0.0
310294,0.189,0.001
310295,0.187,0.0
310296,0.187,0.0
310297,0.184,0.002
310298,0.176,0.0
310299,0.166,0.0
310300,0.1515,0.0045
310301,0.14,0.0
310302,0.14,0.0
310303,0.15,0.005
310304,0.169,0.0
310305,0.183,0.0
310306,0.2005,0.00449999999999999
310307,0.211,0.0
310308,0.211,0.0
310309,0.2005,0.00449999999999999
310310,0.185,0.0
310311,0.172,0.0
310312,0.156,0.004
310313,0.149,0.0
310314,0.154,0.0
310315,0.180999999999999,0.0122474487139158
310316,0.205,0.0
310317,0.206,0.002
310318,0.196,0.0
310319,0.185,0.0
310320,0.168999999999999,0.00499999999999999
310321,0.157,0.0
310322,0.154,0.0
310323,0.170499999999999,0.00949999999999999
310324,0.198,0.0
310325,0.2165,0.0035
310326,0.212,0.0
310327,0.195,0.0
310328,0.1785,0.0025
310329,0.181,0.0
310330,0.189,0.0
310331,0.195,0.0
310332,0.187,0.0
310333,0.174,0.0
310334,0.159,0.004
310335,0.151,0.0
310336,0.152,0.0
310337,0.1565,0.0015
310338,0.16,0.0
310339,0.159,0.0
310340,0.151,0.003
310341,0.142,0.0
310342,0.138,0.0
310343,0.1395,0.00149999999999998
310344,0.146,0.001
310345,0.148,0.0
310346,0.149,0.0
310347,0.15,0.0
310348,0.154,0.002
310349,0.165,0.0
310350,0.179,0.0
310351,0.196,0.004
310352,0.202,0.0
310353,0.199,0.0
310354,0.193,0.002
310355,0.187,0.0
310356,0.185,0.0
310357,0.184,0.0
310358,0.184,0.0
310359,0.184,0.0
310360,0.1895,0.0025
310361,0.198,0.0
310362,0.2,0.0
310363,0.194,0.003
310364,0.183,0.0
310365,0.173,0.00299999999999998
310366,0.1645,0.0015
310367,0.161,0.0
310368,0.1645,0.0025
310369,0.176,0.0
310370,0.187,0.002
310371,0.187,0.0
310372,0.181,0.0
310373,0.170999999999999,0.00299999999999998
310374,0.166,0.0
310375,0.166,0.0
310376,0.169999999999999,0.00199999999999998
310377,0.178,0.0
310378,0.183,0.0
310379,0.1895,0.0015
310380,0.192,0.0
310381,0.189,0.0
310382,0.1795,0.0035
310383,0.17,0.0
310384,0.164,0.0
310385,0.1625,0.0005
310386,0.168,0.0
310387,0.177,0.0
310388,0.1895,0.0035
310389,0.195,0.0
310390,0.192,0.0
310391,0.179,0.005
310392,0.164,0.0
310393,0.155,0.0
310394,0.148,0.001
310395,0.148,0.0
310396,0.152,0.0
310397,0.161,0.003
310398,0.166,0.0
310399,0.163,0.0
310400,0.1565,0.0015
310401,0.156,0.0
310402,0.162,0.0
310403,0.1725,0.00249999999999998
310404,0.1725,0.00249999999999998
310405,0.16,0.002
310406,0.161,0.0
310407,0.169,0.0
310408,0.177,0.001
310409,0.175,0.0
310410,0.17,0.0
310411,0.163,0.002
310412,0.16,0.0
310413,0.164,0.0
310414,0.1745,0.00349999999999998
310415,0.18,0.0
310416,0.173,0.00399999999999999
310417,0.161,0.0
310418,0.155,0.0
310419,0.154,0.001
310420,0.159,0.0
310421,0.163,0.0
310422,0.170999999999999,0.00299999999999998
310423,0.178,0.0
310424,0.18,0.0
310425,0.1725,0.00349999999999998
310426,0.162,0.0
310427,0.157,0.0
310428,0.1555,0.0005
310429,0.16,0.0
310430,0.166,0.0
310431,0.17,0.0
310432,0.166,0.0
310433,0.16,0.0
310434,0.1495,0.0025
310435,0.147,0.0
310436,0.152,0.0
310437,0.166,0.005
310438,0.178,0.0
310439,0.179,0.0
310440,0.172,0.00399999999999999
310441,0.159,0.0
310442,0.149,0.0
310443,0.1405,0.00149999999999998
310444,0.138,0.0
310445,0.141,0.0
310446,0.1455,0.0015
310447,0.15,0.0
310448,0.15,0.0
310449,0.149,0.0
310450,0.151,0.0
310451,0.156,0.0
310452,0.1625,0.0015
310453,0.163,0.0
310454,0.159,0.0
310455,0.1515,0.0025
310456,0.148,0.0
310457,0.152,0.0
310458,0.165,0.005
310459,0.18,0.0
310460,0.185,0.0
310461,0.1795,0.0035
310462,0.167,0.0
310463,0.156,0.002
310464,0.154,0.0
310465,0.156,0.0
310466,0.165,0.003
310467,0.175,0.0
310468,0.182,0.0
310469,0.187,0.001
310470,0.186,0.0
310471,0.184,0.0
310472,0.1875,0.0025
310473,0.196,0.0
310474,0.198,0.0
310475,0.195,0.002
310476,0.191,0.0
310477,0.192,0.0
310478,0.195,0.001
310479,0.197,0.0
310480,0.195,0.0
310481,0.189,0.002
310482,0.182,0.0
310483,0.177,0.0
310484,0.1745,0.0005
310485,0.179,0.0
310486,0.185,0.0
310487,0.195,0.003
310488,0.203,0.000999999999999987
310489,0.2005,0.0015
310490,0.193,0.002
310491,0.185,0.002
310492,0.178,0.0
310493,0.174,0.0
310494,0.177,0.002
310495,0.185,0.0
310496,0.192999999999999,0.00244948974278318
310497,0.199,0.0
310498,0.204,0.0
310499,0.213,0.003
310500,0.218,0.0
310501,0.216,0.0
310502,0.208,0.003
310503,0.199,0.0
310504,0.192333333333333,0.00205480466765632
310505,0.189,0.0
310506,0.186666666666666,0.000471404520791032
310507,0.191,0.0
310508,0.203,0.00499999999999999
310509,0.219,0.0
310510,0.2285,0.0015
310511,0.2322,0.0016
310512,0.23,0.0
310513,0.218,0.00454606056566195
310514,0.212,0.0
310515,0.213,0.0
310516,0.216,0.001
310517,0.218,0.0
310518,0.219,0.0
310519,0.22,0.001
310520,0.226,0.0
310521,0.231,0.0
310522,0.237,0.001
310523,0.239,0.0
310524,0.24,0.0
310525,0.2365,0.0015
310526,0.23,0.0
310527,0.222,0.0
310528,0.2095,0.0035
310529,0.202,0.0
310530,0.204,0.0
310531,0.2115,0.0025
310532,0.218,0.0
310533,0.219,0.0
310534,0.2215,0.0015
310535,0.227,0.0
310536,0.23,0.0
310537,0.225,0.003
310538,0.212,0.0
310539,0.203,0.0
310540,0.192,0.003
310541,0.186,0.0
310542,0.186,0.0
310543,0.1925,0.0025
310544,0.199,0.0
310545,0.202,0.0
310546,0.2065,0.0015
310547,0.21,0.0
310548,0.211,0.0
310549,0.208,0.002
310550,0.201,0.0
310551,0.192,0.003
310552,0.183,0.0
310553,0.179,0.0
310554,0.177,0.001
310555,0.183,0.0
310556,0.19,0.0
310557,0.201,0.00299999999999998
310558,0.208,0.0
310559,0.21,0.0
310560,0.2045,0.00249999999999998
310561,0.195,0.0
310562,0.187,0.0
310563,0.183,0.0
310564,0.188,0.0
310565,0.197,0.0
310566,0.2165,0.0065
310567,0.233,0.0
310568,0.241,0.0
310569,0.2425,0.0015
310570,0.232,0.0
310571,0.217,0.0
310572,0.1895,0.0085
310573,0.167,0.0
310574,0.159,0.0
310575,0.1585,0.0015
310576,0.166,0.0
310577,0.174,0.0
310578,0.1835,0.0025
310579,0.189,0.0
310580,0.188,0.0
310581,0.186,0.001
310582,0.185,0.0
310583,0.187,0.0
310584,0.1945,0.0025
310585,0.203,0.0
310586,0.209,0.0
310587,0.222,0.005
310588,0.235,0.0
310589,0.239,0.0
310590,0.2365,0.0015
310591,0.232,0.0
310592,0.232,0.0
310593,0.242,0.005
310594,0.255,0.0
310595,0.257,0.0
310596,0.245,0.006
310597,0.226,0.0
310598,0.2095,0.0045
310599,0.198,0.001
310600,0.2035,0.00349999999999998
310601,0.215,0.0
310602,0.222,0.0
310603,0.2255,0.0005
310604,0.222,0.0
310605,0.22,0.0
310606,0.2135,0.0025
310607,0.198,0.005
310608,0.1845,0.0015
310609,0.185,0.0
310610,0.188,0.0
310611,0.1895,0.0005
310612,0.192,0.0
310613,0.197,0.0
310614,0.2075,0.0035
310615,0.216,0.0
310616,0.222,0.0
342288,31.0497,0.0
342289,33.1405105263157,1.14314908817001
342290,34.6747526315789,1.94366512097456
342291,33.9150842105263,1.44817172951682
342292,31.6049736842105,1.50413986186269
342293,31.2411263157894,1.38900485461699
342294,32.1369947368421,1.11638684366537
342295,31.5338263157894,2.15793642358964
342296,30.5214315789473,2.08473603505213
342297,31.3397947368421,2.75555631358546
342298,27.0666299999999,1.81418696172693
342299,30.793147368421,1.37941785065425
342300,27.1738105263157,2.34877517798773
342301,27.4756947368421,2.68065656990256
342302,31.1588526315789,2.52071288545802
342303,31.4543894736842,0.82123896765464
342304,30.1297105263157,1.09430762339757
342305,32.9384578947368,1.36725799718221
342306,37.7036894736842,1.3395532224136
342307,38.5072368421052,2.85426010233835
342308,38.2168999999999,1.64503976182948
342309,36.5172842105263,1.32846378127961
342310,37.5938578947368,2.07976760475926
342311,36.2684210526315,2.20362141164778
342312,36.5481315789473,2.51432477240074
342313,35.6279368421052,2.21401155923633
342314,35.3675947368421,2.24785335246381
342315,34.3653210526315,1.83567095594612
342316,32.8650105263157,1.8722196471722
342317,32.3803210526315,0.932653111786588
342318,33.149145,1.68737761229518
342319,33.3664105263157,1.89676117823452
342320,32.7391368421052,1.22986981433873
342321,35.7037210526315,2.11794872548117
342322,35.0371315789473,2.19436344085972
342323,35.0717421052631,1.3587196776516
342324,34.7768157894736,1.41725291739193
342325,32.6576947368421,1.74411757132478
342326,31.9593210526315,1.58351501698925
342327,34.0380631578947,0.95577809151581
342328,34.02569,1.78092542261039
342329,32.6284052631578,1.7817336476098
342330,31.5686105263157,1.52422227067298
342331,29.108847368421,0.876696912980716
342332,31.4162052631578,1.03945806906325
342333,34.3467421052631,1.87023145663445
342334,35.014847368421,1.62380248583976
342335,35.5462157894736,2.10516868914362
342336,33.2603315789473,2.06897049406668
342337,29.9807210526315,1.19239830619194
342338,32.3026947368421,2.5072273915882
342339,31.2994315789473,0.891472623810047
342340,31.8662315789473,0.952380548140528
342341,33.0252263157894,1.09455161588378
342342,29.9485736842105,1.11907761681903
342343,31.9806894736842,1.40129944126861
342344,32.6201263157894,1.18730471628284
342345,32.4807315789473,1.47744504503823
342346,32.2810578947368,2.67638600557892
342347,32.722535,1.95047508886296
342348,34.7169263157894,1.69359802999478
342349,33.3278578947368,2.22996691887565
342350,33.6147736842105,1.12479677736029
342351,31.7020105263157,0.899025496913031
342352,30.8254052631578,1.40002604241706
342353,29.0654,1.16546498588903
342354,28.8930285714285,0.720902404161985
342355,29.1187666666666,0.788087509241342
342356,29.0423833333333,1.09913606742851
342357,28.0269166666666,1.55867968744561
342358,28.7908571428571,1.14776321582103
342359,28.28466,0.733534619769237
342360,29.8429166666666,0.77441464650549
342361,29.6807857142857,1.07368675723092
342362,32.5383666666666,1.08502069207099
342363,33.1968166666666,0.997423225811836
342364,31.0802714285714,1.48853762341653
342365,31.4747714285714,1.02154837898762
342366,29.9775499999999,1.63505427305436
342367,31.8342142857142,1.95985791790306
342368,31.59612,1.94314342177822
342369,30.913725,1.71162931205182
342370,30.798225,0.884666118869146
342371,28.8587499999999,0.84191213466727
342372,29.17238,1.07522252282957
342373,31.122025,0.807904642810649
342374,29.798175,0.484581047787674
342375,28.939075,0.820808151686495
342376,31.76805,0.919914915902552
342377,31.2322142857142,0.955424746873753
342378,29.7991499999999,0.99833920045577
342379,32.1337166666666,1.09025420188239
342380,30.7376666666666,1.39459192677364
342381,29.9748428571428,1.1436638427904
342382,31.0864833333333,1.19906711991262
342383,30.8874166666666,0.482459975599588
342384,30.0311999999999,0.87921821604683
342385,30.0120166666666,1.19992626081309
342386,31.5504166666666,1.14012577729632
342387,31.8194142857142,0.882509926174158
342388,32.0126166666666,0.938842413856317
342389,30.4278,0.839346722159561
342390,30.3118,1.51978396381415
342391,30.0832142857142,0.523765703967968
342392,28.9547166666666,0.820078062171861
342393,29.0566166666666,1.02518620490241
342394,27.9906571428571,0.890852483951897
342395,31.5652833333333,0.458362961769624
342396,31.3024333333333,0.772384063935956
342397,30.2904,0.788592337196928
342398,30.79874,0.539418185084632
342399,31.07518,1.61791377693621
342400,27.83772,0.554507209691632
342401,27.089,0.810019639268086
342402,27.5701,0.368064630194209
342403,28.9925399999999,0.475447896619597
342404,30.2295,0.680120801034639
342405,29.0581499999999,0.590978724236329
342406,29.8171599999999,1.22385027123419
342407,30.59254,1.2391240786943
342408,29.8331999999999,0.588877946606935
342409,30.2565,0.788944312356709
342410,28.3313999999999,0.519334762941977
342411,28.296,0.345994335213742
342412,30.12992,1.46331949539394
342413,31.1299,0.827092014228163
342414,28.99324,0.694593834121783
342415,31.64806,2.89157116571596
342416,36.4503799999999,0.963939133763123
342417,31.17206,2.60370839734406
342418,25.84894,0.939702330740964
342419,24.23128,0.43392883471832
342420,26.17046,0.714322004700961
342421,26.6477599999999,0.335810908697141
342422,28.65194,0.704694673174134
342423,30.4445333333333,1.29203149944401
342424,29.38836,1.8999396754634
342425,27.0407166666666,0.629170396677685
342426,27.4667399999999,0.722757640153322
342427,29.67468,1.05853551551187
342428,28.6425833333333,0.703805696236934
342429,29.0444428571428,1.58211922600862
342430,30.8365625,1.74763384962175
342431,30.462625,2.13005403437917
342432,28.8897,2.00270260398292
342433,28.9227,0.764222572291606
342434,29.7041875,0.837438362563926
342435,28.71765,1.44271058254938
342436,31.4090142857142,0.831544589352629
342437,31.0959374999999,0.661811058644195
342438,29.2956857142857,1.10978041255089
342439,29.660375,0.384965864558145
342440,27.2322125,1.83888423129183
342441,30.5832625,2.42053403556813
342442,32.7628625,1.57493563593683
342443,30.7964125,0.542840104076467
342444,32.00938,1.58271526990801
342445,31.1618,0.809891824875396
342446,29.3513199999999,0.900342202498582
342447,30.5112199999999,0.726025044747079
342448,30.8364,0.72055204669753
342449,30.410525,0.887885798892514
342450,31.1768,0.512172861444258
342451,31.5182599999999,1.20854358233371
342452,33.1408,0.868387183231074
342453,32.93438,1.03046055218043
342454,30.8432599999999,1.58917541335121
342455,31.72248,0.524922708215218
342456,33.74446,0.877635470112733
342457,32.264675,0.0465982496988886
342458,32.74818,0.393265332313947
342459,30.6187599999999,0.411851534415012
342460,30.73418,1.5764657083489
342461,34.03952,0.792971117759027
342462,33.99636,0.888070000844528
342463,32.30092,0.590625334370276
342464,35.040625,1.09538777009559
342465,35.73228,1.10907372775663
342466,32.5522799999999,0.388177806681422
342467,32.3279999999999,0.365067538956835
342468,31.0073999999999,0.774220330396972
342469,34.462,0.997475479397866
342470,37.26564,0.868593694658211
342471,35.02126,1.25349528216104
342472,33.2725,1.22772768967715
342473,32.349475,1.63625066902201
342474,34.12564,0.47713589929914
342475,34.9562399999999,1.37418527222496
342476,30.43794,3.26331866393706
342477,35.3995199999999,2.01935722882307
342478,37.00962,1.28112876386411
342479,32.57094,0.510428297021236
342480,33.23754,0.675970122416663
342481,29.9296999999999,1.45963984941491
342482,29.74552,0.620915837775136
342483,30.6897684210526,1.63343466611813
342484,28.7687736842105,1.57302075565725
342485,29.5967157894736,1.63818638592006
342486,28.9451842105263,0.975079367491993
342487,29.815247368421,1.26245820832066
342488,31.3572263157894,1.06298002696595
342489,32.9130368421052,1.15985130181712
342490,29.9183526315789,3.6650862155966
342491,31.1533263157894,2.81363241152823
342492,23.3149368421052,1.2482679090857
342493,27.2462578947368,3.52927600243804
342494,28.471047368421,2.28543088793901
342495,28.5837421052631,0.945011783449669
342496,29.2897421052631,1.62543910482377
342497,32.0694421052631,2.05997555001223
342498,30.9636899999999,2.23312196417929
342499,31.415847368421,1.80815870122311
342500,27.5650947368421,1.33100396712354
342501,25.4853842105263,1.20815560006201
342502,25.5418157894736,1.50782886794684
342503,27.7465736842105,1.4482065488924
342504,26.8963947368421,2.7337858477853
342505,25.9560421052631,1.13254762805194
342506,27.4872210526315,1.14444714926095
342507,27.4219105263157,1.92989299727778
342508,26.135055,1.00053636739251
342509,27.4630052631578,0.868416342347672
342510,27.6935315789473,1.04104472225722
342511,28.3381315789473,1.44022835545092
342512,26.7922105263157,1.55444989047394
342513,26.9475315789473,1.97774008804111
342514,27.6842052631578,1.25302640980009
342515,25.3580684210526,1.07893520709449
342516,27.1626631578947,1.4232972383317
342517,25.7561263157894,1.0661560268169
342518,25.68192,1.03914659918608
342519,25.2199578947368,0.714091827587423
342520,25.4617210526315,1.71294527505879
342521,25.1247052631578,0.796918245475844
342522,25.1406368421052,0.932525045358893
342523,25.4922421052631,0.785265752747229
342524,26.7905368421052,1.68296012530882
342525,25.6853210526315,0.973234075040503
342526,24.781847368421,0.624209473417058
342527,27.7825842105263,1.16634183364423
342528,25.916725,1.33770961418201
342529,23.937,0.908010341350802
342530,23.6948210526315,0.944860415521755
342531,23.7704368421052,1.28731275478908
342532,25.0195894736842,0.825981312325072
342533,23.1574263157894,0.728521603799239
342534,23.2176842105263,1.16682987947919
342535,22.3608789473684,1.06440889431347
342656,27.8966666666666,1.08364610869457
342657,26.9726315789473,1.82430041993106
342658,28.0394736842105,1.64057266537026
342659,32.4205263157894,2.0868598260348
342660,29.4531578947368,3.50724971366691
342661,29.0078947368421,1.32077162035311
352226,0.340990075667022,
352227,0.317238571831911,
352228,0.347532811899665,
352229,0.358068585597944,
352230,0.46141852462446,
352232,0.369200064162718,
352233,0.366967555190476,
352234,0.432857075718895,
352235,0.361171359327106,
352236,0.385017346313354,
352237,0.391379092563648,
352238,0.405199518670755,
352239,0.395338256128059,
352240,0.398116671056358,
352241,0.382229862905926,
352242,0.391568062203148,
352243,0.399320765291674,
352244,0.385516523535326,
352245,0.409881276458886,
352246,0.440133756545268,
352247,0.391431594182428,
352248,0.338415726258844,
352249,0.339967289041712,
352250,0.348128038164304,
352251,0.332238372669426,
352252,0.331544454811238,
352253,0.3356263357425,
352254,0.304498393600402,
352255,0.366192748918414,
352256,0.35677142505566,
352257,0.333441628973138,
352258,0.35679477911038,
352259,0.33585437349216,
352260,0.340705462572659,
352261,0.377295680582898,
352262,0.353668261290504,
352263,0.378459093926271,
352264,0.344520769828429,
352265,0.313684560549915,
352266,0.318224794883028,
352267,0.328128202081872,
352268,0.301023057827386,
352269,0.337587923129159,
352270,0.342325314865635,
352271,0.341309206062169,
352272,0.339235277478867,
352273,0.362302029375149,
352274,0.359844510225775,
352275,0.365831377923122,
352276,0.323592342970985,
352277,0.335523668617223,
352278,0.323879842294448,
352279,0.332207526093453,
352280,0.324337996880999,
352281,0.324733037460526,
352282,0.307661528805093,
352283,0.32419595403798,
352284,0.35594033363612,
352285,0.355341283550129,
352286,0.383238423925866,
352287,0.374452831229722,
352288,0.348814762653304,
352289,0.347813194071441,
352290,0.450096517645174,
352291,0.478651962563052,
352292,0.479298411300344,
352293,0.463083495989032,
352294,0.485233213685188,
352295,0.54387563536048,
352296,0.529485286615875,
352297,0.554617121780343,
352298,0.61483937421733,
352299,0.523258005754912,
352300,0.474128422135011,
352301,0.45902256140414,
352302,0.441760820171461,
352303,0.429313126632185,
352304,0.440330964903083,
352305,0.417484754576683,
352306,0.415497711042508,
352307,0.40812101056144,
352308,0.442935827867153,
352309,0.417958073123781,
352310,0.420901504701517,
352311,0.411472842215051,
352312,0.39289401469569,
352313,0.413516388962223,
352314,0.393857787280543,
352315,0.369214136863032,
352316,0.408152590672287,
352317,0.403043932155625,
352318,0.385873683416257,
352319,0.370002605849764,
352320,0.365187384420778,
352321,0.375903966613004,
352322,0.369351692297045,
352323,0.378896083950328,
352324,0.434345261152092,
352325,0.31893673314436,
352326,0.291091123042944,
352327,0.315677657155739,
352328,0.331445379839805,
352329,0.280185343701295,
352330,0.282695754152169,
352331,0.243422504695525,
352332,0.247730344734054,
352333,0.250648190260319,
352334,0.267172157029631,
352335,0.248874916770893,
352336,0.261175693987055,
352337,0.272635637056098,
352338,0.263742805252485,
352339,0.241384373301731,
352340,0.261730344388101,
352341,0.296657957707502,
352342,0.264847328523969,
352343,0.250985611778371,
352344,0.233667628574661,
352345,0.227116745396376,
352346,0.254996896937531,
352347,0.267506321167873,
352348,0.261869825873266,
352349,0.25183888144517,
352350,0.251663801528396,
352351,0.252378362284618,
352352,0.251367692331277,
352353,0.259569757510373,
352354,0.249325669721283,
352355,0.261205287089039,
352356,0.264550336034209,
352357,0.255802190933167,
352358,0.258494639912589,
352359,0.258029697675131,
352360,0.255598963484063,
352361,0.259900810432125,
352362,0.243758962786169,
352363,0.243162560383965,
352364,0.239232958310136,
352365,0.260415414841649,
352366,0.27022234727599,
352367,0.286772950871625,
352368,0.272198600792665,
352369,0.285655133042169,
352370,0.273547803437239,
352371,0.296814802131894,
352372,0.312640506794812,
352373,0.299146341123335,
352374,0.339684526386039,
352375,0.313319047396779,
352376,0.299316622290488,
352377,0.299316622290488,
352378,0.277867277795978,
352379,0.287699145031045,
352380,0.287699145031045,
352381,0.242270521180278,
352382,0.301272768608251,
352383,0.291358896303855,
352384,0.299598970418924,
352385,0.261446674041397,
352386,0.258366786781635,
352387,0.258401561465823,
352388,0.2710387395794,
352389,0.271527205199179,
352390,0.278472686341808,
352391,0.268307454299461,
352392,0.251897379070172,
352393,0.219019910908576,
352394,0.228406817218647,
352395,0.228301370680147,
352396,0.244011811390058,
352397,0.234183028771278,
352398,0.21687626413853,
352399,0.224629441817071,
352400,0.21707215726676,
352401,0.226494781151138,
352402,0.241705998644926,
352403,0.247171558372604,
352404,0.237945351101318,
352405,0.229074211684212,
352406,0.277583435676278,
352407,0.258209476175316,
352408,0.261244631929585,
352409,0.284977972621314,
352410,0.270652255241246,
352411,0.318160184910774,
352412,0.294994543159561,
352413,0.289264353786495,
352414,0.330110908039487,
352415,0.332108536919896,
352416,0.306206969186915,
352417,0.291808522352272,
352418,0.285536021784946,
352419,0.304474854078736,
352420,0.305637452642042,
352421,0.287677008645327,
352422,0.331700226407754,
352423,0.302164578108734,
352424,0.32251500694807,
352425,0.362723605266397,
352426,0.351802420351084,
352427,0.36041331626999,
352428,0.372068263257608,
352429,0.398336512624023,
352430,0.353937668253622,
352431,0.355821206723804,
352432,0.340495498457046,
352433,0.31599515667333,
352434,0.316287166206376,
352435,0.318382610444025,
352436,0.304209845019689,
352437,0.308610801402166,
352438,0.329065497093449,
352439,0.353091492106196,
352440,0.363766685596536,
352441,0.360301223582452,
352442,0.352531478979615,
352443,0.318172718273758,
352444,0.342944369809962,
352445,0.296095261033318,
352446,0.295789010917952,
352447,0.285905143776138,
352448,0.281169233635717,
352449,0.271657465612438,
352450,0.273052914587857,
352451,0.297956902484095,
352452,0.270464718605644,
352453,0.279568764201097,
352454,0.290600312714204,
352455,0.280257490067296,
352456,0.302469418212385,
352457,0.283616147923562,
352458,0.291767024295249,
352459,0.315504635189655,
352460,0.283308839981638,
352461,0.284079032935621,
352462,0.314510421791672,
352463,0.296484951348201,
352464,0.272231471629044,
352465,0.312642052110609,
352466,0.295772120608261,
352467,0.268781063113324,
352468,0.273547844902429,
352469,0.28731038373988,
352470,0.283896768732525,
352471,0.273721281743031,
352472,0.269967013568795,
352473,0.270778419144339,
352474,0.280503724268715,
352475,0.270943646437067,
352476,0.223262695403519,
357357,1.87936852380952,
357358,2.13128534615384,
357359,2.11818738461538,
357360,2.44146729629629,
357361,2.29457911538461,
357362,2.07831519230769,
357363,2.289432125,
357364,2.0726652,
357365,1.9378183076923,
357366,2.24554473076923,
357367,2.1655383076923,
357368,1.74388515384615,
357369,1.79151357692307,
357370,1.98120126923076,
357371,2.03529707692307,
357372,1.6246903076923,
357373,1.80152961538461,
357374,1.90907076923076,
357375,1.80558846153846,
357376,2.08896188461538,
357377,1.79407111111111,
357378,1.70508857692307,
357379,1.83982169230769,
357380,1.7596658076923,
357381,2.98114573076923,
357382,1.82313269230769,
357383,1.85519734615384,
357384,1.75887588461538,
357385,1.72414569230769,
357386,1.79329953846153,
357387,1.87055853846153,
357388,1.97747765384615,
357389,2.10209042307692,
357390,2.06002746153846,
357391,1.96101515384615,
357392,2.07937057692307,
357393,1.76241111538461,
357394,1.79992399999999,
357395,1.62088807407407,
357396,1.62686596153846,
357397,1.99844853846153,
357398,1.8781108076923,
357399,2.51684426923076,
357400,2.56835511538461,
357401,2.09547707692307,
357402,1.86150169230769,
357403,1.89942561538461,
357404,1.78421023076923,
357405,1.88704526923076,
357406,1.83187007692307,
357407,1.66883615384615,
357408,1.7257538076923,
357409,1.65476003846153,
357410,1.73065126923076,
357411,1.72313303846153,
357412,1.78793885185185,
357413,1.64938146153846,
357414,1.85837246153846,
357415,1.57340738461538,
357416,1.6127985,
357417,1.83107861538461,
357418,1.64365023076923,
357419,1.80611753846153,
357420,1.73802569230769,
357421,1.7354645,
357422,2.24420603846153,
357423,1.99407207692307,
357424,2.02383984615384,
357425,2.19410003846153,
357426,1.93391484615384,
357427,1.92731023076923,
357428,1.73795134615384,
357429,1.97983518518518,
357430,1.73690084615384,
357431,2.13365242307692,
357432,1.59195138461538,
357433,2.07013907692307,
357434,1.7838695,
357435,1.87869607692307,
357436,1.85252353846153,
357437,1.86426007692307,
357438,1.67222796153846,
357439,1.82179246153846,
357440,2.02575423076923,
357441,1.79511669230769,
357442,1.80934392307692,
357443,2.11915784615384,
357444,1.57087838461538,
357445,1.93717569230769,
357446,1.69018161538461,
357447,1.85840614814814,
357448,1.73391534615384,
357449,1.89831538461538,
357450,2.02029984615384,
357451,1.61301769230769,
357452,1.95813511538461,
357453,2.06441665384615,
357454,1.89398611538461,
357455,1.9558233076923,
357456,1.77138753846153,
357457,2.0985714375,
357458,1.60976764062499,
357459,1.51828407936507,
357460,1.7397473125,
357461,1.73926499999999,
357462,1.804027796875,
357463,1.9620444375,
357464,1.88658834920634,
357465,1.890862671875,
357466,1.7779796875,
357467,1.888099375,
357468,1.96019725396825,
357469,1.41361093125,
357470,1.6051425859375,
357471,1.847220375,
357472,1.77867339062499,
357473,1.74380484126984,
357474,1.692438515625,
357475,1.81459617187499,
357476,1.993169890625,
357477,1.6055434375,
357478,1.51041096825396,
357479,1.760491546875,
357480,1.75831548437499,
357481,1.618705453125,
357482,1.70407122222222,
357483,1.537956234375,
357484,1.57870690624999,
357485,1.3285957328125,
357486,1.522262984375,
357487,1.34670173015872,
357488,1.1831937203125,
357489,0.940176121875,
357490,1.049995646875,
357491,1.07385782063492,
357492,1.1392152640625,
357493,1.2040653484375,
357494,1.59905801562499,
357495,1.51410475,
357496,1.44765836507936,
357497,1.4225645625,
357498,1.382571625,
357499,1.578799375,
357500,1.663137015625,
357501,1.6694636031746,
357502,1.57088889062499,
357503,1.605447671875,
357504,1.473741140625,
357505,1.51314515873015,
357506,1.59067542187499,
357507,1.57181184375,
357508,1.693427578125,
357509,1.7930091875,
357510,1.72318392063492,
357511,1.720768921875,
357512,1.576438921875,
357513,1.445631428125,
357514,1.474780328125,
357515,1.33218212698412,
357516,1.3894716015625,
357517,1.3208487234375,
357518,1.2418611,
357519,2.61646768253968,
357520,1.578015828125,
357521,1.55496046875,
357522,1.401929671875,
357523,1.61420521875,
357524,1.31504046031746,
357525,1.202369734375,
357526,1.28235406875,
357527,1.2682539328125,
357528,1.40340486507936,
357529,1.4784042421875,
357530,1.5883440078125,
357531,1.554721859375,
357532,1.520454140625,
357533,1.29459612698412,
357534,1.543791921875,
357535,1.4069834671875,
357536,1.342809009375,
357537,2.1788791984375,
357538,1.32081442698412,
357539,1.2384581859375,
357540,1.25924809375,
357541,1.296795734375,
357542,1.02819128253968,
357543,1.134168909375,
357544,1.2466016203125,
357545,1.45834839062499,
357546,1.315653875,
357547,0.89973302063492,
357548,1.069917978125,
357549,1.1034482125,
357550,1.0870806328125,
357551,1.21862195714285,
357552,1.56047059374999,
357553,1.978855859375,
357554,1.49386981249999,
357555,1.327751796875,
357556,1.63348479365079,
357557,1.4199783046875,
357558,1.3963117171875,
357559,1.193902171875,
357560,1.186882915625,
357561,1.43971134920634,
357562,1.290765671875,
357563,1.43371878125,
357564,1.2928339703125,
357565,1.34174695714285,
357566,2.04097090625,
357567,1.94002621875,
357568,1.927931,
357569,2.22047178124999,
357570,1.34717243968253,
357571,1.87463640625,
357572,1.3448220625,
357573,1.3594128078125,
357574,1.60217596875,
357575,1.47083894126984,
357576,1.34582099374999,
357577,1.52228566875,
357578,1.156897309375,
357579,1.27456503333333,
357580,1.20389065156249,
357581,1.23398623125,
357582,1.36076165,
357583,1.410045125,
357584,1.66114015873015,
357585,1.29085870624999,
357586,1.334662078125,
357587,1.48274839062499,
357588,1.58513068253968,
357589,1.45823878125,
357590,1.514147,
357591,1.399737390625,
357592,1.38737314062499,
357593,1.41052693650793,
357594,1.44606,
357595,1.234228409375,
357596,1.1006493625,
357597,1.15152769375,
357598,1.11028974603174,
357599,1.17328290625,
357600,1.1099963609375,
357601,1.19070220312499,
357602,1.44260042857142,
357603,1.541459859375,
357604,1.59802425,
357605,1.54715259375,
357606,1.43005718749999,
357607,1.34409528571428,
357608,1.46189599999999,
357609,1.409045484375,
357610,1.327918453125,
357611,1.26939968253968,
357612,1.2713110328125,
357613,1.365673265625,
357614,1.38274796406249,
357615,1.1146091203125,
357616,1.72885711111111,
357617,1.719124203125,
357618,1.312143296875,
357619,1.44013808125,
357620,1.500398046875,
357621,1.71123328571428,
357622,1.49102655937499,
357623,1.7134330625,
357624,1.701250859375,
357625,1.64014161904761,
357626,1.5932104796875,
357627,1.32141276562499,
357628,1.2878878390625,
357629,1.386275359375,
357630,1.34060136507936,
357631,1.0071583078125,
357632,1.1793343046875,
357633,1.37173013124999,
357634,1.3095778828125,
357635,1.12985576031746,
357636,1.266299140625,
357637,1.2087517453125,
357638,1.1215521296875,
357639,1.42602449682539,
357640,3.032458609375,
357641,1.711724296875,
357642,1.78180040625,
357643,1.915643625,
357644,1.73985519047619,
357645,1.3579555625,
357646,1.482533609375,
357647,1.22700186718749,
357648,1.16261508095238,
357649,1.110117615625,
357650,1.056639484375,
357651,1.0895010421875,
357652,1.1527397484375,
357653,1.35693296825396,
357654,1.375119046875,
357655,1.352664234375,
357656,1.2586862296875,
357657,1.27920511875,
357658,1.12118661904761,
357659,1.381107971875,
357660,1.3337714203125,
357661,1.27795675,
357662,1.55866884126984,
357663,1.0944494578125,
357664,1.141688359375,
357665,1.7212612234375,
357666,1.33173334374999,
357667,1.57844209523809,
357668,1.53682740625,
357669,1.72917515625,
357670,1.810953625,
357671,2.49971366666666,
357672,1.749316859375,
357673,1.479907953125,
357674,1.14945020625,
357675,1.17546462187499,
357676,1.32430761269841,
357677,1.385351984375,
357678,1.384444734375,
357679,1.8949604375,
357680,1.74775678125,
357681,1.81117499999999,
357682,1.58952134375,
357683,1.9235694375,
357684,2.09527618749999,
357685,2.10269895238095,
357686,3.6157918125,
357687,3.430078984375,
357688,1.83907445312499,
357689,2.442515515625,
357690,1.54287574603174,
357691,1.612799265625,
357692,1.711437578125,
357693,1.54364896875,
357694,1.676924140625,
357695,1.35239815873015,
357696,1.2031286890625,
357697,2.76316875,
357698,3.621792328125,
357699,1.75804212698412,
357700,1.7677615625,
357701,1.97828598437499,
357702,1.74849465625,
357703,1.569810078125,
357704,1.61160047619047,
357705,1.692070453125,
357706,1.668615578125,
357707,1.62907984375,
357708,1.64551876190476,
357709,1.3413815625,
357710,1.1916387296875,
357711,1.1733729,
357712,1.378693809375,
357713,1.33089429047619,
357714,1.311244284375,
357715,1.1303654765625,
357716,1.53470020312499,
357717,1.9917441875,
357718,1.48819853968253,
357719,1.32666059375,
357720,1.3601224375,
357721,1.267546003125,
357722,1.2966709095238,
357723,1.2367475625,
357724,1.20057234375,
357725,1.333734484375,
357726,1.119023540625,
357727,1.15524639365079,
357728,1.28129346875,
357729,1.2827595421875,
357730,1.1512177453125,
357731,1.28091138888888,
357732,1.2839121546875,
357733,1.49790553749999,
357734,1.289536078125,
357735,1.174618965625,
357736,1.39656879682539,
357737,1.43791215625,
357738,1.0946760546875,
357739,1.307471703125,
357740,1.326150190625,
357741,1.18827102857142,
357742,1.3125603984375,
357743,1.539820453125,
357744,1.3322832640625,
357745,1.53398662380952,
357746,1.0957773359375,
357747,0.9893174203125,
357748,1.295178109375,
357749,1.30891353125,
357750,1.44975722222222,
357751,1.201877540625,
357752,1.1493223640625,
357753,1.2216506703125,
357754,1.19543713125,
357755,1.21726229365079,
357756,1.47200999375,
357757,1.234502715625,
357758,1.15495404374999,
357759,1.2184839047619,
357760,1.590914378125,
357761,1.2843728859375,
357762,1.228244846875,
357763,1.139091959375,
357764,1.5397533079365,
357765,1.4073174265625,
357766,1.06346137968749,
357767,1.0361755453125,
357768,1.24640278888888,
357769,1.1117635140625,
357770,1.563932653125,
357771,1.217308275,
357772,1.0715744515625,
357773,1.05635964761904,
357774,0.988872121875,
357775,0.9767326078125,
357776,1.03799759843749,
357777,1.1202029140625,
357778,1.14040536349206,
357779,1.4687464859375,
357780,1.44778533281249,
357781,1.202296134375,
357782,1.12663569365079,
357783,1.0694173953125,
357784,1.1357287671875,
357785,0.9286550859375,
357786,1.23331155781249,
357787,1.01047609523809,
357788,1.08346051875,
357789,1.3566264625,
357790,1.7116688125,
357791,2.68025909375,
357792,1.608346,
358198,0.70830758803859,0.0141661517607718
358199,0.889827110098847,0.0177965422019769
358200,0.888591963671277,0.0177718392734255
358201,0.901297520927008,0.0180259504185402
358202,0.800485741710094,0.0160097148342019
358203,0.899424561417337,0.0179884912283467
358204,0.748749355653471,0.0149749871130694
358205,0.733720145875249,0.014674402917505
358206,0.756992922380224,0.0151398584476045
358207,0.651378386981024,0.0130275677396205
358208,0.761629304434873,0.0152325860886975
358209,0.792244884336072,0.0158448976867214
358210,0.815030086107826,0.0163006017221565
358211,0.723519458035905,0.0144703891607181
358212,0.73373219484166,0.0146746438968332
358213,0.780478523628182,0.0156095704725636
358214,0.790305330544904,0.0158061066108981
358215,0.883564443550603,0.0176712888710121
358216,1.00962829697361,0.0201925659394722
358217,0.833864952408267,0.0166772990481653
358218,0.80913334944564,0.0161826669889128
358219,0.947919355319178,0.0189583871063836
358220,0.868902797265776,0.0173780559453155
358221,0.803175501495468,0.0160635100299094
358222,0.836887068956329,0.0167377413791266
358223,0.737066899009054,0.0147413379801811
358224,0.890907548520116,0.0178181509704023
358225,0.889941889385258,0.0177988377877052
358226,0.834255954366133,0.0166851190873227
358227,0.831173303043582,0.0166234660608716
358228,0.900738213562661,0.0180147642712532
358229,0.952210756766766,0.0190442151353353
358230,0.86124329389628,0.0172248658779256
358231,0.921245278346789,0.0184249055669358
358232,0.657423334901232,0.0131484666980246
358233,0.708918741059829,0.0141783748211966
358234,0.767442432696659,0.0153488486539332
358235,0.709535229659401,0.014190704593188
358236,0.792549520642596,0.0158509904128519
358237,0.82610932787,0.0165221865574
358238,1.5686234181034,0.031372468362068
358239,1.48374456709066,0.0296748913418132
358240,1.6311891976371,0.032623783952742
358241,1.72193534629815,0.034438706925963
358242,1.70153570860249,0.0340307141720498
358243,1.6492138020441,0.032984276040882
358244,1.6387486411271,0.032774972822542
358245,1.50349902734307,0.0300699805468614
358246,1.45107679287002,0.0290215358574004
358247,1.47783529466316,0.0295567058932632
358248,1.32393891530813,0.0264787783061626
358249,1.24802594453514,0.0249605188907028
358250,1.28693311099303,0.0257386622198606
358251,1.41358331628115,0.028271666325623
358252,1.49881515665494,0.0299763031330988
358253,1.54298376598061,0.0308596753196122
358254,1.51337717741286,0.0302675435482572
358255,1.48404935203622,0.0296809870407244
358256,1.48693832232436,0.0297387664464872
358257,1.52966564553461,0.0305933129106922
358258,1.48322607717101,0.0296645215434202
358259,1.48910212464793,0.0297820424929586
358260,1.51927534793164,0.0303855069586328
358261,1.48698355457811,0.0297396710915622
358262,1.52169222050909,0.0304338444101818
358263,1.53340022319016,0.0306680044638032
358264,1.26101326708343,0.0252202653416686
358265,0.891965442726128,0.0178393088545226
358266,0.788880828319684,0.0157776165663937
358267,0.831012277776131,0.0166202455555226
358268,0.924349938315481,0.0184869987663096
358269,0.771124821023013,0.0154224964204603
358270,0.659545610178428,0.0131909122035686
358271,0.910121364859519,0.0182024272971904
358272,1.23871527186829,0.0247743054373658
358273,1.64957357440642,0.0329914714881284
358274,1.30368907172372,0.0260737814344744
358275,0.907316823421481,0.0181463364684296
358276,0.801638791251862,0.0160327758250372
358277,0.774542781610867,0.0154908556322173
358278,0.710451360515053,0.0142090272103011
358279,0.747038042727285,0.0149407608545457
358280,0.792168765276967,0.0158433753055393
358281,1.04790143981678,0.0209580287963356
358282,0.969856123633287,0.0193971224726657
358283,0.821046390490324,0.0164209278098065
358284,0.83325524174794,0.0166651048349588
358285,0.893224440486647,0.0178644888097329
358286,1.13808333891545,0.022761666778309
358287,0.983262782799738,0.0196652556559948
358288,0.830829960911151,0.016616599218223
358289,0.732649675053339,0.0146529935010668
358290,0.721532199057139,0.0144306439811428
358291,0.763325491719942,0.0152665098343988
358292,0.803663836032831,0.0160732767206566
358293,0.947466109870796,0.0189493221974159
358294,0.871825282485011,0.0174365056497002
358295,0.87748019014579,0.0175496038029158
358296,0.792934955218462,0.0158586991043692
358297,0.794574929106251,0.015891498582125
358298,0.766210403916731,0.0153242080783346
358299,0.784240975660516,0.0156848195132103
358300,0.829245375481083,0.0165849075096217
358301,0.830261750489993,0.0166052350097999
358302,0.800869417289034,0.0160173883457807
358303,0.774923922217702,0.015498478444354
358304,0.951569396687878,0.0190313879337576
358305,1.4463457489209,0.028926914978418
358306,1.60431964834898,0.0320863929669796
358307,1.70579708198695,0.034115941639739
358308,1.55642683049348,0.0311285366098696
358309,1.3812700829697,0.027625401659394
358310,1.24988431703485,0.024997686340697
358311,1.51592384919889,0.0303184769839778
358312,1.80898620938974,0.0361797241877948
358313,1.84874154685056,0.0369748309370112
358314,1.91057951853154,0.0382115903706308
358315,1.66691467097357,0.0333382934194714
358316,1.40074473956385,0.028014894791277
358317,1.59791430086188,0.0319582860172376
358318,1.3425246994393,0.026850493988786
358319,1.01740319355243,0.0203480638710486
358320,1.13046611414307,0.0226093222828614
358321,1.71932352052722,0.0343864704105444
358322,1.69525907907555,0.033905181581511
358323,1.38492492380014,0.0276984984760028
358324,1.06631529175062,0.0213263058350124
358325,0.821896976817174,0.0164379395363435
358326,0.763679847170604,0.0152735969434121
358327,0.79883145260384,0.0159766290520768
358328,0.758102073358168,0.0151620414671634
358329,0.792060172249566,0.0158412034449913
358330,0.920162477101033,0.0184032495420207
358331,1.29310280298119,0.0258620560596238
358332,1.10287801415265,0.022057560283053
358333,0.877534039239745,0.0175506807847949
358334,0.894508003628961,0.0178901600725792
358335,1.13424005485786,0.0226848010971572
358336,1.04340722882141,0.0208681445764282
358337,0.767698788582901,0.015353975771658
358338,0.774616887860237,0.0154923377572047
358339,0.758027585928913,0.0151605517185783
358340,0.657613741207904,0.0131522748241581
358341,0.715527022693709,0.0143105404538742
358342,0.622970021066512,0.0124594004213302
358343,0.723719312996736,0.0144743862599347
358344,1.12396872282369,0.0224793744564738
358345,0.987816248060541,0.0197563249612108
358346,0.746208676467831,0.0149241735293566
358347,0.74921535323661,0.0149843070647322
358348,1.39314641541851,0.0278629283083702
358349,1.28935674349163,0.0257871348698326
358350,1.1460619669503,0.022921239339006
358351,0.708019094230984,0.0141603818846197
358352,0.744435925522891,0.0148887185104578
358353,0.708080782725905,0.0141616156545181
358354,0.728466427447676,0.0145693285489535
358355,0.708844804073852,0.014176896081477
358356,0.682133554555819,0.0136426710911164
358357,0.73517705696498,0.0147035411392996
358358,1.60365984585642,0.0320731969171284
358359,1.5168945489156,0.030337890978312
358360,1.393006129928,0.02786012259856
358361,0.684295159717028,0.0136859031943406
358362,0.716011332543851,0.014320226650877
358363,0.73153781522717,0.0146307563045434
358364,0.66310533006638,0.0132621066013276
358365,0.702104402459459,0.0140420880491892
358366,0.675514354970092,0.0135102870994018
358367,0.698141900530576,0.0139628380106115
358368,1.13238454075632,0.0226476908151264
358369,1.12315981366405,0.022463196273281
358370,0.850503335637891,0.0170100667127578
358371,0.958734393604569,0.0191746878720914
358372,0.829251565956634,0.0165850313191327
358373,0.664394678475394,0.0132878935695079
358374,0.782141497463965,0.0156428299492793
358375,0.772575649053255,0.0154515129810651
358376,1.15288703145973,0.0230577406291946
358377,1.05830119270778,0.0211660238541556
358378,0.795369328833894,0.0159073865766779
358379,0.844296301817323,0.0168859260363465
358380,0.69736872188307,0.0139473744376614
358381,0.723988604149422,0.0144797720829884
358382,0.794002025823719,0.0158800405164744
358383,0.699543164971206,0.0139908632994241
358384,0.709657337034106,0.0141931467406821
358385,0.704649834966216,0.0140929966993243
358386,0.733832866566316,0.0146766573313263
358387,0.710723819347762,0.0142144763869552
358388,0.631536665749823,0.0126307333149965
358389,0.686695970843796,0.0137339194168759
358390,0.767205523975767,0.0153441104795153
358391,0.702439191152541,0.0140487838230508
358392,0.673372075791985,0.0134674415158397
358393,0.685755203375349,0.013715104067507
358394,0.700249663504878,0.0140049932700976
358395,0.701601770300269,0.0140320354060054
358396,0.669485526556584,0.0133897105311317
358397,0.755951532010843,0.0151190306402169
358398,1.22765609312435,0.024553121862487
358399,0.996071164129197,0.0199214232825839
358400,0.684583057800182,0.0136916611560036
358401,0.729843893656842,0.0145968778731368
358402,0.740962180667605,0.0148192436133521
358403,0.733318081069068,0.0146663616213814
358404,0.740833696588307,0.0148166739317661
358405,0.744983383659615,0.0148996676731923
358406,0.793133498289307,0.0158626699657861
358407,0.793022739281047,0.0158604547856209
358408,0.786840143965055,0.0157368028793011
358409,0.784376216409807,0.0156875243281961
358410,0.839317894941631,0.0167863578988326
358411,0.961365515682905,0.0192273103136581
358412,1.28504775260531,0.0257009550521062
358413,1.1777828037904,0.023555656075808
358414,0.832925936999054,0.0166585187399811
358415,0.886753611824889,0.0177350722364978
358416,0.68600055452849,0.0137200110905698
358417,0.754900673118739,0.0150980134623748
358418,1.31608070280662,0.0263216140561324
358419,0.899611590460765,0.0179922318092153
358420,0.879060222602076,0.0175812044520415
358421,0.899082347658763,0.0179816469531753
358422,0.702888337233137,0.0140577667446627
358423,0.968324290478559,0.0193664858095712
358424,0.918741249591601,0.018374824991832
358425,0.77285712496307,0.0154571424992614
358426,0.690478458985129,0.0138095691797026
358427,0.839952014498702,0.016799040289974
358428,0.905189409371317,0.0181037881874263
358429,0.74502600661386,0.0149005201322772
358430,0.784544241257267,0.0156908848251453
358431,0.819571933277021,0.0163914386655404
358432,0.729060872171414,0.0145812174434283
358433,0.855376426577855,0.0171075285315571
358434,0.732697378997671,0.0146539475799534
358435,0.587575641271821,0.0117515128254364
358436,0.668142751382179,0.0133628550276436
358437,0.849212792612337,0.0169842558522467
358438,0.699408000182632,0.0139881600036526
358439,0.616018381213437,0.0123203676242687
358440,0.747157410246436,0.0149431482049287
358441,0.684031054343025,0.0136806210868605
358442,0.655928809907823,0.0131185761981565
358443,0.67815753005588,0.0135631506011176
358444,0.744095053447403,0.0148819010689481
358445,0.695252805256422,0.0139050561051284
358446,0.694832683694748,0.013896653673895
358447,0.675959187770874,0.0135191837554175
358448,0.673869051630132,0.0134773810326026
358449,0.799231218600315,0.0159846243720063
358450,0.710675097541436,0.0142135019508287
358451,0.755553600871603,0.0151110720174321
358452,0.711885607310001,0.0142377121462
358453,0.7368338897606,0.014736677795212
358454,0.684996862486961,0.0136999372497392
358455,0.801864086241318,0.0160372817248264
358456,0.762078896688146,0.0152415779337629
358457,0.82216,0.00453088793224301
358458,0.834250909090909,0.00504819941715577
358459,0.85594,0.0123817989587355
358460,0.904632831581818,0.0200347303128491
358461,0.951801492888888,0.00657433894019264
358462,0.975964249927272,0.00896660620697733
358463,1.0171988608,0.00986786319620323
358464,1.03762754123636,0.00538126819010723
358465,1.0180639158909,0.00828865132117282
358466,0.897227122709091,0.06055334824209
358467,0.722724296444444,0.0402791160401973
358468,0.734646053290909,0.039628129095
358469,0.873401559163636,0.0348615216498057
358470,0.910212751509091,0.00686266277594984
358471,0.880805288727272,0.0116330144156715
358472,0.820800634836363,0.0209917628820907
358473,0.719077058888889,0.0247365371739627
358474,0.676599076654545,0.014915986312112
358475,0.785033921727272,0.0438393960840116
358476,0.9283950602,0.0356943351120194
358477,1.03482885281818,0.0275014221291053
358478,1.07272188118181,0.0166444499852945
358479,0.971738342537037,0.0429284183346821
358480,0.789209198054545,0.0581244131925152
358481,0.652077644095238,0.0197744246484875
358484,1.18794466135849,0.0104389903173037
358485,1.1932942466909,0.0163033086219539
358486,1.0753319238,0.0452492857163488
358487,0.96176799150909,0.0115453478537668
358488,1.03221209756363,0.0451518962925338
358489,1.13524890205454,0.0153738635031955
358490,1.13208753062962,0.0116180764010171
358491,1.19990212487272,0.0215058449228746
358492,1.21794628581818,0.0174569094557155
358493,1.18200035396363,0.00660101811931733
358494,1.21054104081818,0.0134852210564235
358495,1.20448751125454,0.0084492248130983
358496,1.1644583007037,0.0102765608760946
358497,1.14498214383636,0.0112676584120068
358498,1.15591168730909,0.0153054672334497
358499,1.17598158212727,0.00573451091155165
358500,1.10844059994545,0.0260185928461561
358501,1.07650894030909,0.00725803371931877
358502,1.12648924374074,0.0101475531809149
358503,1.17798811321818,0.0250267948530685
358504,1.2197532247027,0.00529290052391921
358505,1.22398482483333,0.00223109195446292
358506,1.21367639851351,0.00675671360053624
358507,1.19536287172222,0.00673634199287791
358508,1.23552757541666,0.0211839032991604
358509,1.27121443936842,0.00772073913405064
358510,1.30555941055555,0.00674386478922109
358511,1.31540468005263,0.00202100003120638
358512,1.30893290294594,0.00534163565960556
358513,1.30536856216666,0.0087172069743164
358514,1.2735314871081,0.00640962253395564
358515,1.26553747833333,0.00342783109678292
358516,1.25014477859459,0.00318643319823202
358517,1.25373860794444,0.00588033616616915
358518,1.26114703954054,0.00382180367448281
358519,1.28470211938888,0.00897652239017062
358520,1.29607387580555,0.00752703643694233
358521,1.27613893631578,0.00116255430687121
358522,1.27276048886111,0.00211615800926256
358523,1.25260787772222,0.0117851940980233
358524,1.24260111627027,0.00608664873400276
358525,1.24038641694444,0.00123089184146126
358526,1.22988440478378,0.0075520433831254
358527,1.19820512933333,0.0119422900910685
358528,1.14381615045945,0.0148028847372272
358529,1.11077903716666,0.00515720619607729
358530,1.08764979654054,0.00635043204031315
358531,1.08486711852631,0.00240797251337269
358532,1.10232260555555,0.00299090328062497
358533,1.10422173138888,0.00135097842272373
358534,1.09315374126315,0.00818696188138313
358535,1.06201478131481,0.00886415347654104
358536,1.0086004507027,0.0183751122879067
358537,0.981358587944444,0.00201566573406765
358538,0.984841395351351,0.00701423330893938
358539,1.00554047883333,0.0052427758530645
358540,1.03663609743243,0.0128562870544507
358541,1.04657620383333,0.0032683676531065
358542,1.02504303605555,0.0154242505525363
358543,0.981729087526316,0.00444193696915593
358544,0.950711888083333,0.0180336810667776
358545,0.887817268631579,0.0112469864537011
358546,0.870018289444444,0.00612831171937349
358547,0.868197218333333,0.00504989785756781
358548,0.900877252324324,0.0270956072119252
358549,0.9686341005,0.00798657561231618
358550,0.998694750027027,0.0120538270216376
358551,1.038026181,0.00328097297770157
358552,1.04081729586486,0.00247676914115821
358553,1.05381209366666,0.00467656649352425
358554,1.09910171072222,0.0196627499132923
358555,1.14543018157894,0.00870911174655408
358556,1.17850040672222,0.00739735363412698
358557,1.16897667410526,0.00457177119549825
358558,1.14068381880555,0.00910341226785865
358559,1.12085585833333,0.00464145703870461
358560,1.10986319454054,0.00511889064510607
358561,1.13119064261111,0.00593886006421066
358562,1.13847021021052,0.00293959349540459
358563,1.12837480522222,0.00379108995851339
358564,1.09283057031578,0.0132579197475247
358565,1.04068008980555,0.015677692458977
358566,1.01173447766666,0.00156778395897249
358567,0.998049520405405,0.00782577582222547
358568,0.979370728388889,0.0050202034457221
358569,0.892621522162162,0.0434194026866603
358570,0.778460934222222,0.0218380011723541
358571,0.692862831756756,0.0221958175651082
358572,0.657121078999999,0.00404381514614903
358573,0.699733453611111,0.0191388080354897
358574,0.734802387315789,0.0035811784571795
358575,0.747698183222222,0.00250083064297138
358576,0.727383643421052,0.00908591689639708
358577,0.675140489777777,0.0178650746703875
358578,0.629991693999999,0.0113651156932868
358579,0.583725322702702,0.0146077332892905
358580,0.556287344444444,0.00173880997244515
358581,0.552358140972973,0.00133003157116199
358582,0.555202917333333,0.000532151797674521
358583,0.560951468432432,0.00445932552530765
358584,0.568220912833333,0.000563823852038633
358585,0.569851272944444,0.00153560539804192
358586,0.548994715648648,0.00927158613591408
358587,0.503693629388888,0.0162518239122256
358588,0.468419423473684,0.00507134152364474
358589,0.460124094,0.0
371578,6.17385,0.2593
371579,5.57073333333333,0.233966666666666
371580,5.14247142857142,0.215985714285714
371581,3.82503333333333,0.160666666666666
371582,3.79043333333333,0.1592
371583,3.78413333333333,0.158933333333333
371584,3.81201428571428,0.1601
371585,3.92326666666666,0.16475
371586,4.17078333333333,0.175166666666666
371587,4.44771666666666,0.1868
371588,4.582,0.192442857142857
371589,4.6234,0.194183333333333
371590,4.58123333333333,0.192416666666666
371591,4.50936666666666,0.189383333333333
371592,4.48271428571428,0.188285714285714
371593,4.49848333333333,0.188933333333333
371594,4.56463333333333,0.191716666666666
371595,4.56405,0.191666666666666
371596,4.60761428571428,0.193528571428571
371597,4.67611666666666,0.1964
371598,4.49308333333333,0.188733333333333
371599,4.37316666666666,0.183666666666666
371600,4.35321428571428,0.182842857142857
371601,4.32578333333333,0.181683333333333
371602,4.44105,0.186533333333333
371603,4.53542857142857,0.190485714285714
371604,4.49548333333333,0.1888
371605,4.55428333333333,0.191283333333333
371606,4.65234999999999,0.195383333333333
371607,4.70982857142857,0.1978
371608,4.76133333333333,0.199983333333333
371609,4.72324999999999,0.198366666666666
371610,4.64641666666666,0.19515
371611,4.6551,0.195528571428571
371612,4.58418333333333,0.192533333333333
371613,4.23934387599999,0.17805
371614,3.90851229033333,0.164166666666666
371615,3.55450616742857,0.1493
371616,3.41830073933333,0.143566666666666
371617,3.44972935966666,0.144883333333333
371618,3.441687058,0.14455
371619,3.44882883671428,0.144857142857142
371620,3.224437877,0.135433333333333
371621,3.216941613,0.1351
371622,3.16680017683333,0.133
371623,3.10393250128571,0.130371428571428
371624,3.24630758533333,0.136333333333333
371625,3.27015026133333,0.13735
371626,3.18726971483333,0.13385
371627,3.23659266285714,0.135942857142857
371628,3.30074644583333,0.138633333333333
371629,3.35530319233333,0.140933333333333
371630,3.44891572766666,0.144833333333333
371631,3.495870722,0.146814285714285
371632,3.5159228535,0.147683333333333
371633,3.47961678,0.14615
371634,3.45366299966666,0.14505
371635,3.44690649528571,0.144771428571428
371636,3.25456902516666,0.1367
371637,3.05098307833333,0.128166666666666
371638,2.92943707971428,0.123042857142857
371639,2.80290049399999,0.11775
371640,2.79951650766666,0.117566666666666
371641,2.90888023766666,0.122166666666666
371642,2.98449440371428,0.125342857142857
371643,3.04908749633333,0.128083333333333
371644,3.19081353483333,0.134016666666666
371645,3.240575276,0.136116666666666
371646,3.27981652142857,0.137742857142857
371647,3.2478610805,0.136416666666666
371648,3.15801078016666,0.132616666666666
371649,3.11865702133333,0.130966666666666
371650,3.12322720571428,0.131171428571428
371651,3.16913186583333,0.133116666666666
371652,3.16307410316666,0.13285
371653,3.29159688116666,0.13825
371654,3.30083271642857,0.138628571428571
371655,3.36654578016666,0.141416666666666
371656,3.56432564833333,0.149716666666666
371657,3.593113038,0.150916666666666
371658,3.60203964142857,0.151271428571428
371659,3.53787501,0.148583333333333
371660,3.363931309,0.1413
371661,3.24681818466666,0.13635
371662,3.25714020614285,0.136785714285714
371663,3.35124009416666,0.14075
371664,3.31580912699999,0.139266666666666
371665,3.257687587,0.136816666666666
371666,3.33508089528571,0.140071428571428
371667,3.191753732,0.134066666666666
371668,3.15499057766666,0.132483333333333
371669,3.20263181283333,0.134516666666666
371670,3.03506605757142,0.127471428571428
371671,3.039078736,0.127633333333333
371672,3.03281846983333,0.127383333333333
371673,3.10269826,0.1303
371674,3.42214480257142,0.143728571428571
371675,3.54983070149999,0.149083333333333
371676,3.74133873133333,0.157133333333333
371677,3.952224431,0.166
371678,3.90288774183333,0.163916666666666
371679,3.90018792966666,0.163816666666666
371680,3.7939731365,0.159316666666666
371681,3.56759557128571,0.149842857142857
371682,3.42051237233333,0.14365
371683,3.34887802966666,0.140666666666666
371684,3.3799255085,0.141966666666666
371685,3.21800279614285,0.135142857142857
371686,3.21581337633333,0.13505
371687,3.17387986133333,0.1333
371688,3.08854250716666,0.129716666666666
371689,3.22539026571428,0.135471428571428
371690,3.30552409349999,0.138816666666666
371691,3.39926825649999,0.1428
371692,3.44867344583333,0.144866666666666
371693,3.44719971271428,0.144785714285714
371694,3.442222247,0.144566666666666
371695,3.37756633699999,0.14185
371696,3.38650978133333,0.142216666666666
371697,3.37337336771428,0.141671428571428
371698,3.22437857233333,0.135416666666666
371699,3.2751434315,0.137566666666666
371700,3.34855040733333,0.140616666666666
371701,4.45908733192,0.187279999999999
371702,5.07309910190909,0.213066666666666
371703,4.98858340118181,0.209518181818181
371704,5.27169091973529,0.221411764705882
371705,4.88169035142424,0.205033333333333
371706,4.147276995,0.174181818181818
371707,3.77767113935294,0.158661764705882
371708,3.7368918620909,0.156954545454545
371709,3.86193492445454,0.16220303030303
371710,4.10519119179411,0.172414705882352
371711,4.06629406848484,0.170790909090909
371712,3.61437878481818,0.15180303030303
371713,3.17146683047058,0.13320294117647
371714,3.300357283,0.138615151515151
371715,3.86611886739393,0.162375757575757
371716,3.9861143745,0.167423529411764
371717,3.76178801912121,0.157993939393939
371718,3.79605905924242,0.159436363636363
371719,3.68367078733333,0.154712121212121
371720,3.62213760405882,0.152123529411764
371721,3.60274414124242,0.151315151515151
371722,3.46413015530303,0.145487878787878
371723,3.83562510311764,0.161091176470588
371724,3.82317894675757,0.160569696969696
371725,3.70970806748484,0.15580606060606
371726,3.26464653461764,0.137114705882352
371727,3.60887659348484,0.151575757575757
371728,4.19418388996969,0.176160606060606
371729,3.50049800517647,0.147023529411764
371730,2.7420201000606,0.115157575757575
371731,3.39017648454545,0.142390909090909
371732,3.8206173872647,0.160464705882352
371733,3.59554183678787,0.15100909090909
371734,3.89330003221212,0.163515151515151
371735,3.81861923441176,0.160391176470588
371736,3.97591140621212,0.166993939393939
371737,3.41367412741791,0.143373134328358
371738,3.64143765827272,0.152939393939393
371739,3.31572694193939,0.139248484848484
371740,3.04349884624242,0.127821212121212
371741,3.33477052070588,0.140055882352941
371742,3.14035032769697,0.131893939393939
371743,3.09984269045454,0.130184848484848
371744,3.36786792708823,0.141438235294117
371745,3.68144810869696,0.154627272727272
371746,4.11318452651515,0.172748484848484
371747,3.90414109682352,0.163979411764705
371748,4.12572162781818,0.173284848484848
371749,4.02920611896969,0.169221212121212
371750,4.08996561385294,0.171791176470588
371751,3.6093816700303,0.151587878787878
371752,3.96686158157575,0.166612121212121
371753,3.95610353732352,0.16615294117647
371754,4.16350926824242,0.174857575757575
371755,4.07359999196969,0.171090909090909
371756,3.86568239708823,0.162364705882352
371757,4.49965630412121,0.188978787878787
371758,4.10232229099999,0.1723
371759,3.47238283508823,0.145838235294117
371760,3.44732324393939,0.144790909090909
371761,3.85711125290909,0.16200303030303
371762,4.29591332761764,0.180429411764705
371763,4.27961822239394,0.179742424242424
371764,4.50479359390909,0.18920303030303
371765,4.49081148187878,0.188612121212121
371766,3.65550558311764,0.153529411764705
371767,3.94480245296969,0.165678787878787
371768,3.69185865512121,0.155054545454545
371769,3.74235299582352,0.157173529411764
371770,4.3035147460303,0.180751515151515
371771,4.14131364672727,0.173936363636363
371772,3.32162528852941,0.139499999999999
371773,3.17369695024242,0.133287878787878
371774,3.3127230450606,0.139139393939393
371775,3.49099069764705,0.146623529411764
371776,4.09756042272727,0.172090909090909
371777,4.13777022127272,0.173778787878787
371778,4.70176694620588,0.197476470588235
371779,5.33694366357575,0.224148484848484
371780,4.70340635839394,0.197536363636363
371781,4.13045501194117,0.173479411764705
371782,4.34835347030303,0.182630303030303
371783,3.70985784154545,0.155824242424242
371784,3.51822586867647,0.147770588235294
371785,3.8203516490303,0.160460606060606
371786,4.07800182396969,0.171278787878787
371787,4.38002106547058,0.183955882352941
371788,5.02104255651515,0.210878787878787
371789,5.72161236666666,0.24030909090909
371790,5.6452257550303,0.237096969696969
371791,5.33336219320588,0.223999999999999
371792,4.22882969390909,0.17760909090909
371793,3.51697409930303,0.14770909090909
371794,3.36360857885294,0.141282352941176
371795,3.42466909551515,0.143836363636363
371796,3.77890407781818,0.15870606060606
371797,3.80225444394117,0.159688235294117
371798,3.85833101078787,0.162051515151515
371799,3.83345181678787,0.16100909090909
371800,3.69589032552941,0.155226470588235
371801,3.7249387350303,0.156445454545454
371802,3.96696625248484,0.166618181818181
371803,4.04667923588235,0.169958823529411
371804,4.14271473757575,0.173993939393939
371805,4.14385020645454,0.174033333333333
371806,4.06163590029411,0.170588235294117
371807,3.83891192948484,0.161233333333333
371808,4.0078328740606,0.168327272727272
371809,4.03011432388235,0.169267647058823
371810,3.60117736518181,0.151257575757575
371811,3.56930862742424,0.14990909090909
371812,3.82919887699999,0.160835294117647
371813,3.97245713521212,0.166839393939393
371814,3.78075133496969,0.158793939393939
371815,3.67415704436363,0.154324242424242
371816,3.59471035205882,0.150982352941176
371817,3.47546630275757,0.145972727272727
371818,3.51904463684848,0.147796969696969
371819,3.56667533291176,0.14980294117647
371820,3.54710011924242,0.148972727272727
371821,3.52918482730303,0.148230303030303
371822,3.86002130420588,0.162114705882352
371823,3.88892804969697,0.163339393939393
371824,3.93504820357575,0.165272727272727
371825,4.12704694623529,0.173338235294117
371826,3.90601649421212,0.164054545454545
371827,3.88945271921212,0.163357575757575
371828,3.87666215529411,0.162823529411764
371829,3.96483207072727,0.166521212121212
371830,4.46895617233333,0.187696969696969
371831,4.32736483594117,0.181744117647058
371832,4.15304112657575,0.174430303030303
371833,3.90618888563636,0.164057575757575
371834,3.84360865302941,0.161429411764705
371835,3.85944767566666,0.162090909090909
371836,3.91574865233333,0.164466666666666
371837,3.76437096620588,0.1581
371838,3.70208103051515,0.155493939393939
371839,4.02247917293939,0.168939393939393
371840,4.43217316212121,0.186142424242424
371841,4.80216174864705,0.201691176470588
371842,4.75592314,0.199745454545454
371843,4.23580950696969,0.17790303030303
371844,3.65940489117647,0.153699999999999
371845,3.57727505572727,0.150245454545454
371846,3.99238431751515,0.167666666666666
371847,3.7600425707647,0.157914705882352
371848,3.72744281518181,0.156554545454545
371849,3.66831638190909,0.154066666666666
371850,3.73570750391176,0.156891176470588
371851,3.81825770518181,0.160366666666666
371852,3.64843088390909,0.153233333333333
371853,3.73409568267647,0.156841176470588
371854,4.44904240254545,0.186866666666666
371855,3.69910737778787,0.155351515151515
371856,3.3072197242647,0.13890294117647
371857,3.6347992090303,0.152657575757575
371858,4.13613348930303,0.173715151515151
371859,5.30632637805882,0.222870588235294
371860,4.4449097430303,0.186690909090909
371861,3.29544958554545,0.13840909090909
371862,3.39881735642424,0.142754545454545
371863,3.94528982388235,0.165705882352941
371864,3.52169691324242,0.14790909090909
371865,3.42409721893939,0.143818181818181
371866,3.59249791082352,0.150888235294117
371867,3.59613764563636,0.151039393939393
371868,3.35756176939393,0.141018181818181
371869,3.39470796,0.142576470588235
371870,3.54320783460606,0.148815151515151
371871,3.36325870642424,0.141260606060606
371872,3.35824881714705,0.14105294117647
371873,3.80910991590909,0.159978787878787
371874,3.96131770584848,0.166372727272727
371875,4.13937037794117,0.173844117647058
371876,4.18573539693939,0.175793939393939
371877,3.98978726945454,0.167572727272727
371878,4.11201983070588,0.17270294117647
371879,3.83135826733333,0.160921212121212
371880,4.04563300654545,0.169912121212121
371881,3.94963544905882,0.165873529411764
371882,4.29964073936363,0.180587878787878
371883,4.21097620518181,0.176857575757575
371884,4.4567294095,0.187179411764705
371885,4.55277336557575,0.191218181818181
371886,4.17146228393939,0.1752
371887,3.53975619345454,0.148660606060606
371888,3.70201419967647,0.155488235294117
371889,4.32470231842424,0.181633333333333
371890,4.42563662227272,0.185875757575757
371891,4.36228720341176,0.183211764705882
371892,4.67836831699999,0.196490909090909
371893,4.74402037587878,0.199242424242424
371894,5.21611518670588,0.219082352941176
371895,4.79254822342424,0.201284848484848
371896,5.08380761842424,0.213518181818181
371897,5.51298077123529,0.231555882352941
371898,5.592166026,0.234869696969696
371899,5.33266780481818,0.223963636363636
371900,4.25006263635294,0.178511764705882
371901,3.89352712584848,0.163533333333333
371902,4.17660023118181,0.175424242424242
371903,4.1778645585,0.175458823529411
371904,4.45522035245454,0.187118181818181
371905,4.23815224157575,0.177996969696969
371906,4.56526053332353,0.191738235294117
371907,4.0284275305,0.169193939393939
371908,3.68501139391176,0.154770588235294
371909,4.41412545354545,0.1854
371910,3.8256509420606,0.160681818181818
371911,3.26405581163636,0.137081818181818
371912,4.15524839308823,0.174517647058823
371913,3.14960370839393,0.132281818181818
371914,4.08262667339393,0.171472727272727
371915,4.24274900879411,0.178194117647058
371916,3.85411156381818,0.161863636363636
371917,4.26554472051515,0.179142424242424
371918,4.17281187105882,0.175255882352941
371919,4.17724469357575,0.175439393939393
371920,4.18022189684848,0.175563636363636
371921,3.40406032641176,0.142964705882352
371922,3.56539701293939,0.149739393939393
371923,3.71597411975757,0.156081818181818
371924,3.8595161502647,0.16210294117647
371925,3.64034255860606,0.152887878787878
371926,3.81498752866666,0.160236363636363
371927,3.72539026547058,0.156467647058823
371928,3.71340626387878,0.155969696969696
371929,4.20494355842424,0.17660606060606
371930,3.99666632167647,0.167861764705882
371931,3.88336274030303,0.1631
371932,4.16383892896969,0.174884848484848
371933,4.24372166608823,0.178235294117647
371934,4.28776808775757,0.180078787878787
371935,3.86010094824242,0.162130303030303
371936,3.37330658666666,0.141684848484848
371937,2.86234150088235,0.120217647058823
371938,3.08898426833333,0.129745454545454
371939,3.39403365960606,0.142554545454545
371940,3.3745839977647,0.141726470588235
371941,3.38287792478787,0.142081818181818
371942,3.8375884210909,0.161175757575757
371943,3.44042030197058,0.144494117647058
371944,3.09121825557575,0.129830303030303
371945,3.3368378520606,0.140145454545454
371946,3.61637160061764,0.151891176470588
371947,3.07479636487878,0.129142424242424
371948,3.52938088793939,0.148245454545454
371949,3.44205815938235,0.144573529411764
371950,3.39461421490909,0.142569696969696
371951,3.66834097175757,0.154072727272727
371952,3.43970022167647,0.144470588235294
371953,3.05590366248484,0.128345454545454
371954,2.93428594215151,0.123233333333333
371955,2.98564920523529,0.125391176470588
371956,3.26836388690909,0.137266666666666
371957,3.306985607,0.138890909090909
371958,3.39645568636363,0.142645454545454
371959,3.34646219114705,0.14055294117647
371960,3.43255189230303,0.144166666666666
371961,3.41575010942424,0.143460606060606
371962,3.72162943438235,0.156308823529411
371963,3.45721332872727,0.14520909090909
371964,3.53528203860606,0.148478787878787
371965,3.87969384432352,0.162941176470588
371966,3.60114291318181,0.151245454545454
371967,3.34011236812121,0.140284848484848
371968,3.33028986455882,0.139873529411764
371969,3.38446140087878,0.142154545454545
371970,3.49327705518181,0.146718181818181
371971,3.29892156988235,0.138555882352941
371972,3.45517961018181,0.145115151515151
371973,3.45904743648484,0.145284848484848
371974,3.49863079917647,0.146932352941176
371975,3.52765000478787,0.148160606060606
371976,3.50334913051515,0.147142424242424
371977,3.55139640635294,0.149164705882352
371978,3.44031121436363,0.144493939393939
371979,3.4497300170606,0.144890909090909
371980,3.43304413629411,0.144188235294117
371981,3.42285799966666,0.143757575757575
371982,3.3166674020303,0.139296969696969
371983,3.37015699196969,0.141557575757575
371984,3.4208723272647,0.143679411764705
371985,3.3388488220606,0.140230303030303
371986,3.42652411115151,0.143915151515151
371987,3.35673437644117,0.140982352941176
371988,3.15387272933333,0.132472727272727
371989,3.08307023118181,0.129493939393939
371990,3.07442559614705,0.129129411764705
371991,3.03981156396969,0.127675757575757
371992,2.97609118287878,0.124993939393939
371993,3.02131283941176,0.126899999999999
371994,3.08787795053125,0.1296875
371995,2.431028663,0.1021
371997,2.39744026938235,0.100691176470588
371998,2.24519968654545,0.0942999999999999
371999,2.28267186766666,0.0958666666666666
372000,2.21157440067647,0.0928823529411764
372001,2.30495703815151,0.0968090909090909
372002,2.79958488563636,0.117581818181818
372003,2.37096078711764,0.0995794117647058
372004,2.13486433175757,0.0896696969696969
372005,2.31966224730303,0.0974212121212121
372006,2.63279715731428,0.110585714285714
372007,2.77379324024242,0.116496969696969
372008,2.73298421393939,0.114778787878787
372009,2.67168862090909,0.11220606060606
372010,2.78936871767647,0.117155882352941
372011,2.66056483975757,0.111742424242424
372012,2.41885075557894,0.101587969924812
372013,1.98200612274626,0.0832462686567164
372014,2.21506242414285,0.0930315789473684
372015,2.24273155183582,0.0941955223880596
372016,1.90054945134328,0.079820895522388
372017,2.31091735865,0.097058
372018,1.76499814484848,0.0741318181818181
372019,1.8164421362985,0.0762880597014925
372020,2.02774602916666,0.0851712121212121
372021,2.10893305901492,0.088576119402985
372022,1.97407563008955,0.0829119402985074
372023,2.38708707072727,0.100257575757575
372024,2.50954259307462,0.105399999999999
372025,2.07070768912781,0.0869684210526315
372026,1.95414820055223,0.0820746268656716
372027,2.56402178131343,0.107688059701492
372028,1.39803854784848,0.0587272727272727
372029,1.38508530638806,0.0581731343283582
372030,1.97282964075757,0.0828621212121212
372031,2.2534156022388,0.0946477611940298
372032,1.90650695474626,0.0800731343283582
372033,1.70791115040909,0.0717318181818181
372034,2.12162112185074,0.0891074626865671
372035,1.97621448691044,0.0830014925373134
372036,1.84412382036363,0.0774515151515151
372037,1.56255626894029,0.0656253731343283
372038,1.57161480377611,0.0660014925373134
372039,1.35735943972727,0.057
372040,1.53861673425373,0.0646253731343283
372041,1.80514627168181,0.0758227272727272
372042,1.68033542173134,0.0705716417910447
372043,1.9521139094812,0.0819872180451127
372044,2.06711473146268,0.0868164179104477
372045,1.96439339158209,0.0825074626865671
372046,1.98426513351515,0.0833378787878787
372047,2.07769560853731,0.0872537313432835
372048,1.67089618801492,0.0701746268656716
372049,1.75459187215151,0.0736939393939394
372050,1.77032906164179,0.0743522388059701
372051,1.75262364925373,0.0736044776119402
372052,1.78135829819696,0.0748181818181818
372053,1.90361375986567,0.079955223880597
372054,1.95923116857575,0.0822878787878787
372055,1.56899945814925,0.0658970149253731
372056,1.50915227316417,0.0633880597014925
372057,1.54881585751515,0.0650545454545454
372058,1.62203894673134,0.0681238805970149
372059,1.64343055792537,0.0690283582089552
372060,1.65172240568181,0.0693712121212121
372061,1.94541006670149,0.0817029850746268
372062,1.18526120585074,0.049776119402985
372063,1.30411443251515,0.0547727272727272
372064,1.64262175085074,0.0689925373134328
372065,1.51315819104545,0.0635515151515151
372066,1.65561415265671,0.0695432835820895
372067,1.62679178897014,0.0683253731343283
372068,1.64169240915151,0.068960606060606
372069,1.60208140064179,0.0672865671641791
372070,1.73857872326865,0.0730194029850746
372071,2.36790520833333,0.0994469696969696
372072,2.37424889532835,0.0997149253731343
372073,1.7036469781194,0.0715507462686567
372074,1.84050136572727,0.0773
372075,1.90433208770149,0.0799835820895522
372076,1.92656430637313,0.0809074626865671
372077,2.03041230984848,0.0852742424242424
372078,2.39333364488059,0.100516417910447
372079,1.89526074768181,0.0796
372080,2.00734002044776,0.0843119402985074
372081,1.81883876459701,0.0763955223880597
372082,1.87368440696969,0.0786969696969696
372083,1.92072299447761,0.080665671641791
372084,1.91425545285074,0.0803910447761194
372085,2.0101287730909,0.0844242424242424
372086,1.40518883676119,0.0590164179104477
372087,1.44662257943283,0.0607597014925373
372088,1.64444080916666,0.0690621212121212
372089,1.80387723155639,0.0757646616541353
372090,2.06596997941791,0.0867686567164179
372091,1.81566700798507,0.0762626865671641
372092,1.65904654139393,0.069680303030303
372093,2.08555557014925,0.0875955223880597
372094,1.77436908107462,0.0745223880597014
372095,1.78600629087878,0.0750181818181818
372096,1.63190700097014,0.0685373134328358
372097,1.57614504273134,0.0661940298507462
372098,1.5402878750606,0.0646893939393939
372099,1.62798848386567,0.0683746268656716
372100,1.46115391537878,0.0613681818181818
372101,1.70041829155223,0.0714179104477611
372102,1.9847481520597,0.0833641791044776
372103,1.88943790310606,0.0793545454545454
372104,1.70490947608955,0.0716014925373134
372105,1.6965823520597,0.0712507462686567
372106,1.41560780774242,0.0594515151515151
372107,1.64669849320895,0.0691597014925373
372108,1.55179110758823,0.0651691176470588
372109,1.34342085284848,0.0564257575757575
372110,1.49458565114925,0.062776119402985
372111,1.73458021926865,0.0728507462686567
372112,1.76928570675757,0.0743075757575757
372113,1.45502301950746,0.0611149253731343
372114,1.5713567220303,0.0659954545454545
372115,1.64847776494029,0.0692462686567164
372116,1.59179508271641,0.0668522388059701
372117,2.22985284221212,0.0936530303030303
372118,1.79902299286567,0.075555223880597
372119,1.61169537502985,0.0676865671641791
372120,2.28310232019696,0.0958893939393939
372121,2.49935737602985,0.104971641791044
372122,2.6377679080597,0.110780597014925
372123,1.46787520719696,0.0616515151515151
372124,1.26880628076119,0.0532925373134328
372125,1.29804661066666,0.0545181818181818
372126,1.51596573386567,0.0636686567164179
372127,1.68716131770149,0.0708582089552238
372128,1.99497726621212,0.0837863636363636
372129,1.66882624310447,0.0700895522388059
372130,1.40051313179104,0.058820895522388
372131,1.19729580954545,0.0502833333333333
372132,1.29875746389552,0.0545537313432835
372133,1.61450165295522,0.0678119402985074
372134,1.27924733615151,0.0537333333333333
372135,1.19601306701492,0.0502343283582089
372136,1.23494875664179,0.0518686567164179
372137,1.64310263904545,0.0690196969696969
372138,2.03815331361194,0.0856014925373134
372139,2.03345861428787,0.0854015151515151
372140,1.08989795004477,0.0457731343283582
372141,1.10678205544776,0.0464895522388059
372142,1.12565883707575,0.047280303030303
372143,1.32407471655223,0.0556089552238805
372144,1.61766712725373,0.0679417910447761
372145,1.55800625160606,0.0654333333333333
372146,1.75418200165671,0.073676119402985
372147,1.61876919799999,0.0679850746268656
372148,1.42747184633333,0.0599545454545454
372149,1.1242638282985,0.0472268656716417
372150,1.42557751343939,0.0598696969696969
372151,1.53166745776119,0.0643343283582089
372152,1.60547763879104,0.0674328358208955
372153,1.57461039587878,0.0661287878787878
372154,1.16279757561194,0.0488402985074626
372155,1.73248644013432,0.0727641791044776
372156,1.71744981187878,0.0721287878787878
372157,2.0967536741791,0.0880671641791044
372158,2.08665239486567,0.0876402985074626
372159,1.73127518057575,0.0727212121212121
372160,2.0627501011791,0.0866373134328358
372161,1.76121237212121,0.0739696969696969
372162,1.5080877346791,0.0633395522388059
372163,1.35033952028787,0.0567121212121212
372164,1.13215254632835,0.0475522388059701
372165,1.10069676726865,0.0462283582089552
372166,1.05490611018181,0.0443015151515151
372167,1.19616041126865,0.0502402985074626
372168,1.17314548667164,0.0492686567164179
372169,1.14094065657575,0.0479136363636363
372170,1.19105335985074,0.0500238805970149
372171,1.45309763395522,0.061031343283582
372172,1.19649276277272,0.0502545454545454
372173,1.36743365049253,0.057431343283582
372174,1.34380265184848,0.0564363636363636
372175,1.18287921473134,0.0496791044776119
372176,1.31426028908955,0.0552
372177,1.60935679437878,0.0675939393939393
372178,1.19050770016417,0.0500014925373134
372179,1.07817329244776,0.0452865671641791
372180,1.19768240815151,0.0502999999999999
372181,1.80284267594029,0.0757194029850746
372182,1.27386954992537,0.0535
372183,1.7412855185303,0.0731348484848484
372184,1.35768871187218,0.0570233082706766
372185,1.23116482483582,0.0517089552238805
372186,1.55182118226865,0.0651746268656716
372187,1.50845648219697,0.0633560606060605
372188,1.30865563474626,0.0549671641791044
372189,1.54558774657,0.064914
372190,1.87917584525373,0.0789253731343283
372191,1.85344433715037,0.0778413533834586
372192,1.77033087513432,0.0743522388059701
372193,1.84663519868181,0.0775590909090909
372194,1.65077555926865,0.0693373134328358
372195,1.59350382151515,0.0669242424242424
372196,1.87735259674626,0.0788447761194029
372197,1.60105549550746,0.067244776119403
372198,1.71614070246969,0.0720772727272727
372199,1.87601302632835,0.0787955223880597
372200,1.55921799698507,0.0654835820895522
372201,1.44795939922727,0.0608075757575757
372202,1.43485407482089,0.0602701492537313
372203,1.1949234961791,0.0501895522388059
372204,1.28664320295454,0.0540484848484848
372205,1.19100284180597,0.0500238805970149
372206,1.376804623,0.0578196969696969
372207,1.54413641468656,0.0648597014925373
372208,1.92118044182089,0.0806910447761194
372209,1.8598466120303,0.0781121212121212
372210,2.12109223674626,0.0890850746268656
372211,1.80323788252238,0.0757313432835821
372212,1.65273407101515,0.0694181818181818
372213,1.66746108980597,0.0700343283582089
372214,1.80137357202985,0.0756641791044776
372215,1.90943970942424,0.0801878787878788
372216,1.98423636534328,0.0833373134328358
372217,1.67893914019696,0.0705121212121212
372218,1.68485413225373,0.0707582089552238
372219,1.57564867047761,0.0661776119402984
372220,1.62251889671212,0.068140909090909
372221,1.69952884992537,0.0713805970149253
372222,1.63104540914925,0.0684985074626865
372223,1.91773790240909,0.0805454545454545
372224,1.92438522955223,0.0808298507462686
372225,1.61564380869117,0.0678573529411764
372226,1.6786337405303,0.0704984848484848
372227,1.97828818826865,0.0830880597014925
372228,1.74040677998496,0.0731022556390977
372229,1.8010878211791,0.0756477611940298
372230,1.92062581977272,0.0806651515151515
372231,1.88869325241791,0.0793238805970149
372232,1.75626600098507,0.0737641791044776
372233,1.73176960586363,0.0727363636363636
372234,1.58383829482089,0.0665194029850746
372235,1.46291776088059,0.0614447761194029
372236,1.89961879145454,0.0797878787878788
372237,1.90647729162686,0.080076119402985
372238,2.06639428868421,0.0867917293233082
372239,1.98337587449253,0.0832970149253731
372240,1.88553739990909,0.079190909090909
372241,2.0654800190597,0.0867522388059701
372242,1.88901805762686,0.0793358208955223
372243,1.58553502628787,0.066590909090909
372244,1.63659533558208,0.0687417910447761
372245,1.53878681176119,0.064620895522388
372246,1.55681759257575,0.0653848484848484
372247,1.74557100502985,0.0733119402985074
372248,1.71333996742857,0.0719616541353383
372249,1.88189086683582,0.0790358208955223
372250,1.66060695559701,0.0697477611940298
372251,1.5582519377826,0.065445652173913
372252,1.97823557274468,0.0830872340425531
372253,1.75889947006521,0.0738760869565217
372254,1.65819428580851,0.0696468085106383
372255,1.56857971182978,0.0658787234042553
372256,1.57514218602173,0.0661565217391304
372257,1.75647578455319,0.0737765957446808
372258,1.78523427580851,0.0749829787234042
372259,1.724016773,0.0724065217391304
372260,1.69662043482978,0.0712595744680851
372261,1.92084433976595,0.0806829787234042
372262,1.96894900495652,0.0826978260869565
372263,1.82879260859574,0.0768085106382978
372264,1.99033300157446,0.0836063829787234
372265,1.99682286263043,0.0838652173913043
372266,1.87722802551063,0.0788404255319148
372267,1.82883157063829,0.0767978723404255
372268,1.95694724715217,0.082195652173913
372269,1.96026208129787,0.0823212765957446
372270,1.88843696893478,0.0793152173913043
372271,2.0353890637234,0.0854893617021276
372272,2.07715015825531,0.0872446808510638
372273,1.94255034493478,0.081595652173913
372274,1.76109093695744,0.0739744680851064
372275,1.8795228144468,0.0789382978723404
372276,1.75480159413043,0.0736999999999999
372277,1.6755432770851,0.0703723404255319
372278,1.7919172770851,0.0752595744680851
372279,1.80192499741304,0.0756847826086956
372280,2.00609858402127,0.0842574468085106
372281,1.76590339202127,0.0741723404255319
372282,1.81326113341304,0.0761543478260869
372283,1.80450708604255,0.0757914893617021
372284,1.62731125670212,0.0683489361702127
372285,1.24789934295652,0.0524195652173913
372286,1.62588732839784,0.0682892473118279
372287,1.64016752142553,0.0688914893617021
372288,1.39009499699999,0.0583872340425531
372289,1.74781596082608,0.0734086956521739
372290,2.33913019474468,0.0982404255319148
372291,1.7445869594086,0.0732698924731182
372292,1.86186618925531,0.0781978723404255
372293,2.13248628359574,0.0895659574468085
372294,1.8990092812826,0.0797586956521739
372295,1.69816820548936,0.0713255319148936
372296,2.02617537802127,0.0851021276595744
372297,1.54859551580434,0.0650434782608695
372298,1.44809965104255,0.0608212765957446
372299,1.65117484480851,0.0693574468085106
372300,1.63406386852173,0.0686326086956521
372301,1.67523001148936,0.070363829787234
372302,1.3569096343913,0.0569934782608695
372303,1.14675782306382,0.0481659574468085
372304,1.50115349830107,0.063052688172043
372305,1.73198769642553,0.0727489361702127
372306,1.86499866138297,0.0783191489361702
372307,2.01705037058695,0.0847108695652174
372308,1.96386403653191,0.0824893617021276
372309,1.78867696691489,0.0751212765957446
372310,1.50903469334782,0.0633717391304347
372311,1.62090339014893,0.0680808510638297
372312,1.27436830206383,0.0535255319148936
372313,1.41987457323913,0.0596434782608695
372314,1.3020967927234,0.0546893617021276
372315,1.4350001044468,0.0602680851063829
372316,1.33322468515217,0.0559934782608695
372317,1.50574386025531,0.0632361702127659
372318,1.7941417688913,0.0753499999999999
372319,1.67823165621276,0.0704808510638297
372320,1.49527378810638,0.0628063829787234
372321,1.57513199806521,0.0661543478260869
372322,1.40576040463829,0.0590446808510638
372323,1.38037083504255,0.0579829787234042
372324,1.24678403026086,0.0523652173913043
372325,1.22883897129787,0.0516106382978723
372326,1.30004694755319,0.0546042553191489
372327,1.36679519408695,0.057395652173913
372328,1.38577944593616,0.0582106382978723
372329,1.53786601070212,0.0645787234042553
372330,1.71256366252173,0.0719260869565217
372331,1.70062465895744,0.0714297872340425
372332,1.7301622983617,0.0726659574468085
372333,1.53391136613043,0.0644217391304348
372334,1.05837470731914,0.0444531914893617
372335,1.23032253056521,0.0516782608695652
372336,1.40015273657446,0.0588063829787234
372337,1.4535413150851,0.0610446808510638
372338,1.75634876865217,0.0737695652173913
372339,1.46896288695744,0.0616893617021276
372340,1.58942189723404,0.0667553191489361
372341,1.6905067322826,0.0709978260869565
372342,1.26441129134042,0.0531042553191489
372343,1.11593452968085,0.0468659574468085
372344,1.18802016891304,0.0498891304347826
372345,1.33037749151063,0.0558765957446808
372346,1.458122491,0.0612382978723404
372347,1.73448182730434,0.0728434782608695
372348,1.79793465267164,0.0755089552238806
372349,1.82839140483582,0.0767895522388059
372350,1.62341951342424,0.0681818181818181
372351,1.59021924319402,0.0667940298507462
372352,1.71007044789393,0.0718196969696969
372353,1.14111885341791,0.0479313432835821
372354,1.38713251813432,0.058255223880597
372355,1.5655852265606,0.0657560606060606
372356,1.36188884058208,0.0571970149253731
372357,1.24102853983582,0.0521223880597015
372358,1.12121755618181,0.0470893939393939
372359,1.51109313802985,0.0634641791044776
372360,1.49031998434328,0.0625895522388059
372361,1.44879775260606,0.0608469696969697
372362,1.21620422673134,0.0510835820895522
372363,1.25886563762121,0.0528742424242424
372364,1.37711640719402,0.0578402985074626
372365,1.18931197661194,0.0499522388059701
372366,1.22179931915151,0.0513181818181818
372367,1.36467005385074,0.0573149253731343
372368,1.35062538698507,0.056731343283582
372369,1.53286117248484,0.064380303030303
372370,1.46301801983582,0.0614417910447761
372371,1.47014100079104,0.0617417910447761
372372,1.42361453963636,0.0597924242424242
372373,1.44060428857352,0.0605029411764706
372374,1.44287329789552,0.0606029850746268
372375,1.43952964436363,0.0604651515151515
372376,1.53204375238806,0.0643507462686567
372377,1.29903026728787,0.0545545454545454
372378,1.2633301883582,0.0530567164179104
372379,1.30874034965671,0.054965671641791
372380,1.53739311987878,0.0645651515151515
372381,1.61656719370149,0.0678955223880597
372382,1.46483330189552,0.0615223880597014
372383,1.20277722463636,0.050510606060606
372384,1.58830292502985,0.0667059701492537
372385,1.48697141447761,0.0624567164179104
372386,1.69836814951515,0.0713272727272727
372387,1.39272978907462,0.0584880597014925
372388,1.62566408627272,0.0682681818181818
372389,1.48164745931343,0.0622268656716417
372390,1.57383973547761,0.0661074626865671
372391,1.58867022213636,0.0667227272727272
372392,1.43665031544776,0.0603402985074626
372393,1.42799517410526,0.0599736842105263
372394,1.6214387533582,0.0680970149253731
372395,1.67756696761194,0.0704582089552238
372396,1.30360534543939,0.0547515151515151
372397,1.55735744291044,0.0654029850746268
372398,1.69085413346969,0.0710136363636363
372399,1.83581153562686,0.0771014925373134
372400,1.68656656473134,0.0708268656716417
372401,1.60043478387878,0.0672196969696969
372402,1.71551619498507,0.072055223880597
372403,1.67475654458208,0.0703462686567164
372404,1.3290856080303,0.0558181818181818
372405,1.52810515762686,0.0641791044776119
372406,1.7820645352985,0.074855223880597
372407,1.75159540475757,0.0735636363636363
372408,1.60218120619402,0.0672910447761194
372409,1.71254009876119,0.0719253731343283
372410,1.3668610850303,0.0574090909090909
372411,1.46165202455223,0.0613925373134328
372412,1.46350901054545,0.0614651515151515
372413,1.61773429032835,0.0679522388059701
372414,1.90684659150746,0.0800880597014925
372415,1.94385789362121,0.0816439393939394
372416,1.72609623008955,0.0724985074626865
372417,1.40491519726865,0.0590089552238806
372418,1.81588141630303,0.0762681818181818
372419,1.56761597591044,0.0658373134328358
372420,1.60799712962686,0.0675373134328358
372421,2.01387299307575,0.084580303030303
372422,1.72776131810447,0.0725611940298507
372423,1.90812967946969,0.0801424242424242
372424,1.69411914344776,0.0711537313432835
372425,1.93495710399999,0.0812701492537313
372426,1.59950103012121,0.0671772727272727
372427,1.9073111632985,0.0801089552238805
372428,1.89097412453383,0.0794210526315789
372429,1.98237814289552,0.0832626865671642
372430,1.81898785759701,0.0763970149253731
372431,2.01237078168181,0.0845151515151515
372432,1.72878819471641,0.072610447761194
372433,2.13493088053731,0.0896716417910447
372434,1.93988986719696,0.0814757575757575
372435,1.91211620753731,0.0803149253731343
372436,1.53458337692424,0.06445
372437,1.58517508019402,0.0665746268656716
372438,1.93135664073684,0.0811127819548872
372439,1.83091523508955,0.0768992537313432
372440,2.00794047678195,0.0843315789473684
372441,2.14871537941791,0.0902537313432835
372442,1.72881949081818,0.0726136363636363
372443,1.56240704632835,0.065620895522388
372444,1.92085843633333,0.0806742424242424
372445,1.48025406767164,0.0621716417910447
372446,1.47737810068656,0.0620507462686567
372447,1.39310487989393,0.0585121212121212
372448,1.42695097850746,0.0599358208955224
372449,1.93508920754545,0.0812727272727272
372450,1.98237192522388,0.0832567164179104
372451,1.83315616416417,0.0769955223880596
372452,1.93696664315151,0.0813530303030303
372453,2.14335094492537,0.0900253731343283
372454,1.80549112019696,0.0758287878787878
372455,2.11290552685074,0.0887402985074626
372456,1.82070216828358,0.0764716417910447
372457,1.98258303539393,0.0832651515151515
372458,2.18981259414925,0.0919746268656716
372459,2.13501967576119,0.0896746268656716
372460,2.27046534762121,0.0953590909090909
372461,2.23069750346268,0.0936835820895522
372462,1.7645220112388,0.0741074626865671
372463,1.52755168860606,0.0641530303030303
372464,1.77304181640298,0.0744641791044776
372465,1.88686100144776,0.0792477611940298
372466,2.18772609351515,0.0918818181818181
372467,2.37483930889552,0.0997388059701492
372468,2.12763894966666,0.089360606060606
372469,2.28722131294029,0.096065671641791
372470,2.29360429551127,0.0963293233082707
372471,1.53525352725373,0.0644835820895522
372472,1.72328295740298,0.072376119402985
372473,1.65877092562121,0.0696666666666666
372474,1.86349206176119,0.078265671641791
372475,1.52283359865671,0.0639641791044776
372476,1.56753912728787,0.0658409090909091
372477,3.22342106086567,0.135385074626865
372478,7.98161548992424,0.335231818181818
372479,10.8289673065373,0.454817910447761
372480,9.63321427764179,0.404595522388059
372481,10.3585123358787,0.43505909090909
372482,9.10924276276119,0.382585074626865
372483,3.14391328528358,0.132040298507462
372484,1.49448607337878,0.0627666666666666
372485,1.39194688885074,0.0584641791044776
372486,1.397888395,0.0587134328358208
372487,1.55389048937878,0.0652560606060606
372488,1.53803823779104,0.0645955223880597
372489,1.60500004886567,0.0674059701492537
372490,1.48868867313636,0.0625212121212121
372491,1.4255402941791,0.0598701492537313
372492,1.2990204050909,0.0545636363636363
372493,1.34673050962686,0.0565641791044776
372494,1.28482639786567,0.0539641791044776
372495,1.30129353497014,0.0546537313432835
372496,1.36503022161194,0.0573313432835821
372497,1.45582975392537,0.0611432835820895
372498,1.44204970137878,0.0605742424242424
372499,1.29391142232835,0.0543432835820895
372500,1.43522389279104,0.0602791044776119
372501,1.38423888668181,0.0581424242424242
372502,1.55012170308955,0.0651059701492537
372503,1.50599678184848,0.0632545454545454
372504,1.54566180085074,0.0649253731343283
372505,1.57957301655223,0.0663417910447761
372506,1.90694989642424,0.0800893939393939
372507,1.92441605847761,0.0808238805970149
372508,1.57571531543283,0.066176119402985
372509,1.70104185978787,0.0714378787878787
372510,1.71275771501492,0.0719343283582089
372511,1.76356165001492,0.0740746268656716
372512,1.52339858137878,0.0639893939393939
372513,1.60591306550746,0.0674507462686567
372514,1.50966138083333,0.0634075757575757
372515,1.57281143402985,0.0660567164179104
372516,1.48039920989552,0.0621776119402985
372517,1.77443811862121,0.0745242424242424
372518,1.63752013986567,0.0687731343283582
372519,1.8356953441194,0.0770955223880597
372520,1.74069306283333,0.0731136363636363
372521,1.4939817661194,0.0627432835820895
372522,1.93903261574626,0.0814417910447761
372523,1.91408665015151,0.0803863636363636
372524,1.8928422742985,0.0794985074626865
372525,1.78462741973134,0.0749567164179104
372526,1.64867925718181,0.0692424242424242
372527,1.8339480023582,0.0770298507462686
372528,1.84942153525757,0.0776681818181818
372529,1.53166674528358,0.0643298507462686
372530,1.8125563911194,0.0761253731343283
372531,1.81897920143939,0.0763954545454545
372532,1.8655432242985,0.0783507462686567
372533,2.04885465677611,0.0860522388059701
372534,2.10482444174242,0.0884015151515151
372535,2.39688564704477,0.100668656716417
372536,2.20247565704477,0.0925059701492537
372537,2.16983440510606,0.0911424242424242
372538,1.91429120404477,0.0803970149253731
372539,2.08446181012121,0.0875575757575757
372540,2.27359283707462,0.0954895522388059
372541,2.33798982067164,0.0981940298507462
372542,2.54022631343939,0.106689393939393
372543,2.73143077789552,0.114722388059701
372544,2.61095661628358,0.109658208955223
372545,2.77033022457575,0.116362121212121
372546,2.18333501370149,0.0917029850746268
372547,1.98065288655223,0.0831835820895522
372548,1.9365984540606,0.0813393939393939
372549,1.91279042925373,0.0803343283582089
372550,2.22795968401492,0.0935746268656716
372551,2.18062366034848,0.0915863636363636
372552,2.24553802404477,0.0943149253731343
372553,2.2089101155606,0.0927712121212121
372554,2.29612188173134,0.0964432835820895
372555,2.26850942556716,0.0952731343283582
372556,2.12786098084848,0.0893712121212121
372557,2.03624023382089,0.0855253731343283
372558,2.08803937453731,0.0877029850746268
372559,2.00323153957575,0.0841348484848484
372560,1.9077721081791,0.0801238805970149
372561,1.85589434067164,0.0779462686567164
372562,1.86692590181818,0.0784151515151515
372563,1.90796077361194,0.0801358208955223
372564,1.98203509118181,0.0832439393939393
372565,2.17954324514925,0.0915417910447761
372566,2.51081066095522,0.105458208955223
372567,2.13378040939394,0.0896151515151515
372568,1.96688995497014,0.082610447761194
372569,1.51994778713432,0.063844776119403
372570,1.85396064928787,0.0778636363636363
372571,1.7859042960597,0.075010447761194
372572,1.65700268665671,0.0695940298507462
372573,1.66415575666666,0.0698954545454545
372574,1.76371359285074,0.074076119402985
372575,1.70170466590909,0.0714727272727272
372576,1.47511320792537,0.0619477611940298
372577,1.37247315026865,0.0576462686567164
372578,1.31960118869696,0.0554272727272727
372579,1.20608371167164,0.0506492537313432
372580,1.2612528600597,0.0529746268656716
372581,1.11114390292424,0.0466636363636363
372582,1.31220906179104,0.0551134328358208
372583,1.80523243907462,0.0758223880597015
372584,1.75408666412121,0.073680303030303
372585,1.75683996385074,0.0737850746268656
372586,1.45126596591044,0.060955223880597
372587,1.63011154742424,0.0684651515151515
372588,1.51266127022388,0.0635328358208955
372589,1.47325517287878,0.0618772727272727
372590,1.43996125579104,0.0604791044776119
372591,1.77942593841791,0.0747373134328358
372592,1.75753850251515,0.0738151515151515
372593,1.33621148499999,0.056120895522388
372594,1.54014399873134,0.0646820895522388
372595,1.45650539668181,0.0611742424242424
372596,1.53406246683582,0.0644268656716417
372597,1.78461828773134,0.0749507462686567
372598,1.94767693484848,0.0818030303030303
372599,2.28882396585074,0.0961298507462686
372600,3.05671959586363,0.128383333333333
372601,2.67909854208955,0.112522388059701
372602,2.01570024032835,0.0846626865671641
372603,2.50818827442424,0.105346969696969
372604,3.00259019291044,0.12610895522388
372605,2.27471220068656,0.0955328358208955
372606,1.33558552613636,0.0560954545454545
372607,1.68461274653731,0.0707537313432836
372608,1.51559235364179,0.0636582089552239
372609,1.7088411565303,0.0717696969696969
372610,2.47337613468656,0.103882089552238
372611,2.25318761442424,0.0946272727272727
372612,2.69559527759701,0.113211940298507
372613,2.33174268031343,0.0979402985074626
372614,2.13188351236363,0.089540909090909
372615,2.15285073558208,0.0904149253731343
372616,1.43422901101492,0.0602328358208955
372617,1.60818220540909,0.0675424242424242
372618,2.07246679553731,0.0870477611940298
372619,1.88234365110447,0.0790567164179104
372620,3.99261634233333,0.167696969696969
372621,7.71822799686567,0.324170149253731
372622,7.26159542986567,0.304988059701492
372623,7.61826460618181,0.319972727272727
372624,4.91779235628333,0.20655
379141,15.82874,
379142,15.15932,
379143,14.35458,
379144,12.19753,
379145,12.11915,
379146,13.30092,
379147,14.97611,
379148,13.74212,
379149,13.53588,
379150,15.93157,
379151,14.46141,
379152,17.80396,
379153,15.91436,
379154,16.22586,
379155,13.88197,
379156,16.03269,
379157,15.77316,
379158,14.29581,
379159,12.64343,
379160,12.33103,
379161,12.37043,
379162,12.45088,
379163,13.12502,
379164,13.05606,
379165,12.98343,
379166,12.99809,
379167,11.78133,
379168,11.67844,
379169,11.59292,
379170,12.34208,
379171,12.07848,
379172,13.22405,
379173,11.70417,
379174,11.97866,
379175,11.18069,
379176,10.65011,
379177,10.48908,
379178,9.89685,
379179,9.79025,
379180,9.58701,
379181,10.32745,
379182,9.65361,
379183,10.28546,
379184,11.16817,
379185,10.43225,
379186,10.82841,
379187,11.71112,
379188,11.74662,
379189,12.6349,
379190,16.17386,
379191,23.10318,
379192,21.54106,
379193,17.84841,
379194,16.81061,
379195,16.71892,
379196,17.14697,
379197,18.1056,
379198,16.87604,
379199,18.20671,
379200,17.32947,
379201,17.99394,
379202,17.34371,
379203,15.83425,
379204,15.44698,
379205,16.33998,
379206,15.43651,
379207,16.17164,
379208,17.43784,
379209,17.35234,
379210,16.41388,
379211,18.67783,
379212,22.34988,
379213,21.99396,
379214,22.55727,
379215,22.16544,
379216,21.33469,
379217,22.19653,
379218,21.81658,
379219,22.13985,
379220,19.84069,
379221,21.26744,
379222,24.26555,
379223,24.87469,
379224,22.81585,
379225,20.7007,
379226,19.2144,
379227,19.87126,
379228,18.99575,
379229,17.08024,
379230,15.97435,
379231,16.7149,
379232,15.68056,
379233,16.98394,
379234,20.0156,
379235,22.36107,
379236,23.31301,
379237,22.3747,
379238,23.52752,
379239,26.06556,
379240,23.05311,
379241,21.14813,
379242,22.58428,
379243,28.86645,
379244,25.95989,
379245,24.84375,
379246,20.64383,
379247,22.61061,
379248,24.39922,
379249,23.81649,
379250,24.07947,
379251,22.62614,
379252,23.06555,
379253,21.55856,
379254,24.23132,
379255,27.30842,
379256,27.42042,
379257,26.11635,
379258,26.10098,
379259,25.80997,
379260,20.15594,
379261,22.39877,
379262,25.38498,
379263,27.2251,
379264,27.43974,
379265,30.46079,
379266,26.65398,
379267,26.28862,
379268,23.91471,
379269,27.32604,
379270,28.32403,
379271,25.06385,
379272,27.75329,
379273,24.24027,
379274,25.29303,
379275,23.20731,
379276,22.00095,
379277,21.83881,
379278,18.86492,
379279,20.90652,
379280,24.9256,
379281,26.05549,
379282,24.87719,
379283,29.07395,
379284,29.48301,
379285,27.02619,
379286,27.22856,
379287,27.71579,
379288,28.40525,
379289,24.59589,
379290,21.54418,
379291,26.573,
379292,26.13558,
379293,27.03644,
379294,26.01178,
379295,25.36882,
379296,24.99183,
379297,26.43723,
379298,24.07611,
379299,24.57116,
379300,26.52964,
379301,24.70691,
379302,24.74673,
379303,26.65017,
379304,28.92761,
379305,25.29787,
379306,26.32436,
379307,26.43661,
379308,24.46065,
379309,25.20756,
379310,25.64523,
379311,22.16359,
379312,23.34324,
379313,25.64424,
379314,23.69601,
379315,24.12345,
379316,27.17106,
379317,29.02228,
379318,26.36765,
379319,28.52482,
379320,25.85671,
379321,26.5362,
379322,27.76289,
379323,26.14068,
379324,28.52501,
379325,29.53637,
379326,28.08398,
379327,34.01863,
379328,26.26435,
379329,21.67643,
379330,25.38813,
379331,26.83454,
379332,29.26495,
379333,26.13249,
379334,28.89553,
379335,24.49991,
379336,23.17369,
379337,28.7347,
379338,21.83856,
379339,24.79618,
379340,22.55888,
379341,22.12355,
379342,24.8515,
379343,23.38687,
379344,19.88585,
379345,19.90511,
379346,20.96246,
379347,22.90748,
379348,22.17546,
379349,21.48216,
379350,21.98425,
379351,24.94057,
379352,23.44121,
379353,23.63457,
379354,23.03468,
379355,22.77595,
379356,24.28502,
379357,27.02359,
379358,26.17723,
379359,25.19341,
379360,21.14191,
379361,26.77535,
379362,19.76224,
379363,23.19189,
379364,25.38682,
379365,25.09031,
379366,24.7938,
379367,24.49729,
379369,23.90426,
379370,23.60775,
379371,27.2412,
379372,27.50298,
379373,30.96398,
379374,30.87678,
379375,30.39333,
379376,32.04135,
379377,32.14343,
379378,29.4609,
379379,30.73077,
379380,27.50434,
379381,28.55843,
379382,29.17176,
379383,26.24411,
379384,25.79822,
379385,26.03335,
379386,27.90279,
379387,28.54745,
379388,32.25524,
379389,32.74321,
379390,35.46843,
379391,37.71764,
379392,35.77176,
379393,33.28333,
379394,30.85892,
379395,32.40928,
379396,30.90904,
379397,29.66829,
379398,31.87525,
379399,28.27828,
379400,30.93386,
379401,31.3239,
379402,34.95831,
379403,31.73205,
379404,31.60767,
379405,32.64518,
379406,30.08074,
379407,29.03644,
379408,33.03139,
379409,30.23793,
379410,33.22913,
379411,35.16678,
379412,36.31971,
379413,34.21051,
379414,33.80924,
379415,32.81213,
379416,28.89108,
379417,31.73899,
379418,33.00955,
379419,33.34933,
379420,30.27629,
379421,32.34982,
379422,33.4747,
379423,32.19771,
379424,34.73468,
379425,31.78892,
379426,30.63886,
379427,32.45837,
379428,27.15459,
379429,30.69446,
379430,32.30799,
379431,28.62813,
379432,31.999,
379433,34.04811,
379434,34.80833,
379435,32.85544,
379436,33.23934,
379437,29.62557,
379438,29.28166,
379439,29.26501,
379440,30.77122,
379441,33.68896,
379442,24.95117,
379443,26.21023,
379444,26.99809,
379445,26.26686,
379446,27.04991,
379447,25.49055,
379448,23.70385,
379449,23.99042,
379450,24.08604,
379451,26.21492,
379452,25.805,
379453,25.2405,
379454,28.14335,
379455,25.12493,
379456,25.30224,
379457,24.83134,
379458,23.9393,
379459,25.21445,
379460,23.08019,
379461,25.33082,
379462,25.62083,
379463,24.27598,
379464,27.91961,
379465,24.75614,
379466,20.73131,
379467,24.35119,
379468,26.74332,
379469,26.50522,
379470,25.29147,
379471,24.89843,
379472,25.83945,
379473,27.08018,
379474,28.23217,
379475,28.32846,
379476,26.52827,
379477,25.84633,
379478,28.6259,
379479,29.15409,
379480,26.73134,
379481,25.5977,
379482,22.09805,
379483,22.68568,
379484,21.57869,
379485,23.1702,
379486,23.02477,
379487,21.72474,
379488,21.15478,
379489,21.34591,
379490,22.47577,
379491,21.24383,
379492,21.32769,
379493,20.27735,
379494,17.32046,
379495,19.48374,
379496,20.46412,
379497,19.85466,
379498,20.96104,
379499,21.12705,
379500,20.34222,
379501,19.7798,
379502,20.23309,
379503,19.56108,
379504,20.9321,
379505,19.74913,
379506,21.15107,
379507,19.99082,
379508,19.71805,
379509,20.93607,
379510,19.77959,
379511,21.06926,
379512,22.47469,
379513,21.663,
379514,20.55658,
379515,19.56488,
379516,18.82652,
379517,18.81682,
379518,19.43985,
379519,19.1466,
379520,19.43521,
379521,20.29996,
379522,20.54361,
379523,19.99843,
379524,19.96617,
379525,19.23137,
379526,18.12201,
379527,18.38955,
379528,19.079,
379529,18.9074,
379530,17.93629,
379531,18.76301,
379532,19.14359,
379533,18.28739,
379534,17.56647,
379535,17.10866,
379536,17.36536,
379537,19.35597,
379538,19.69567,
379539,20.91805,
379540,20.81714,
379541,20.85486,
379542,19.58645,
379543,20.10872,
379544,20.38241,
379545,21.10158,
379546,20.41696,
379547,20.19695,
379548,20.44637,
379549,22.27731,
379550,20.63012,
379551,20.75909,
379552,20.67765,
379553,20.22735,
379554,21.17817,
379555,20.75062,
379556,22.73508,
379557,19.76157,
379558,19.13992,
379559,19.41353,
379560,20.18891,
379561,20.02571,
379562,19.98056,
379563,19.93542,
379564,19.89027,
379565,19.84512,
379566,19.79997,
379567,19.75483,
379568,19.70968,
379569,19.47303,
379570,19.04121,
379571,18.71564,
379572,18.18971,
379573,18.53323,
379574,17.99796,
379575,18.76942,
379576,18.53606,
379577,17.23624,
379578,17.97795,
379579,18.50748,
379580,18.07181,
379581,19.46053,
379582,18.65626,
379583,18.72995,
379584,18.27294,
379585,17.72927,
379586,17.19147,
379587,17.78217,
379588,17.10557,
379589,17.80919,
379590,17.78776,
379591,17.41756,
379592,18.01173,
379593,19.11051,
379594,18.22253,
379595,18.54358,
379596,18.85263,
379597,20.3934,
379598,17.53466,
379599,16.69865,
379600,17.77234,
379601,16.65848,
379602,17.02926,
379603,17.04127,
379604,17.01904,
379605,18.03787,
379606,18.56237,
379607,18.26282,
379608,18.45895,
379609,18.68333,
379610,17.58787,
379611,18.57154,
379612,17.56368,
379613,17.9822,
379614,18.04725,
379615,17.52004,
379616,16.80359,
379617,16.63908,
379618,16.90084,
379619,14.36986,
379620,14.90888,
379621,15.15148,
379622,15.77943,
379623,16.86486,
379624,16.74094,
379625,16.25065,
379626,17.43663,
379627,18.20331,
379628,18.52951,
379629,19.2049,
379630,17.64007,
379631,16.88354,
379632,17.78118,
379633,18.20961,
379634,18.86654,
379635,18.78829,
379636,18.62665,
379637,18.4539,
379638,17.51039,
379639,17.03561,
379640,16.55237,
379641,17.32741,
379642,17.77723,
379643,17.31161,
379644,17.97723,
379645,18.85784,
379646,17.54449,
379647,18.31623,
379648,17.65906,
379649,19.3286,
379650,19.19743,
379651,17.90349,
379652,18.40292,
379653,19.7136,
379654,19.18801,
379655,18.36783,
379656,18.3947,
379657,18.22787,
379658,18.24577,
379659,19.16539,
379660,20.13363,
379661,18.55273,
379662,17.9654,
379663,19.02444,
379664,20.24632,
379665,19.7685,
379666,19.3839,
379667,18.50353,
379668,18.62521,
379669,20.04971,
379670,19.42182,
379671,20.4233,
379672,20.60574,
379673,20.46664,
379674,20.16914,
379675,20.05651,
379676,18.81299,
379677,19.33527,
379678,20.19116,
379679,20.58603,
379680,18.16706,
379681,17.71381,
379682,16.88318,
379683,16.09081,
379684,16.16579,
379685,16.91913,
379686,16.42279,
379687,16.54669,
379688,17.59161,
379689,18.87409,
379690,18.43791,
379691,18.55924,
379692,19.13999,
379693,18.45394,
379694,18.23734,
379695,18.54006,
379696,18.73324,
379697,18.08963,
379698,19.51255,
379699,18.19356,
379700,18.28135,
379701,19.61312,
379702,18.78385,
379703,19.55181,
379704,19.6193,
379705,18.15332,
379706,18.4808,
379707,18.38064,
379708,17.4189,
379709,18.73363,
379710,19.38034,
379711,18.27472,
379712,18.35053,
379713,17.8372,
379714,18.49868,
379715,18.21195,
379716,18.05976,
379717,19.40226,
379718,18.83338,
379719,18.10024,
379720,18.7758,
379721,18.08499,
379722,18.0042,
379723,17.3986,
379724,16.9973,
379725,18.2931,
379726,18.24867,
379727,18.77825,
379728,19.27852,
379729,18.20554,
379730,17.67927,
379731,18.88788,
379732,19.34165,
379733,18.69565,
379734,18.69759,
379735,17.06861,
379736,16.91331,
379737,17.68332,
379738,17.39237,
379739,17.50868,
379740,18.01318,
379741,17.55428,
379742,19.4413,
379743,18.96457,
379744,19.74368,
379745,17.87989,
379746,17.46265,
379747,17.83643,
379748,18.25022,
379749,21.47174,
379750,22.18565,
379751,22.96607,
379752,24.6379,
379753,24.69122,
379754,24.51215,
379755,22.71597,
379756,21.86079,
379757,21.46394,
379758,20.93126,
379759,21.09813,
379760,21.77919,
379761,22.30764,
379762,23.37349,
379763,22.15837,
379764,20.11825,
379765,22.38681,
379767,23.75428,
379768,22.0574,
379769,22.02405,
379770,21.99069,
379771,21.95733,
379772,21.92398,
379773,21.89062,
379774,21.85726,
379775,21.3243,
379776,22.35125,
379777,23.72371,
379778,22.46248,
379779,23.03422,
379780,26.66434,
379781,26.05324,
379782,24.00327,
379783,24.13135,
379784,23.08585,
379785,21.73808,
379786,21.51462,
379787,22.0108,
379788,24.20116,
379789,24.0722,
379790,24.3493,
379791,24.09733,
379792,28.65726,
379793,26.92796,
379794,23.25272,
379795,23.40211,
379796,20.39271,
379797,21.02352,
379798,23.38196,
379799,26.04535,
379800,27.94413,
379801,30.65195,
379802,30.33157,
379803,28.51319,
379804,26.85848,
379805,24.78903,
379806,22.57393,
379807,21.02362,
379808,20.73173,
379809,19.95801,
379810,20.74978,
379811,20.31476,
379812,21.51716,
379813,21.93883,
379814,21.79931,
379815,19.65249,
379816,20.09092,
379817,21.86237,
379818,22.14993,
379819,23.75922,
379820,24.69342,
379821,22.71239,
379822,22.87796,
379823,23.22648,
379824,22.72369,
379825,21.62885,
379826,21.62694,
379827,22.74698,
379828,23.22465,
379829,22.89053,
379830,24.82159,
379831,24.75133,
379832,25.87916,
379833,26.36202,
379834,26.41983,
379835,24.03881,
379836,25.21282,
379837,24.54768,
379838,24.79424,
379839,26.84279,
379840,26.81204,
379841,27.02055,
379842,28.551,
379843,27.50856,
379844,26.12862,
379845,27.37853,
379846,27.9328,
379847,27.87534,
379848,27.69238,
379849,23.89048,
379850,22.13784,
379851,20.88824,
379852,17.09153,
379853,17.57883,
379854,16.71458,
379855,16.02412,
379856,16.89568,
379857,16.03326,
379858,15.83948,
379859,15.86599,
379860,16.37334,
379861,17.48417,
379862,17.17903,
379863,18.02608,
379864,17.183,
379865,16.51646,
379866,16.77389,
379867,16.93925,
379868,17.87289,
379869,17.48723,
379870,18.11634,
379871,19.18861,
379872,17.60437,
379873,18.40367,
379874,19.18898,
379875,20.20261,
379876,20.31587,
379877,20.30299,
379878,21.47493,
379879,18.31375,
379880,18.0281,
379881,17.26418,
379882,16.81743,
379883,17.31158,
379884,17.88504,
379885,17.39085,
379886,17.81665,
379887,18.46016,
379888,18.09899,
379889,18.1863,
379890,17.56273,
379891,18.54726,
379892,18.9496,
379893,18.03236,
379894,19.1335,
379895,18.29839,
379896,18.16236,
379897,19.24488,
379898,17.24119,
379899,18.02763,
379900,18.27841,
379901,17.84545,
379902,18.05063,
379903,18.12562,
379904,18.10612,
379905,18.48267,
379906,17.44329,
379907,16.60512,
379908,17.05905,
379909,17.33921,
379910,18.00879,
379911,17.62213,
379912,17.65503,
379913,16.49139,
379914,17.8972,
379915,18.00018,
379916,16.96745,
379917,16.85884,
379918,16.98908,
379919,18.02594,
379920,18.11195,
379921,17.75668,
379922,17.38298,
379923,17.37944,
379924,16.64798,
379925,16.74152,
379926,16.86198,
379927,17.14872,
379928,16.7518,
379929,17.78327,
379930,17.9575,
379931,18.37031,
379932,18.3362,
379933,18.64074,
379934,16.20167,
379935,16.34471,
379936,16.55145,
379937,16.46682,
379938,16.44382,
379939,17.68578,
379940,17.13826,
379941,16.83993,
379942,16.1546,
379943,15.5213,
379944,16.55298,
379945,17.43906,
379946,16.99381,
379947,16.07733,
379948,16.51392,
379949,16.51338,
379950,16.05916,
379951,16.89318,
379952,17.08599,
379953,15.99021,
379954,16.56682,
379955,17.12841,
379956,16.64346,
379957,17.72116,
379958,17.68367,
379959,17.80556,
379960,17.45654,
379961,17.58933,
379962,18.8565,
379963,18.89972,
379964,18.47791,
379965,19.73601,
379966,19.16061,
379967,18.29408,
379968,18.11393,
379969,19.65943,
379970,18.79859,
379971,18.0509,
379972,19.58138,
379973,19.36842,
379974,19.30967,
379975,19.68492,
379976,20.30656,
379977,21.31058,
379978,21.45254,
379979,20.12987,
379980,19.86425,
379981,18.84439,
379982,18.15778,
379983,17.68101,
379984,18.14424,
379985,16.92769,
379986,18.01246,
379987,18.23978,
379988,17.55255,
379989,17.18968,
379990,17.64144,
379991,16.35482,
379992,17.06316,
379993,18.19182,
379994,15.61136,
379995,14.50981,
379996,16.0273,
379997,18.30497,
379998,19.06144,
379999,14.54661,
380000,14.13202,
380001,13.51603,
380002,14.17521,
380003,14.99172,
380004,14.74967,
380005,14.42615,
380006,17.23752,
380007,15.78974,
380008,15.5801,
380009,15.09667,
380010,15.1826,
380011,15.31127,
380012,15.18302,
380013,15.02611,
380014,14.504,
380015,15.76488,
380016,14.36175,
380017,15.00038,
380018,14.30304,
380019,13.7989,
380020,14.8131,
380021,15.85362,
380022,13.77559,
380023,14.57389,
380024,14.50659,
380025,14.25139,
380026,15.38447,
380027,16.48755,
380028,14.95233,
380029,14.48478,
380030,14.74405,
380031,13.74534,
380032,15.2611,
380033,14.98799,
380034,13.89537,
380035,13.94808,
380036,14.34277,
380037,14.99676,
380038,14.04087,
380039,13.64567,
380040,15.79278,
380041,16.00398,
380042,17.21301,
380043,17.33515,
380044,16.03143,
380045,18.0787,
380046,16.65987,
380047,16.37966,
380048,15.374,
380049,17.21568,
380050,16.16253,
380051,15.59198,
380052,17.64659,
380053,16.21014,
380054,17.00749,
380055,17.11988,
380056,17.24959,
380057,18.24406,
380058,18.48902,
380059,19.41913,
380060,17.0399,
380061,18.58065,
380062,18.14543,
380063,18.7345,
380064,21.8184,
380065,26.55784,
380066,22.86944,
380067,22.96517,
380068,20.51231,
380069,21.32074,
380070,21.14933,
380071,20.94314,
380072,21.45882,
380073,18.36099,
380074,15.26316,
380075,15.64352,
380076,17.02773,
380077,18.95176,
380078,16.39959,
380079,17.11474,
380080,17.43807,
380081,17.23096,
380082,18.29475,
380083,17.31596,
380084,17.47559,
380085,17.93482,
380086,18.72726,
380087,19.30878,
380088,19.24806,
380089,19.44519,
380090,20.81435,
380091,19.63877,
380092,20.46698,
380093,19.2917,
380094,19.24915,
380095,19.32079,
380096,19.36848,
380097,17.86588,
380098,17.6331,
380099,19.74254,
380100,17.35359,
380101,17.21101,
380102,16.88221,
380103,16.56835,
380104,18.03918,
380105,18.81721,
380106,20.20942,
380107,19.85528,
380108,20.60833,
380109,20.67813,
380110,20.97793,
380111,21.45031,
380112,20.65872,
380113,24.67898,
380114,25.05332,
380115,22.41341,
380116,22.17271,
380117,20.67675,
380118,22.64437,
380119,23.67631,
380120,23.19652,
380121,23.14316,
380122,21.35278,
380123,20.53412,
380124,24.6843,
380125,23.47652,
380126,25.38849,
380127,24.71925,
380128,23.70511,
380129,22.69097,
380130,21.67684,
380131,20.6627,
380132,19.64856,
380133,18.63442,
380134,17.62029,
380135,16.60615,
380136,19.82775,
380137,19.38385,
380138,20.5961,
380139,18.61282,
380140,18.87601,
380141,19.54202,
380142,18.66397,
380143,17.81247,
380144,18.70297,
380145,17.99535,
380146,18.3279,
380147,16.20481,
380148,16.99203,
380149,16.18308,
380150,15.9124,
380151,15.74798,
380152,15.29436,
380153,15.11121,
380154,15.14552,
380155,14.0682,
380156,13.64504,
380157,13.97269,
380158,14.49354,
380159,14.70447,
380160,13.93454,
380161,13.65428,
380162,12.86105,
380163,13.71325,
380164,13.47356,
380165,13.38749,
380166,13.3304,
380167,13.81671,
380168,13.69184,
380169,12.86491,
380170,13.80676,
380171,12.76579,
380172,12.80465,
380173,12.74529,
380174,12.96871,
380175,12.88685,
380176,12.44142,
380177,12.49232,
380178,11.6242,
380179,12.42754,
380180,14.53509,
380181,12.7495,
380182,12.95035,
380183,13.50843,
380184,14.95848,
380185,15.00599,
380186,15.05349,
380187,15.101,
380188,13.03554,
380189,13.94566,
380190,13.31848,
380191,13.73397,
380192,17.60124,
380193,16.37771,
380194,14.0467,
380195,20.58664,
380196,13.29057,
380197,14.16995,
380198,13.32168,
380199,14.23749,
380200,20.08553,
380201,15.28599,
380202,14.18256,
380203,13.61863,
380204,18.4912,
380205,19.91947,
380206,22.22822,
380207,18.89797,
380208,16.27465,
380209,14.85899,
380210,14.71523,
380211,14.33501,
380212,14.64006,
380213,14.60704,
380214,14.18444,
380215,13.55923,
380216,14.3762,
380217,13.92992,
380218,13.38709,
380219,13.97619,
380220,13.28934,
380221,13.7372,
380222,14.70645,
380223,14.53377,
380224,14.95268,
380225,15.20822,
380226,14.89971,
380227,15.34618,
380228,16.21676,
380229,17.0008,
380230,15.49769,
380231,14.40007,
380232,15.22822,
380233,15.45296,
380234,15.91508,
380235,16.25028,
380236,15.16588,
380237,15.41654,
380238,16.43629,
380239,18.34299,
380240,16.7341,
380241,16.1743,
380242,14.49519,
380243,15.77171,
380244,16.57276,
380245,17.94872,
380246,16.63145,
380247,17.07265,
380248,16.34264,
380249,15.37362,
380250,16.97595,
380251,16.80641,
380252,17.29488,
380253,16.74096,
380254,16.59801,
380255,15.6077,
380256,15.98889,
380257,16.40605,
380258,16.39303,
380259,17.05962,
380260,16.69377,
380261,17.56548,
380262,16.09388,
380263,14.69752,
380264,14.80021,
380265,13.49781,
380266,14.88014,
380267,13.77885,
380268,13.15098,
380269,14.52943,
380270,12.93082,
380271,21.18451,
380272,18.82424,
380273,18.25799,
380274,16.63264,
380275,17.46751,
380276,18.06763,
380277,17.41042,
380278,16.82103,
380279,17.4536,
380280,16.59678,
380281,17.09124,
380282,17.1529,
380283,17.62058,
380284,17.14336,
380285,18.47114,
380286,18.69684,
380287,18.69684,
380288,18.56964,
380289,18.93294,
380290,18.26079,
380291,18.97141,
380292,18.55869,
380293,18.4709,
380294,18.58487,
380295,18.5612,
380296,17.86725,
380297,16.93816,
380298,17.89354,
380299,18.77576,
380300,17.48108,
380301,19.10608,
380302,17.82251,
380303,16.91924,
380304,19.36022,
380305,19.36022,
380306,19.53374,
380307,19.87077,
380308,19.87077,
380309,19.61825,
380310,18.93788,
380311,18.93788,
380312,19.26947,
380313,20.61095,
380314,21.24873,
380315,18.64531,
380316,19.1106,
380317,19.79322,
380318,20.71224,
380319,19.54258,
380320,19.96354,
380321,19.16929,
380322,20.97235,
380323,22.13132,
380324,22.87648,
380325,21.55763,
380326,21.10466,
380327,19.93937,
380328,20.76725,
380329,18.72004,
380330,17.07765,
380331,17.20388,
380332,15.79127,
380333,15.60927,
380334,16.15898,
380335,15.99091,
380336,16.66278,
380337,15.90548,
380338,15.82927,
380339,16.15121,
380340,15.9352,
380341,16.61938,
380342,16.11465,
380343,16.15915,
380344,16.46119,
380345,15.80619,
380346,15.98123,
380347,16.93904,
380348,18.19613,
380349,16.27367,
380350,15.65098,
380351,14.90781,
380352,15.86867,
380353,16.65603,
380354,17.1439,
380355,16.2697,
380356,16.10226,
380357,15.93792,
380358,16.80168,
380359,17.85091,
380360,17.73591,
380361,18.41058,
380362,19.98881,
380363,17.91927,
380364,18.38243,
380365,17.86897,
380366,17.56792,
380367,18.34672,
380368,17.23842,
380369,17.52802,
380370,17.71238,
380371,20.96214,
380372,19.70526,
380373,18.70397,
380374,20.74537,
380375,22.29987,
380376,20.73975,
380377,22.35733,
380378,21.46628,
380379,21.02363,
380380,20.48981,
380381,21.77218,
380382,23.50696,
380383,22.1039,
380384,24.14648,
380385,23.81427,
380386,24.14443,
380387,22.16761,
380388,21.14906,
380389,20.53549,
380390,21.88772,
380391,22.42248,
380392,21.67194,
380393,21.73998,
380394,20.75266,
380395,21.2178,
380396,20.45534,
380397,22.31178,
380398,22.65437,
380399,20.28117,
380400,19.57597,
380401,19.54594,
380402,20.55355,
380403,18.3397,
380404,18.89107,
380405,19.04957,
380406,18.85418,
380407,23.82786,
380408,31.35251,
380409,31.36479,
380410,29.23686,
380411,30.58728,
380412,26.68904,
380413,25.38811,
380414,22.42862,
380415,19.5808,
380416,26.11302,
380417,25.56447,
380418,28.17676,
380419,28.28165,
380420,29.25596,
380421,24.1248,
380422,23.51634,
380423,26.8666,
380424,25.50074,
380425,25.88575,
380426,26.13125,
380427,25.76146,
380428,22.83853,
380429,27.63156,
380430,24.0734,
380431,21.12585,
380432,23.09788,
380433,22.79962,
380434,24.57073,
380435,23.81931,
380436,24.54622,
380437,22.88764,
380438,22.47496,
380439,22.05189,
380440,24.89351,
380441,22.11752,
380442,23.96839,
380443,22.91149,
380444,24.38608,
380445,24.35111,
380446,23.40481,
380447,21.41784,
380448,28.48206,
380449,26.71816,
380450,27.57076,
380451,25.60062,
380452,26.02454,
380453,25.06824,
380454,22.60633,
380455,21.86998,
380456,21.43786,
380457,26.5557,
380458,28.17443,
380459,25.47235,
380460,19.96601,
380461,21.61709,
380462,24.1486,
380463,24.05122,
380464,22.56265,
380465,22.92373,
380466,24.08744,
380467,22.66596,
380468,25.7656,
380469,24.26674,
380470,21.97871,
380471,24.69555,
380472,32.73259,
380473,28.33379,
380474,26.11405,
380475,24.63762,
380476,23.67845,
380477,22.69415,
380478,25.03785,
380479,23.63786,
380480,25.3529,
380481,24.31487,
380482,26.3773,
380483,27.5501,
380484,26.1094,
380485,26.96707,
380486,23.91498,
380487,22.08035,
380488,22.82291,
380489,22.10654,
380490,24.41087,
380491,26.02661,
380492,22.59084,
380493,21.39528,
380494,20.9395,
380495,19.47463,
380496,21.16442,
380497,19.83491,
380498,21.41036,
380499,20.6899,
380500,21.60363,
380501,23.21676,
380502,22.90414,
380503,22.42605,
380504,22.79659,
380505,23.24068,
380506,22.20015,
380507,23.25037,
380508,22.36393,
380509,23.21122,
380510,23.55565,
380511,21.88308,
380512,21.89531,
380513,18.76596,
380514,19.4428,
380515,18.1864,
380516,19.28239,
380517,17.58496,
380518,18.31448,
380519,17.73289,
380520,19.41778,
380521,17.90057,
380522,19.26247,
380523,19.56944,
380524,16.94672,
380525,17.07278,
380526,16.84139,
380527,16.47237,
380528,16.56995,
380529,15.91928,
380530,15.82376,
380531,14.69523,
380532,15.43619,
380533,15.8592,
380534,16.53087,
380535,17.51897,
380536,18.29627,
380537,18.68128,
380538,16.41749,
380539,17.90553,
380540,17.30466,
380541,16.3906,
380542,15.74938,
380543,18.80569,
380544,16.36206,
380545,17.73647,
380546,18.0506,
380547,17.03403,
380548,17.28294,
380549,16.53664,
380550,14.59791,
380551,14.75235,
380552,14.39261,
380553,14.68841,
380554,15.69036,
380555,14.95885,
380556,16.11092,
380557,16.84153,
380558,16.09779,
380559,16.70241,
380560,16.19133,
380561,18.06751,
380562,17.54708,
380563,18.51324,
380564,18.7539,
380565,17.8684,
380566,17.31342,
380567,15.37109,
380568,15.64981,
380569,14.01086,
380570,22.03964,
380571,21.48824,
380572,20.93684,
380573,18.73124,
380574,17.14321,
380575,14.76905,
380576,15.08495,
380577,17.48063,
380578,15.67714,
380579,15.29029,
380580,17.79523,
380581,17.39295,
380582,16.52543,
380583,16.57114,
380584,16.73824,
380585,17.1983,
380586,15.77975,
380587,15.27916,
380588,13.96633,
380589,15.15561,
380590,14.0506,
380591,16.15456,
380592,15.81964,
380593,14.28657,
380594,15.1574,
380595,14.13504,
380596,17.46652,
380597,16.94898,
380598,16.66064,
380599,15.12744,
380600,15.21683,
380601,15.72798,
380602,13.00745,
380603,14.95783,
380604,15.80093,
380605,17.20893,
380606,15.91855,
380607,14.54863,
380608,15.43344,
380609,12.86775,
380610,13.99282,
380611,15.09823,
380612,15.78455,
380613,13.87393,
380614,14.20625,
380615,14.26705,
380616,14.81363,
380617,13.87609,
380618,15.12726,
380619,15.74337,
380620,15.7114,
380621,16.06825,
380622,13.99003,
380623,15.10232,
380624,15.08466,
380625,15.65659,
380626,14.96199,
380627,15.48076,
380628,16.17376,
380629,15.81576,
380630,15.44921,
380631,14.9427,
380632,14.32778,
380633,15.5278,
380634,13.91226,
380635,15.89437,
380636,31.68775,
380637,20.92498,
380638,17.48506,
380639,26.01128,
380640,20.22965,
380641,17.30594,
380642,15.27154,
380643,16.20052,
380644,14.62757,
380645,15.09606,
380646,15.24951,
380647,13.87196,
380648,14.59883,
380649,14.65386,
380650,13.74387,
380651,15.46573,
380652,12.05375,
380653,12.75087,
380654,12.51635,
380655,15.04446,
380656,16.01506,
380657,13.4912,
380658,13.42365,
380659,14.50503,
380660,14.96395,
380661,14.44946,
380662,11.6026,
380663,13.22233,
380664,12.68891,
380665,13.00358,
380666,13.99011,
380667,12.67259,
380668,14.32539,
380669,12.51504,
380670,13.08501,
380671,14.775,
380672,13.76213,
380673,14.36715,
380674,14.20261,
380675,13.948,
380676,14.2563,
380677,14.02998,
380678,14.28366,
380679,15.00911,
380680,14.97632,
380681,15.72502,
380682,17.09419,
380683,15.2291,
380684,14.27518,
380685,14.10572,
380686,13.94703,
380687,13.96924,
380688,17.19356,
380689,21.66478,
380691,21.83095,
380692,19.96174,
380693,20.95874,
380694,20.32347,
380695,25.21537,
380696,22.93995,
380697,26.54421,
380698,22.50461,
380699,22.74053,
380700,22.6232,
380701,20.62054,
380702,22.806,
380703,21.6471,
380704,23.40032,
380705,21.69308,
380706,20.63574,
380707,21.93406,
380708,18.61192,
380709,16.33974,
380710,20.22277,
380711,23.15586,
380712,23.52596,
380713,21.66303,
380714,21.01346,
380715,19.94604,
380716,28.51055,
380717,20.41383,
380718,18.17597,
380719,20.14547,
380720,18.05149,
380721,16.6858,
380723,21.84091,
380724,19.17874,
380725,18.20184,
380726,16.57907,
380727,19.31841,
380728,15.91233,
380729,16.40471,
380730,14.65613,
380731,15.30923,
380732,17.57716,
380733,18.1873,
380734,20.94217,
380735,16.25454,
380736,21.24186,
380737,20.19895,
380738,17.4152,
380739,17.56994,
380740,18.48259,
380741,21.16471,
380742,23.47889,
380743,24.59715,
380744,22.98577,
380745,20.78629,
380746,22.01205,
380747,20.15298,
380748,16.83568,
380749,18.01204,
380750,17.63013,
380751,15.90215,
380752,17.76966,
380753,18.28291,
380754,18.25178,
380755,18.1549,
380756,19.89193,
380757,18.33375,
380758,19.38758,
380759,20.66757,
380760,21.85371,
380761,19.9976,
380762,21.60518,
380763,19.86815,
380764,20.61239,
380765,20.38549,
380766,19.86663,
380767,19.64238,
380768,20.29388,
380769,18.7656,
380770,21.41248,
380771,24.11502,
380772,21.01983,
380773,18.12802,
380774,18.68242,
380775,20.43149,
380776,18.53014,
380777,19.71833,
380778,19.40402,
380779,18.36045,
380780,20.83256,
380781,18.47186,
380782,18.14471,
380783,17.72609,
380784,17.90196,
380785,17.08526,
380786,17.58248,
380787,19.12531,
380788,17.89554,
380789,17.54939,
380790,17.1641,
380791,18.14447,
380792,17.37966,
380793,17.3942,
380794,17.37481,
380795,19.37975,
380796,19.00806,
380797,21.48931,
380798,19.24664,
380799,22.24676,
380800,20.14256,
389374,1.9,
389376,1.8,
389378,1.9,
389380,2.4,
389382,2.0,
389383,1.9,
389385,1.9,
389387,1.9,
389389,2.1,
389392,1.8,
389394,1.7,
389396,1.9,
389398,1.7,
389400,1.7,
389402,1.7,
389404,1.8,
389406,1.8,
389408,1.7,
389410,2.0,
389412,1.6,
389414,1.5,
389416,1.9,
389418,1.9,
389420,1.6,
389422,1.6,
389424,1.7,
389426,1.9,
389428,1.7,
389430,2.0,
389432,1.9,
389434,1.6,
389436,1.8,
389438,1.9,
389440,2.2,
389442,1.9,
389444,1.8,
389446,1.7,
389447,1.7,
389449,1.5,
389451,1.5,
389453,1.5,
389455,1.9,
389457,2.3,
389459,1.8,
389462,1.7,
389464,1.7,
389466,1.8,
389468,1.7,
389470,1.6,
389472,1.9,
389474,1.9,
389476,1.9,
389478,1.9,
389480,1.9,
389482,2.1,
389484,1.7,
389486,1.8,
389488,1.7,
389490,1.9,
389492,1.6,
389494,1.7,
389496,1.7,
389498,1.7,
389500,1.7,
389502,1.9,
389504,2.1,
389506,2.0,
389508,2.0,
389510,1.8,
389512,1.9,
389514,1.5,
389516,1.4,
389518,1.4,
389519,1.3,
389521,1.4,
389523,1.5,
389525,1.4,
389527,1.5,
414080,3.02,
414082,2.63,
414083,2.94,
414084,3.1,
414085,3.1,
414086,3.04,
414087,2.35,
414088,2.87,
414089,2.02,
414090,3.28,
414091,2.42,
414092,2.57,
414093,2.79,
414094,2.61,
414095,2.6,
414096,2.14,
414097,2.24,
414098,2.4,
414099,2.14,
414100,2.25,
414101,2.42,
414102,2.07,
414103,2.29,
414104,2.75,
414105,2.41,
414106,2.37,
414107,2.35,
414108,2.37,
414109,2.32,
414110,2.43,
414111,2.6,
414112,2.87,
414113,2.71,
414114,2.73,
414115,2.4,
414116,2.77,
414117,2.5,
414118,2.64,
414119,2.64,
414120,2.4,
414121,2.79,
414122,2.66,
414123,2.7,
414124,2.69,
414125,2.6,
414126,2.82,
414127,2.82,
414128,2.45,
414129,3.12,
414130,2.45,
414131,2.74,
414132,3.74,
414133,2.17,
414134,2.3,
414135,1.75,
414136,2.33,
414137,2.52,
414138,2.3,
414139,2.62,
414140,2.59,
414141,2.8,
414142,2.34,
414144,1.99,
414145,1.86,
414146,1.81,
414148,1.92,
414149,2.3,
414150,2.56,
414153,2.71,
414155,1.98,
414158,2.54,
414159,2.39,
414160,2.2,
414161,5.66,
414162,2.3,
414163,2.19,
414164,2.23,
414165,2.42,
414166,3.23,
414167,2.73,
414168,2.76,
414169,2.1,
414171,2.41,
414172,7.56,
414174,2.57,
414175,3.87,
414176,2.53,
414177,3.77,
414178,2.24,
414179,2.48,
414180,2.45,
414182,3.19,
414184,2.4,
414185,2.49,
414186,2.62,
414187,2.87,
414188,2.43,
414189,2.52,
414191,3.31,
414192,1.97,
414193,3.57,
414194,2.85,
414195,3.46,
414196,1.79,
414197,2.01,
414198,2.4,
414203,2.96,
414204,2.91,
414205,2.99,
414206,2.78,
414207,2.75,
414208,2.82,
414209,2.81,
414210,4.21,
414211,2.72,
414212,3.67,
414213,2.89,
414214,2.66,
414215,2.69,
414216,2.85,
414217,2.82,
414218,2.87,
414219,2.73,
414220,2.87,
414221,3.59,
414222,3.02,
414223,2.78,
414224,2.75,
414225,2.84,
414226,2.88,
414227,2.87,
414228,2.87,
414229,3.14,
414231,3.32,
414232,2.97,
414233,4.07,
414234,3.36,
414237,3.34,
414238,3.55,
414239,3.51,
414240,3.41,
414241,4.16,
414242,3.9,
414243,3.72,
414244,3.31,
414246,3.44,
414247,4.06,
414248,3.79,
414249,3.65,
414250,4.33,
414252,3.95,
414253,4.1,
414254,4.62,
414255,5.04,
414256,4.61,
414257,5.04,
414258,5.08,
414260,4.77,
414261,5.55,
414262,6.2,
414263,5.63,
414264,6.09,
414265,5.85,
414266,5.71,
414267,6.01,
414268,6.08,
414269,6.07,
414271,6.34,
414272,5.77,
414274,7.12,
414275,6.34,
414277,3.48,
414278,7.01,
414279,6.25,
414280,6.1,
414281,5.62,
414282,5.75,
414283,7.62,
414284,6.2,
414285,6.14,
414286,5.19,
414289,5.04,
414290,6.27,
414291,6.51,
414292,5.37,
414293,5.54,
414294,5.11,
414295,5.0,
414296,6.41,
414298,5.17,
414299,5.48,
414300,5.44,
414301,5.11,
414303,5.72,
414304,5.81,
414305,5.38,
414307,5.46,
414308,5.76,
414309,5.2,
414310,5.74,
414311,5.2,
414312,5.1,
414313,10.15,
414314,5.13,
414315,5.11,
414316,5.09,
414317,4.85,
414319,5.4,
414320,5.19,
414321,5.38,
414322,5.56,
414323,5.38,
414324,5.39,
414325,5.43,
414326,5.41,
414327,5.31,
414328,5.31,
414329,4.78,
414330,4.94,
414331,4.96,
414332,4.85,
414333,4.9,
414334,4.75,
414335,4.85,
414336,4.7,
414337,5.16,
414338,4.76,
414339,4.93,
414340,4.85,
414341,4.77,
414342,5.0,
414343,4.66,
414344,5.11,
414345,4.64,
414346,4.84,
414347,4.51,
414348,4.29,
414349,4.64,
414350,4.19,
414351,4.05,
414352,4.34,
414353,4.15,
414354,3.1,
414355,2.64,
414356,4.34,
414357,4.49,
414358,3.37,
414359,3.52,
414360,4.28,
414361,9.86,
414362,3.25,
414363,4.12,
414364,4.43,
414366,4.67,
414367,3.92,
414368,4.09,
414369,3.44,
414370,3.61,
414371,3.56,
414372,3.2,
414373,3.55,
414376,3.25,
414377,2.96,
414378,3.91,
414379,3.7,
414380,4.45,
414381,3.77,
414382,4.39,
414383,3.43,
414384,4.25,
414385,2.75,
414386,3.25,
414387,3.08,
414388,3.01,
414389,2.75,
414390,3.91,
414391,3.47,
414392,2.84,
414393,3.51,
414394,2.44,
414395,2.42,
414396,2.55,
414397,3.11,
414398,3.46,
414399,3.74,
414400,3.78,
414401,3.54,
414402,4.19,
414403,4.87,
414404,3.76,
414405,3.31,
414406,3.36,
414407,3.57,
414408,3.4,
414409,3.35,
414410,2.85,
414411,3.04,
414412,2.8,
414413,3.02,
414414,3.62,
414415,3.19,
414416,3.9,
414417,3.55,
414418,3.84,
414419,3.56,
414420,2.83,
414421,2.64,
414422,2.28,
414423,3.3,
414424,2.63,
414425,2.51,
414426,3.39,
414427,4.12,
414428,3.25,
414429,3.08,
414430,2.34,
414431,3.21,
414432,2.3,
414433,3.18,
414434,2.66,
414435,2.69,
414436,2.64,
414437,2.79,
414438,2.62,
414439,2.99,
414440,2.42,
414441,2.37,
414442,2.77,
414443,2.82,
414444,2.55,
414445,2.54,
414446,2.57,
414447,2.58,
414448,2.05,
414449,2.45,
414450,2.68,
414451,2.51,
414452,2.54,
414453,3.05,
414454,2.63,
414455,3.83,
414456,3.33,
414457,3.03,
414458,3.34,
414459,2.62,
414460,2.56,
414461,2.97,
414462,3.09,
414463,2.78,
414464,2.55,
414465,2.68,
414466,2.54,
414467,2.49,
414468,2.34,
414470,2.25,
414472,3.07,
414473,3.74,
414474,3.57,
414475,2.92,
414476,3.08,
414477,2.83,
414478,2.82,
414479,2.48,
414480,2.53,
414481,2.61,
414482,2.87,
414483,2.42,
414484,2.46,
414485,2.83,
414486,2.98,
414487,2.49,
414488,2.72,
414489,2.95,
414490,2.79,
414491,2.95,
414492,4.41,
414493,5.68,
414494,3.31,
414495,3.39,
414496,3.25,
414497,2.6,
414498,2.46,
414499,2.52,
414500,2.7,
414501,3.07,
414502,3.47,
414503,4.47,
414504,3.3,
414505,2.94,
414506,3.63,
414507,3.56,
414508,3.41,
414509,3.38,
414510,3.37,
414511,3.4,
414512,3.53,
414513,3.32,
414514,2.98,
414515,2.88,
414516,3.0,
414517,2.64,
414518,2.37,
414519,2.48,
414520,2.53,
414521,2.36,
414522,2.92,
414523,2.74,
414524,2.37,
414525,2.62,
414526,2.92,
414527,2.49,
414528,2.47,
414529,2.85,
414530,3.35,
414531,3.23,
414532,3.44,
414533,10.24,
414534,4.45,
414535,4.73,
414536,5.99,
414537,6.77,
414539,5.22,
414540,9.39,
414541,7.22,
414542,6.16,
414544,6.6,
414545,4.27,
414546,6.84,
414547,7.41,
414548,4.32,
414549,7.07,
414550,4.45,
414551,8.26,
414552,4.29,
414553,4.87,
414554,4.77,
414555,5.84,
414556,5.34,
414557,4.38,
414558,5.23,
414559,6.19,
414560,4.71,
414561,4.91,
414562,11.42,
414563,5.27,
414564,6.62,
414565,6.21,
414566,6.24,
414567,4.65,
414568,4.7,
414569,4.43,
414570,6.59,
414571,5.41,
414573,5.38,
414574,5.01,
414575,6.91,
414576,5.04,
414577,5.33,
414578,4.88,
414579,4.48,
414580,5.35,
414581,6.04,
414582,4.69,
414584,4.58,
414585,5.6,
414586,4.83,
414587,4.74,
414588,5.46,
414589,4.69,
414590,6.01,
414591,6.98,
414592,5.39,
414593,4.93,
414594,5.14,
414597,4.19,
414598,4.35,
414599,3.71,
414600,3.61,
414602,4.25,
414604,3.58,
414605,5.91,
414606,3.86,
414607,5.03,
414608,3.61,
414609,3.63,
414610,3.98,
414611,3.6,
414612,3.61,
414613,4.15,
414614,4.42,
414615,3.97,
414616,4.16,
414617,3.76,
414618,6.32,
414621,3.56,
414623,3.77,
414626,3.87,
414627,3.83,
414628,3.76,
414629,3.77,
414630,4.36,
414632,3.77,
414634,3.42,
414635,5.23,
414636,3.53,
414638,2.79,
414639,2.69,
414640,3.15,
414641,3.04,
414642,2.88,
414643,3.32,
414644,2.98,
414645,2.77,
414648,3.03,
414649,3.24,
414650,3.45,
414651,3.69,
414652,3.7,
414653,3.45,
414654,3.89,
414655,3.41,
414656,3.99,
414657,11.95,
414658,3.58,
414659,3.56,
414661,3.26,
414663,3.38,
414664,3.86,
414665,2.44,
414666,3.45,
414667,3.49,
414668,3.3,
414669,3.26,
414670,3.39,
414671,3.45,
414672,3.67,
414673,3.35,
414674,3.33,
414675,3.26,
414676,2.89,
414677,2.99,
414678,4.09,
414679,3.15,
414680,3.54,
414681,2.93,
414682,2.9,
414683,3.42,
414684,2.93,
414685,3.35,
414686,5.71,
414687,4.09,
414688,2.98,
414689,3.33,
414690,4.46,
414691,3.24,
414692,3.66,
414693,3.65,
414694,3.35,
414695,3.26,
414697,3.34,
414698,4.41,
414699,3.22,
414700,3.2,
414701,4.9,
414702,3.33,
414703,3.09,
414704,3.45,
414705,3.06,
414706,5.21,
414707,3.41,
414708,3.71,
414709,3.64,
414710,5.4,
414711,4.39,
414712,4.05,
414713,5.5,
414714,4.2,
414715,4.2,
414716,3.86,
414717,3.94,
414718,3.92,
414719,4.23,
414720,3.92,
414721,4.22,
414723,3.8,
414724,4.0,
414725,4.08,
414726,3.94,
414727,3.97,
414730,3.74,
414731,3.25,
414732,2.96,
414733,3.48,
414734,3.59,
414735,3.32,
414736,3.26,
414737,3.45,
414738,3.96,
414740,3.53,
414741,3.75,
414742,4.17,
414743,4.37,
414744,4.67,
414745,4.5,
414746,5.41,
414748,4.66,
414749,5.72,
414750,5.01,
414751,5.47,
414752,6.15,
414753,5.8,
414754,5.57,
414755,6.46,
414756,6.23,
414757,6.47,
414758,6.88,
414759,6.26,
414762,5.44,
414763,5.76,
414764,4.48,
414766,6.04,
414767,4.1,
414768,5.98,
414769,4.09,
414771,3.76,
414772,4.07,
414773,3.25,
414774,3.95,
414775,2.97,
414776,3.33,
414778,3.63,
414780,3.32,
414781,3.43,
414782,3.74,
414783,3.51,
414784,3.27,
414785,2.92,
414786,2.71,
414787,3.67,
414788,3.51,
414790,5.31,
414791,5.34,
414792,5.77,
414795,9.14,
414796,4.46,
414797,6.39,
414798,4.77,
414799,4.42,
414800,4.6,
414801,4.23,
414802,5.23,
414803,4.35,
414804,4.79,
414806,4.43,
414807,4.6,
414808,4.46,
414809,4.14,
414810,5.23,
414811,4.21,
414812,4.12,
414813,3.62,
414814,4.44,
414815,3.3,
414816,4.14,
414817,4.64,
414818,5.11,
414819,5.09,
414820,5.71,
414821,6.16,
414822,7.25,
414823,7.28,
414824,10.3,
414825,7.48,
414826,6.59,
414827,5.56,
414828,7.62,
414829,7.0,
414830,6.28,
414831,6.87,
414832,7.49,
414833,5.49,
414834,6.94,
414835,5.69,
414836,6.0,
414837,6.57,
414838,5.09,
414839,6.36,
414841,5.49,
414842,6.41,
414843,6.08,
414844,5.37,
414845,4.58,
414846,5.31,
414847,4.85,
414848,5.25,
414849,5.43,
414850,5.84,
414851,7.08,
414852,7.16,
414853,6.98,
414854,6.8,
414855,6.55,
414856,7.31,
414857,6.48,
414858,5.65,
414859,5.47,
414860,6.84,
414861,5.67,
414862,5.77,
414863,4.42,
414864,4.75,
414865,4.75,
414866,4.4,
414867,4.91,
414868,5.13,
414869,6.49,
414870,5.49,
414871,5.46,
414872,4.4,
414873,4.43,
414874,5.19,
414875,4.07,
414876,3.88,
414877,5.34,
414878,5.27,
414879,5.38,
414880,5.3,
414881,5.33,
414882,4.02,
414883,3.81,
414884,4.26,
414885,4.35,
414886,4.21,
414887,3.56,
414888,3.08,
414889,2.99,
414890,2.83,
414891,2.91,
414892,2.91,
414893,3.05,
414894,3.56,
414895,3.48,
414896,3.45,
414897,3.04,
414898,2.69,
414899,2.96,
414900,2.93,
414901,2.94,
414902,2.92,
414903,2.73,
414904,2.95,
414905,3.09,
414906,2.86,
414907,3.16,
414908,2.87,
414909,3.26,
414910,3.25,
414911,3.04,
414912,3.52,
414913,2.86,
414914,2.5,
414915,2.56,
414916,26.2116,0.12480578
414917,25.8481,0.12480578
414918,26.1855,0.12480578
414919,25.6815,0.12480578
414920,23.275,0.12480578
414921,24.4808,0.12480578
414922,24.8155,0.12480578
414923,24.916,0.12480578
414924,24.5438,0.12480578
414925,21.8872,0.12480578
414926,22.0691,0.12480578
414927,22.1142,0.12480578
414928,23.8529,0.12480578
414929,23.1869,0.12480578
414930,21.7013,0.12480578
414931,21.8108,0.12480578
414932,22.856,0.12480578
414933,22.7362,0.12480578
414934,24.0445,0.12480578
414935,27.1924,0.12480578
414936,28.7565,0.12480578
414937,30.4004,0.12480578
414938,27.301,0.12480578
414939,28.3386,0.12480578
414940,36.256,0.12480578
414941,27.363,0.12480578
414942,26.842,0.12480578
414943,23.2498,0.12480578
414944,23.6901,0.12480578
414945,24.0106,0.12480578
414946,22.2748,0.12480578
414947,28.4712,0.12480578
414948,22.4541,0.12480578
414949,22.1757,0.12480578
414950,23.7861,0.12480578
414951,25.2146,0.12480578
414952,25.7027,0.12480578
414953,24.4989,0.12480578
414954,22.1936,0.12480578
414955,24.8844,0.12480578
414956,27.6576,0.12480578
414957,23.8203,0.12480578
414958,23.8024,0.12480578
414959,22.6284,0.12480578
414960,20.8683,0.12480578
414961,23.3012,0.12480578
414962,23.3431,0.12480578
414963,22.4012,0.12480578
414964,23.5536,0.12480578
414966,33.60858,
414967,27.25904,
414968,27.38641,
414969,30.00156,
414970,29.04454,
414971,24.85224,
414972,26.56381,
414973,27.10684,
414974,30.83792,
414975,28.52569,
414976,30.85672,
414977,25.50702,
414978,27.69136,
414979,26.88367,
414980,28.59429,
414981,27.91506,
414982,30.52731,
414983,35.59592,
414984,30.73664,
414985,38.79801,
414986,33.48933,
414987,30.54268,
414988,30.65812,
414989,32.06438,
414990,29.66079,
414991,30.79663,
414992,30.06048,
414993,33.07466,
414994,29.47127,
414995,24.02478,
414996,28.93619,
414997,23.82874,
414998,21.09963,
414999,33.01579,
415000,20.67016,
415001,35.54248,
415002,30.55532,
415003,35.71622,
415004,25.12611,
415005,29.3754,
415006,36.27848,
415007,33.35008,
415008,34.59344,
415009,28.79635,
415010,34.27417,
415011,35.41822,
415012,30.18547,
415013,34.18064,
415014,36.57167,
415015,42.10485,
415016,31.63796,
415017,33.33832,
415018,29.45663,
415019,31.37282,
415020,29.51145,
415021,40.16955,
415022,39.62774,
415023,31.67826,
415024,28.81611,
415025,29.5828,
415026,42.07411,
415027,37.7867,
415028,34.7024,
415029,23.73434,
415030,35.20292,
415031,35.49616,
415032,38.41569,
415033,41.68622,
415034,32.756,
415035,35.51118,
415036,27.96212,
415037,35.72232,
415038,27.70542,
415039,44.90313,
415040,50.49032,
415041,33.51283,
415042,34.10902,
415043,32.37914,
415044,29.16141,
415045,28.26582,
415046,31.50448,
415047,36.23164,
415048,25.19298,
415049,34.95967,
415050,36.96299,
415051,36.68533,
415052,23.18716,
415053,36.99799,
415054,29.51758,
415055,32.95893,
415056,30.65135,
415057,30.61196,
415058,31.22925,
415059,36.05635,
415060,30.40318,
415061,36.71588,
415062,34.45109,
415063,32.68649,
415064,42.67022,
415065,33.6119,
415066,33.08811,
415067,33.98954,
415068,33.10516,
415069,31.31229,
415070,30.13218,
415071,21.8308,
415072,32.68975,
415073,32.72708,
415074,37.23125,
415075,38.49162,
415076,35.44082,
415077,37.33479,
415078,30.67373,
415079,29.57366,
415080,30.23952,
415081,28.9047,
415082,28.85207,
415083,30.53765,
415084,26.98221,
415085,28.54193,
415086,26.66977,
415087,30.31562,
415088,30.04068,
415089,27.18167,
415090,24.79455,
415091,30.4263,
415092,25.54033,
415093,21.93046,
415094,22.26797,
415095,21.25642,
415096,28.17947,
415097,24.24018,
415098,19.86226,
415099,28.99737,
415100,23.27282,
415101,24.33862,
415102,24.50814,
415103,30.07971,
415104,21.32978,
415105,24.06231,
415106,24.41023,
415107,21.59329,
415108,23.61557,
415109,25.9348,
415110,22.88204,
415111,25.02852,
415112,22.18756,
415113,20.97981,
415114,21.05194,
415115,26.10201,
415116,23.71111,
415117,22.50085,
415118,26.22493,
415119,25.65555,
415120,25.32822,
415121,26.5942,
415122,32.08598,
415123,23.37991,
415124,27.71026,
415125,25.43659,
415126,26.71867,
415127,25.75713,
415128,30.15136,
415129,26.11133,
415130,24.49846,
415131,28.73561,
415132,23.12226,
415133,24.69368,
415134,24.23077,
415135,28.62316,
415136,29.52878,
415137,27.63702,
415138,22.33864,
415139,25.67546,
415140,27.97312,
415141,25.98271,
415142,23.74661,
415143,31.34548,
415144,33.83401,
415145,30.65784,
415146,37.29011,
415147,36.88079,
415148,31.18218,
415149,31.45752,
415150,32.22221,
415151,33.55202,
415152,34.50176,
415153,33.25744,
415154,29.83332,
415155,33.20837,
415156,32.89179,
415157,30.65343,
415158,40.8917,
415159,30.67834,
415160,28.72465,
415161,25.40413,
415162,33.84249,
415163,29.31154,
415164,27.98995,
415165,32.31751,
415166,30.36429,
415167,30.02387,
415168,31.29907,
415169,26.40244,
415170,32.58244,
415171,28.50227,
415172,30.9264,
415173,23.97757,
415174,27.63087,
415175,29.6945,
415176,27.00282,
415177,28.82366,
415178,28.17421,
415179,30.2621,
415180,29.51967,
415181,27.7419,
415182,29.59516,
415183,26.43408,
415184,26.00854,
415185,28.16812,
415186,27.50231,
415187,28.10011,
415188,27.72404,
415189,26.03831,
415190,29.17982,
415191,24.06466,
415192,23.18061,
415193,23.99171,
415194,26.38954,
415195,24.23984,
415196,23.92704,
415197,26.33135,
415198,25.98103,
415199,23.27059,
415200,23.85811,
415201,28.3382,
415202,30.15289,
415203,28.64609,
415204,28.09505,
415205,26.62298,
415206,27.85697,
415207,31.10526,
415208,25.4419,
415209,30.32744,
415210,33.06546,
415211,27.63977,
415212,28.9671,
415213,26.80623,
415214,29.19939,
415215,26.927,
415216,26.00601,
415217,26.71396,
415218,26.9483,
415219,27.12653,
415220,31.10744,
415221,25.82419,
415222,24.9449,
415223,27.08362,
415224,27.63944,
415225,29.85581,
415226,31.71123,
415227,26.78424,
415228,27.63657,
415229,26.37543,
415230,30.25394,
415231,24.94587,
415232,26.01718,
415233,29.78997,
415234,25.90766,
415235,22.87623,
415236,26.45746,
415237,29.37944,
415238,28.84716,
415239,27.05939,
415240,32.23739,
415241,25.83765,
415242,24.35562,
415243,26.54437,
415244,24.68997,
415245,22.42876,
415246,22.55459,
415247,29.41813,
415248,29.08954,
415249,26.63025,
415250,29.71099,
415251,28.44372,
415252,26.38148,
415253,26.49882,
415254,31.28579,
415255,27.52832,
415256,31.99028,
415257,29.86907,
415258,31.1119,
415259,28.40998,
415260,31.01432,
415261,31.4969,
415262,28.60327,
415263,30.20295,
415264,28.42456,
415265,33.57062,
415266,21.37131,
415267,27.94243,
415268,30.1492,
415269,27.20224,
415270,26.20475,
415271,24.96369,
415272,23.94802,
415273,24.72608,
415274,25.81331,
415275,25.51525,
415276,29.42861,
415277,27.90972,
415278,28.38092,
415279,27.33036,
415280,28.51919,
415281,29.9455,
415282,24.99698,
415283,26.00225,
415284,25.98314,
415285,28.5746,
415286,26.59348,
415287,27.2607,
415288,29.90627,
415289,28.23077,
415290,23.6239,
415291,27.85345,
415292,28.5256,
415293,22.9271,
415294,24.72289,
415295,27.94254,
415296,24.03502,
415297,23.77476,
415298,24.45586,
415299,25.21478,
415300,23.16597,
415301,23.94335,
415302,24.30253,
415303,25.54148,
415304,28.78655,
415305,25.33984,
415306,26.00836,
415307,30.08224,
415308,24.34132,
415309,26.86739,
415310,24.31511,
415311,22.80636,
415312,23.43286,
415313,25.34092,
415314,26.21818,
415315,27.39803,
415316,32.59273,
415317,29.48035,
415318,29.28532,
415319,22.9824,
415320,33.62143,
415321,28.49187,
415322,27.14806,
415323,28.85886,
415324,27.64543,
415325,30.84375,
415326,25.66599,
415327,27.05605,
415328,32.33051,
415329,24.90289,
415330,32.16343,
415331,28.42777,
415332,31.41625,
415333,32.06699,
415334,32.54298,
415335,28.06936,
415336,26.652,
415337,27.8718,
415338,25.83501,
415339,29.55681,
415340,31.52676,
415341,35.91878,
415342,30.71283,
415343,27.33967,
415344,32.54335,
415345,30.10028,
415346,32.80377,
415347,30.07379,
415348,35.99019,
415349,32.20284,
415350,29.7859,
415351,26.6805,
415352,26.11254,
415353,28.69118,
415354,32.40931,
415355,26.26342,
415356,27.52201,
415357,26.00953,
415358,34.74158,
415359,29.92587,
415360,26.50594,
415361,28.79906,
415362,28.78409,
415363,28.12006,
415364,29.57553,
415365,28.34444,
415366,35.50602,
415367,24.94776,
415368,35.91564,
415369,30.91201,
415370,30.52818,
415371,27.51621,
415372,31.49232,
415373,25.2415,
415374,26.7885,
415375,28.49343,
415376,24.53477,
415377,27.47699,
415378,31.31773,
415379,31.60107,
415380,28.62856,
415381,32.60293,
415382,30.79306,
415383,28.12802,
415384,38.30311,
415385,29.29539,
415386,28.3259,
415387,33.43788,
415388,32.57215,
415389,29.94629,
415390,30.52973,
415391,31.57298,
415392,28.06723,
415393,30.67205,
415394,31.4392,
415395,42.66628,
415396,28.65415,
415397,33.66626,
415398,38.43825,
415399,30.35147,
415400,31.57316,
415401,30.64691,
415402,29.51479,
415403,33.44443,
415404,29.22511,
415405,30.13881,
415406,31.31023,
415407,27.94716,
415408,31.07311,
415409,38.22919,
415410,30.82198,
415411,30.49484,
415412,29.01973,
415413,29.53801,
415414,31.42239,
415415,37.27013,
415416,36.5729,
415417,28.48568,
415418,26.39553,
415419,34.8959,
415420,33.30644,
415421,32.32069,
415422,31.92343,
415423,30.0741,
415424,28.83641,
415425,28.56257,
415426,28.133,
415427,27.79354,
415428,28.61586,
415429,26.76024,
415430,26.42321,
415431,28.7975,
415432,28.09434,
415433,25.83184,
415434,34.84399,
415435,28.11165,
415436,25.03962,
415437,25.49996,
415438,26.93361,
415439,25.49621,
415440,25.55588,
415441,27.18182,
415442,24.72974,
415443,24.59684,
415444,24.49086,
415445,24.66348,
415446,25.06007,
415447,25.05424,
415448,23.00626,
415449,22.63496,
415450,22.63382,
415451,23.34248,
415452,26.35327,
415453,25.77014,
415454,27.55473,
415455,23.84523,
415456,22.30676,
415457,25.82134,
415458,22.622,
415459,22.69945,
415460,24.25122,
415461,23.71117,
415462,27.88367,
415463,24.71716,
415464,25.34558,
415465,23.59656,
415466,24.56445,
415467,24.20156,
415468,24.56701,
415469,26.044,
415470,25.62289,
415471,21.5544,
415472,23.46884,
415473,23.17599,
415474,23.57674,
415475,22.76724,
415476,22.93633,
415477,23.65609,
415478,23.65144,
415479,24.15065,
415480,24.5843,
415481,23.70235,
415482,19.88811,
415483,24.09567,
415484,24.13362,
415485,21.09285,
415486,25.00582,
415487,21.92855,
415488,22.96043,
415489,23.5287,
415490,23.64069,
415491,22.33571,
415492,23.95659,
415493,22.10803,
415494,21.99344,
415495,21.03998,
415496,21.19132,
415497,26.80216,
415498,25.63157,
415499,31.42442,
415500,27.93246,
415501,27.26161,
415502,27.84293,
415503,31.89355,
415504,26.38321,
415505,26.24147,
415506,27.94257,
415507,25.04904,
415508,28.00215,
415509,34.07948,
415510,40.97214,
415511,27.15653,
415512,33.22444,
415513,27.60182,
415514,30.16714,
415515,32.55291,
415516,31.0397,
415517,29.46168,
415518,34.94291,
415519,33.04095,
415520,27.69004,
415521,28.83632,
415522,29.24765,
415523,31.46406,
415524,38.97552,
415525,31.05035,
415526,28.31,
415527,36.97621,
415528,34.11368,
415529,32.97526,
415530,37.5841,
415531,28.3334,
415532,33.29621,
415533,26.90439,
415534,28.3043,
415535,25.99533,
415536,28.38578,
415537,30.41286,
415538,36.12668,
415539,27.91585,
415540,28.3493,
415541,35.4963,
415542,27.32622,
415543,31.34919,
415544,33.00475,
415545,35.20336,
415546,33.26777,
415547,33.60417,
415548,38.03502,
415549,28.59168,
415550,28.52202,
415551,27.48419,
415552,37.52214,
415553,31.2646,
415554,30.3208,
415555,30.71901,
415556,28.16664,
415557,37.16446,
415558,35.41537,
415559,30.73601,
415560,31.97123,
415561,27.99397,
415562,28.31026,
415563,23.63682,
415564,27.5705,
415565,26.08107,
415566,29.63004,
415567,27.16341,
415568,29.37913,
415569,27.89144,
415570,31.69776,
415571,36.40279,
415572,27.79724,
415573,28.09329,
415574,29.01283,
415575,35.85009,
415576,29.34023,
415577,28.91259,
415578,28.0721,
415579,28.44185,
415580,33.55857,
415581,25.8342,
415582,26.13789,
415583,35.56197,
415584,31.33494,
415585,34.69604,
415586,47.21671,
415587,31.2955,
415588,29.23917,
415589,28.65963,
415590,27.15203,
415591,35.76291,
415592,31.88812,
415593,37.39659,
415594,35.3636,
415595,35.82186,
415596,25.88531,
415597,26.65405,
415598,27.28302,
415599,23.94143,
415600,26.67084,
415601,27.54648,
415602,35.6151,
415603,24.77443,
415604,33.92905,
415605,25.81537,
415606,29.1699,
415607,25.23875,
415608,25.76022,
415609,27.96543,
415610,23.80397,
415611,39.65038,
415612,35.41643,
415613,29.14895,
415614,29.60188,
415615,26.03752,
415616,28.24345,
415617,27.04935,
415618,32.8563,
415619,26.39017,
415620,27.61927,
415621,28.77785,
415622,26.74124,
415623,27.59497,
415624,25.90528,
415625,23.58895,
415626,26.63566,
415627,30.14704,
415628,25.76843,
415629,29.18235,
415630,33.35491,
415631,21.24832,
415632,27.15167,
415633,28.23802,
415634,34.04566,
415644,0.0567383126475823,
415645,0.0562212383110614,
415646,0.0557889302592161,
415647,0.0561407103406196,
415648,0.0562042850541263,
415649,0.057696171664416,
415650,0.0569629433019725,
415651,0.0577639846921565,
415652,0.0576749800932471,
415653,0.0577851762633254,
415654,0.0562593831391654,
415655,0.0558525049727227,
415656,0.0543818099336019,
415657,0.0528136336671041,
415658,0.0554964865770854,
415659,0.0538816888540161,
415660,0.0533603762032614,
415661,0.054589487331057,
415662,0.0558779348581254,
415663,0.0561619019117885,
415664,0.0536612965138596,
415665,0.0546403471018623,
415666,0.0546106789022259,
415667,0.0545004827321476,
415668,0.0551107999818116,
415669,0.0525339049276748,
415670,0.0535383854010801,
415671,0.0536782497707948,
415672,0.0541614175934454,
415673,0.0537418244843014,
415674,0.0538604972828472,
415675,0.0546361087876285,
415676,0.0549158375270579,
415677,0.0535807685434179,
415678,0.0545852490168232,
415679,0.0538223524547432,
415680,0.0542504221923547,
415681,0.0517710083655948,
415682,0.0521694099035699,
415683,0.0515675692823735,
415684,0.0514531347980615,
415685,0.0515463777112046,
415686,0.0485371746052224,
415687,0.0471936289931149,
415688,0.0436037768371051,
415689,0.0450617569335247,
415690,0.0430104128443762,
415691,0.0395858549434839,
415692,0.0393400327179247,
415693,0.0394078457456652,
415694,0.0401453124223425,
415695,0.0397596258270687,
415696,0.0375260342258679,
415697,0.0349364242290297,
415698,0.0353390640812386,
415699,0.0366910863218137,
415700,0.0365088388097612,
415701,0.0355467414786937,
415702,0.0377972863368297,
415703,0.0377167583663879,
415704,0.0376743752240501,
415705,0.0384923698711692,
415706,0.0375302725401017,
415707,0.0361189139002537,
415708,0.0395858549434839,
415709,0.0388356733241052,
415710,0.0452524810740447,
415711,0.0371530625732954,
415712,0.0378311928506999,
415713,0.0364325491535532,
415714,0.0386068043554812,
415715,0.0391747384628074,
415716,0.0408403959566821,
415717,0.0415609093764243,
415718,0.0353814472235764,
415719,0.0356187928206679,
415720,0.0350805269129781,
415721,0.0331309023654404,
415722,0.0363011614123061,
415723,0.0375472257970368,
415724,0.0383906503295585,
415725,0.0412006526665532,
415726,0.0401325974796412,
415727,0.0351907230830564,
415728,0.0356993207911097,
415729,0.0381956878748048,
415730,0.0392425514905479,
415731,0.0394163223741327,
415732,0.0398443921117443,
415733,0.0387975284960012,
415734,0.0379117208211417,
415735,0.039183215091275,
415736,0.0384711783000003,
415737,0.0373649782849843,
415738,0.0397977706551727,
415739,0.038649187497819,
415740,0.0367970441776581,
415741,0.0392086449766776,
415742,0.0389034863518456,
415743,0.0378311928506999,
415744,0.0377209966806217,
415745,0.0381490664182332,
415746,0.0360807690721497,
415747,0.0385898510985461,
415748,0.0388738181522092,
415749,0.0411201246961114,
415750,0.0416541522895674,
415751,0.038839911638339,
415752,0.0384076035864937,
415753,0.0389712993795861,
415754,0.0391577852058723,
415755,0.0410311200972021,
415756,0.0400690227661345,
415757,0.0568103639895565,0.000908965823832904
415758,0.0563314344811396,0.000901302951698234
415759,0.0482108244092215,0.000771373190547544
415760,0.042671347705674,0.000682741563290785
415761,0.0430104128443762,0.00068816660551002
415762,0.0412557507515923,0.000660092012025476
415763,0.0419677875428669,0.000671484600685871
415764,0.0416541522895674,0.000666466436633078
415765,0.0390052058934563,0.000624083294295301
415766,0.0438962205192358,0.000702339528307773
415767,0.0453075791590838,0.00072492126654534
415768,0.0482998290081308,0.000772797264130093
415769,0.0482659224942606,0.00077225475990817
415770,0.0480540067825717,0.000768864108521148
415771,0.0456212144123833,0.000729939430598133
415772,0.0470791945088029,0.000753267112140846
415773,0.0484863148344171,0.000775781037350673
415774,0.0483549270931699,0.000773678833490719
415775,0.0471597224792446,0.000754555559667914
415776,0.0477403715292722,0.000763845944468355
415777,0.049249211396497,0.000787987382343953
415778,0.0497281409049139,0.000795650254478623
415779,0.0551743746953183,0.000882789995125093
415780,0.0520464987907903,0.000832743980652645
415781,0.0550429869540712,0.000880687791265139
415782,0.0500248229012784,0.000800397166420454
415783,0.0421288434837505,0.000674061495740008
415784,0.0368521422626972,0.000589634276203156
415785,0.0387848135532999,0.000620557016852798
415786,0.0379752955346483,0.000607604728554373
415787,0.0399164434537185,0.000638663095259496
415788,0.0397341959416661,0.000635747135066657
415789,0.0394375139453016,0.000631000223124826
415790,0.0402300787070181,0.000643681259312289
415791,0.0458670366379424,0.000733872586207079
415792,0.0495374167643939,0.000792598668230303
415793,0.0451761914178367,0.000722819062685387
415794,0.0440360848889505,0.000704577358223207
415795,0.044845602907602,0.000717529646521632
415796,0.0453330090444864,0.000725328144711783
415797,0.0408658258420847,0.000653853213473356
415798,0.0427900205042198,0.000684640328067517
415799,0.0429807446447398,0.000687691914315837
415800,0.049554370021329,0.000792869920341265
415801,0.0483803569785726,0.000774085711657162
415802,0.039068780606963,0.000625100489711408
415803,0.04129813389393,0.000660770142302881
415804,0.0401537890508101,0.000642460624812961
415805,0.0397638641413025,0.00063622182626084
415806,0.0427900205042198,0.000684640328067517
415807,0.044578589110874,0.000713257425773984
415808,0.0467655592555033,0.000748248948088053
415809,0.0459772328080207,0.00073563572492833
415810,0.0416075308329958,0.000665720493327933
415811,0.0445743507966402,0.000713189612746244
415812,0.0483930719212739,0.000774289150740383
415813,0.0502918366980064,0.000804669387168102
415814,0.047477596046778,0.000759641536748447
415815,0.0494145056516144,0.00079063209042583
415816,0.0517752466798286,0.000828403946877257
415817,0.0527331056966623,0.000843729691146597
415818,0.0541487026507441,0.000866379242411905
415819,0.0455873078985131,0.00072939692637621
415820,0.0422559929107638,0.000676095886572221
415821,0.0409505921267603,0.000655209474028165
415822,0.0380982066474279,0.000609571306358846
415823,0.0394756587734056,0.00063161054037449
415824,0.0418957362008927,0.000670331779214283
415825,0.0430824641863505,0.000689319426981607
418270,9.74134751067253,
418271,9.80425664319745,
418272,10.4473837928694,
418273,8.94991533145642,
418274,8.99847570967436,
418275,8.15710007003188,
418276,8.34490726664513,
418277,8.28437099586965,
418278,7.53113708355526,
418279,6.76720909053651,
418280,7.16539358995513,
418281,8.48232618409544,
418282,7.20038539133115,
418283,6.54838871589742,
418284,8.2542637627269,
418285,7.23897598624145,
418286,7.60255617998193,
418287,6.91464393663372,
418288,6.75109787343619,
418289,6.48147308371412,
418290,6.49060900606994,
418291,6.45282262134818,
418292,7.0958770485558,
418293,7.29907385065088,
418294,7.21600768594829,
418295,6.66365588433105,
418296,6.7797466087166,
418297,7.01037434098102,
418298,8.21888431467435,
418299,7.69752943298266,
418300,7.67252946353327,
418301,7.19130486086552,
418302,6.71520622251998,
418303,6.91033744548844,
418304,6.45130691055224,
418305,6.78193207329489,
418306,7.69386580470338,
418307,7.69721474176306,
418308,7.19926636286094,
418309,7.39648016696433,
418310,6.47416290501729,
418311,6.22661916031216,
418312,6.81268723091182,
418313,6.47089039001018,
418314,7.02383063299977,
418315,7.70029702630051,
418316,9.26893678786433,
418317,6.5941724721174,
418318,7.38175937917667,
418319,8.78661237939611,
418320,6.71820311724615,
418321,10.1483714260175,
418322,6.77682848624963,
418323,6.26801895469966,
418324,6.17040605154834,
418325,6.87650149012995,
418326,7.34172501599257,
418327,7.87392687291062,
418328,7.91431191083242,
418329,7.26666605576878,
418330,6.69833473176554,
418331,7.06373702498785,
418332,7.07267283369934,
418333,7.60763710957986,
418334,8.59309448067585,
418335,8.24893396376117,
418336,7.11265062159923,
418337,7.77487631473144,
418338,10.7774269301668,
418339,7.16245110824933,
418340,6.77615195018165,
418341,7.13332966756789,
418342,7.56988367044893,
418343,7.9939107140587,
418344,12.92408804741,
418345,14.9432221417118,
418346,33.5257753928454,
418347,16.4532748480172,
418348,26.0219190832872,
418349,17.2835841334969,
418350,6.98029997660066,
418351,6.6491726538151,
418352,7.13714781664415,
418353,6.70163585232128,
418354,6.87582508124786,
418355,6.29614684698384,
418356,6.46105027024084,
418357,5.64147202883016,
418358,6.27647975852308,
418359,7.87399043138068,
418360,6.89575234526514,
418361,8.33610717205612,
418362,8.15254666360373,
418363,7.89401597970978,
418364,8.39266905749351,
418365,7.04053448314134,
418366,7.52416324506647,
418367,7.4906956845181,
418368,7.03691131053447,
418369,7.33454231352864,
418370,7.49317851694418,
418371,7.78592642341179,
418372,8.3323582410518,
418373,10.1185690423137,
418374,8.48537626306709,
418375,7.29271354309895,
418376,7.29120357374691,
418377,7.45727670920719,
418378,6.75803776575012,
418379,7.44723466815951,
418380,7.23137288861172,
418381,6.5233319360925,
418382,5.95899916142381,
418383,5.85042954552894,
418384,5.75059433250301,
418385,5.53720614541473,
418386,5.42307582343299,
418387,6.0234638288091,
418388,6.46855291787252,
418389,5.88215630254293,
418390,5.94566793088176,
418391,6.31622891738091,
418392,6.38112054942371,
418393,6.5140469875776,
418394,6.90520109688677,
418395,6.4726942666023,
418396,6.77300489657603,
418397,7.79316520686673,
418398,8.92199383760289,
418399,7.79948507350139,
418400,7.1094886970506,
418401,7.27301766036874,
418402,8.9315512362377,
418403,6.16972205118988,
418404,6.14102659334183,
418405,6.29220925053187,
418406,6.35316157598255,
418407,6.18600647688579,
418408,6.42085925669636,
418409,5.882086423118,
418410,6.17790781560301,
418411,6.19117823918369,
418412,5.87158690464642,
418413,5.56099498299891,
418414,5.85934278748723,
418415,5.8973947505019,
418416,5.84129486016362,
418417,6.64073361636354,
418418,6.08295370517454,
418419,6.51827691981484,
418420,7.09326683068337,
418421,6.84871555362003,
418422,6.16528909462814,
418423,6.28839998629924,
418424,5.94063823789516,
418425,6.16574818586591,
418426,5.71003307925996,
418427,5.51247714694785,
418428,5.18939700589678,
418429,5.28134031163444,
418430,5.08190978977315,
418431,5.42037856782957,
418432,5.64435062539345,
418433,5.64494126462975,
418434,6.28355938548263,
418435,6.31415966751667,
418436,6.23683149632017,
418437,6.2222643774837,
418438,6.36806296142077,
418439,5.35540916522845,
418440,5.15655440969602,
418441,5.13179720082176,
418442,5.67530146259459,
418443,5.16090229948467,
418444,5.26275103815457,
418445,5.49533558262855,
418446,5.62135340238119,
418447,5.47423216314691,
418448,5.89194034178876,
418449,6.04510931731855,
418450,5.5619373125007,
418455,6.42887192510477,
418460,5.78739235674023,
418465,6.14094923062834,
418470,6.73684578244165,
418475,6.70128380046299,
418480,7.27527100763207,
418485,6.68420787202252,
418490,6.0499577775175,
418495,5.83309345658828,
418500,5.93697467807332,
418505,6.34560794532309,
418510,6.02158532010465,
418515,5.7331327960943,
418520,6.60415847876994,
418525,7.17335098270213,
418530,7.00040266395841,
418535,7.25443854432845,
418540,7.65044499273918,
418545,8.81801701367371,
418550,7.59400384647122,
418555,6.08740950334751,
418560,5.85024472416333,
418565,6.35341109926784,
418570,6.29784538857702,
418575,5.5249113223785,
418580,5.19361415754355,
418585,5.4340232370429,
418590,5.61363286511201,
418595,5.65041961250039,
418600,5.51671560862393,
418605,5.87488898052561,
418610,6.5879017371276,
418615,7.09298236452863,
418620,8.1323423596879,
418625,7.99656489949783,
418630,8.44224159933181,
418635,8.64531955941397,
418640,8.00266409380428,
418645,9.40658741962537,
418650,9.07670390524343,
418655,8.0257191441202,
418660,8.18243525488235,
418665,8.96076923083356,
418670,9.00903754865425,
418675,9.73894989987851,
418680,9.82455980359475,
418685,9.6902936283099,
418690,8.81805432475866,
418695,7.55503314287519,
418700,6.98869899027001,
418705,7.03443804788469,
418710,6.78411375985453,
418715,5.92546168725021,
418720,5.65912440586304,
418725,5.61735284572867,
418730,5.87344656302907,
418735,5.82037438389609,
418740,5.79371873179474,
418745,5.56410576948303,
418750,5.7318435081233,
418755,5.81753970874529,
418760,6.05189940802777,
418765,6.13526585435367,
418770,6.20777696765822,
418775,6.95848134877985,
418780,6.36573701412718,
418784,5.13089864413306,
418788,5.27015855828253,
418793,6.73749324473802,
418798,6.87737535833811,
418803,6.77903643621599,
418808,6.61487061425848,
418813,6.46502356617955,
418818,5.72156222249611,
418823,5.40528448625644,
418828,4.8644998321078,
418833,4.81992561814374,
418838,5.03791802543348,
418843,5.22524984370112,
418848,5.72939614605806,
418853,5.64389103877467,
418858,5.50770392476871,
418863,6.17230485508295,
418868,8.04116227731027,
418873,7.60601231719697,
418878,7.55320336269848,
418883,5.8528479456773,
418888,7.43157894860569,
418893,7.18053827347212,
418898,7.78472073646306,
418903,7.15800239012022,
418908,7.12480088401623,
418913,6.37194852897264,
418918,6.30016128399166,
418923,6.44655579715194,
418928,6.8539923802303,
418933,7.03939307931643,
418938,7.04422692153474,
418943,7.1653348947188,
418948,7.6144593582699,
418953,7.85951252827216,
418958,8.46865695052589,
418963,8.13762884042116,
418968,7.2091160043607,
418973,7.32273963083387,
418978,7.75877856423885,
418983,8.23045363626122,
418988,9.02773857254045,
418993,9.76056386818319,
418998,10.211614515642,
419003,9.91021695897327,
419008,11.3265435853138,
419013,7.19445443509278,
419018,6.63667042010815,
419023,7.81849751596177,
423400,3.30200181925687,
423401,18.6383390071279,
423402,12.0439022702824,
423403,7.60625199127823,
423404,7.21182707773602,
423405,8.7283329952868,
423406,2.87133496915499,
423407,4.24328904608044,
423408,2.76229787252523,
423409,2.97147105416118,
423410,3.19636730573544,
423411,4.31628750284585,
423412,4.14164871089437,
423413,4.80588176834746,
423414,2.97597223626723,
423415,2.53641039958665,
423416,19.9969871811794,
423417,13.760288159514,
423418,4.38615814139047,
423419,5.86778591211232,
423420,19.4110653268941,
423421,6.55079177296917,
423422,5.49857242486899,
423423,4.69040203916059,
423424,8.43113820201605,
423425,6.15722081876157,
423426,3.022545731331,
423427,3.69037498457108,
423428,3.95255980250977,
423429,4.85124361242543,
423430,29.0382053075499,
423431,4.29884163752314,
423432,21.4035153260646,
423433,8.16070857848179,
423434,7.05095774531989,
423435,6.88771059452788,
423436,3.01100300349722,
423437,3.31935873277103,
423438,3.89154824110265,
423439,2.09253166015223,
423440,5.04582102448056,
423441,10.1163764657478,
423442,4.74900802304053,
423443,4.38953449907426,
423444,3.97234733593911,
423445,7.83916116025509,
423446,2.76365883563053,
423447,2.58886895700473,
423448,1.96885957621889,
423449,1.97215749845711,
423450,2.35471647809093,
423451,1.8402406089282,
423452,15.290816457519,
423453,13.6764835219091,
423454,9.72722164163752,
423455,11.3778317218679,
423456,8.99838082699033,
423457,11.6779426455462,
423458,9.61839020777618,
423459,11.4075130220119,
423460,4.53794099979428,
423461,4.88257387368854,
423462,5.72684196667352,
423463,7.56048673112528,
423464,4.46043982719605,
423465,4.77704036206542,
423466,4.60554840567784,
423467,9.40897214564905,
423468,3.91793161900843,
423469,4.25267072618803,
423470,4.05809331413289,
423471,9.66621008023041,
423472,2.963183131043,
423473,5.25029220325036,
423474,3.27813470479325,
423475,4.17022267023246,
423476,2.99121547006789,
423477,3.99543279160667,
423478,4.66985788932318,
423479,10.8129295075891,
423480,18.6120374705726,
423481,4.4249301390863,
423482,6.99405331693116,
423483,7.49814287207099,
423484,7.73168184028819,
423485,7.82211051594832,
423486,9.33032687388259,
423487,7.49012934533316,
423488,12.1809025938056,
423489,4.74289836054758,
423490,6.56950162161423,
423491,8.97678648369228,
423492,12.8089203671991,
423493,7.44511227098275,
423494,8.7401457483717,
423495,10.4626583007612,
423496,9.83770203661798,
423497,10.3323903723514,
423498,6.93388150586299,
423499,11.0035175478297,
423500,6.20174276897758,
423501,3.53702160049373,
423502,6.2050406912158,
423503,3.30616704381814,
423504,9.16987278337791,
423505,3.51228718370706,
423506,9.09237161077968,
423507,7.11691619008435,
423508,7.43021880271549,
423509,3.76457823493108,
423510,3.38531717753549,
423511,4.05809331413289,
423512,4.05149746965645,
423513,3.08520625385723,
423514,2.98791754782967,
423515,3.64915095659329,
423516,6.94707319481588,
423517,3.7662271960502,
423518,4.31038436535692,
423519,9.58870890763218,
423520,4.60719736679696,
423521,8.25964624562847,
423522,3.85362213536309,
423523,3.58978835630529,
423524,4.78693412878009,
423525,8.92417757663032,
423526,10.5995220736474,
423527,12.4727419049578,
423528,8.68507821435919,
423529,5.10518362476857,
424563,3.18,
424564,3.38,
424565,3.19,
424566,3.02,
424567,3.13,
424568,2.63,
424572,2.89,
424573,2.8,
424574,2.69,
424575,2.88,
424576,2.8,
424577,2.59,
424578,2.59,
424579,2.63,
424580,2.58,
424581,2.6,
424582,2.48,
424583,2.28,
424584,2.54,
424585,2.45,
424586,2.64,
424587,2.46,
424588,2.31,
424589,2.14,
424592,2.2,
424593,2.35,
424594,4.66,
424595,2.46,
424596,1.94,
424597,1.97,
424598,1.97,
424599,1.99,
424600,2.66,
424601,2.29,
424602,2.11,
424603,2.1,
424604,1.93,
424605,2.02,
424606,3.1,
424607,4.36,
424608,3.44,
424609,2.15,
424610,2.38,
424611,5.1,
424612,3.84,
424613,2.86,
424614,2.35,
424615,3.22,
424616,2.84,
424617,2.81,
424618,2.76,
424622,2.29,
424626,2.18,
424627,2.15,
424628,2.23,
424629,2.85,
424630,3.33,
424631,4.46,
424632,2.71,
424633,2.68,
424634,2.56,
424635,2.78,
424636,2.57,
424637,2.88,
424638,3.09,
424642,3.59,
424643,3.75,
424644,3.01,
424645,2.94,
424646,3.28,
424647,3.94,
424648,2.68,
424649,2.72,
424657,4.13,
424658,3.84,
424659,2.92,
424660,3.31,
424661,3.16,
424662,2.96,
424664,3.61,
424665,3.73,
424668,3.8,
424669,3.76,
424670,4.06,
424671,4.14,
424672,4.14,
424673,3.67,
424674,3.65,
424675,3.64,
424676,3.8,
424677,3.71,
424678,3.65,
424679,3.44,
424680,3.0,
424681,2.77,
424682,2.92,
424683,3.0,
424684,3.31,
424685,3.52,
424686,3.72,
424687,3.01,
424688,3.02,
424689,3.02,
424690,2.9,
424691,3.26,
424692,3.68,
424693,3.39,
424694,3.17,
424695,3.17,
424696,2.84,
424697,2.77,
424698,2.77,
424699,2.82,
424700,2.51,
424701,2.42,
424702,2.56,
424703,2.78,
424704,2.57,
424705,2.75,
424707,2.4,
424708,2.45,
424709,2.42,
424710,2.45,
424711,2.27,
424712,2.14,
424713,2.1,
424714,2.1,
424715,2.17,
424716,2.28,
424717,2.35,
424718,2.22,
424719,2.32,
424720,2.43,
424721,2.17,
424722,2.28,
424723,2.22,
424724,2.44,
424725,2.6,
424726,2.41,
424727,2.33,
424728,2.26,
424729,2.32,
424730,2.44,
424731,2.25,
424732,2.08,
424736,2.63,
424737,2.21,
424738,2.25,
424739,3.39,
424740,2.25,
424741,2.08,
424742,2.29,
424743,2.18,
424744,2.12,
424745,2.34,
424746,2.35,
424747,2.3,
424748,2.38,
424749,2.4,
424750,2.21,
424751,2.29,
424752,2.18,
424753,2.13,
424754,2.21,
424755,2.28,
424756,2.63,
424757,2.77,
424758,2.37,
424759,2.34,
424760,4.49,
424763,2.12,
424764,2.44,
424765,2.43,
424766,2.46,
424767,2.4,
424768,2.22,
424769,2.16,
424770,2.17,
424773,2.98,
424774,3.26,
424775,3.25,
424776,3.21,
424777,2.43,
424778,2.12,
424779,1.97,
424780,1.92,
424781,1.92,
424782,2.11,
424783,2.13,
424788,2.16,
424792,2.94,
424793,3.12,
424794,2.66,
424795,2.44,
424796,3.17,
424797,3.42,
424798,2.3,
424799,2.16,
424800,2.12,
424801,2.17,
424802,2.14,
424803,2.2,
424804,2.03,
424805,2.08,
424806,2.01,
424807,1.93,
424808,1.9,
424809,2.07,
424810,1.84,
424811,1.94,
424812,2.06,
424813,2.04,
424814,1.99,
424815,2.05,
424816,2.14,
424817,1.91,
424818,1.88,
424819,2.0,
424820,1.91,
424821,2.15,
424822,2.29,
424823,2.19,
424827,1.72,
424830,1.65,
424831,1.7,
424832,1.73,
424833,1.74,
424834,1.75,
424835,1.9,
424837,1.92,
424839,2.03,
424840,1.96,
424841,2.78,
424844,1.39,
424845,1.46,
424846,2.13,
424847,2.11,
424848,2.17,
424849,2.35,
424850,1.64,
424851,1.46,
424852,1.54,
424853,1.67,
424854,3.77,
424856,3.04,
424857,2.52,
424858,2.04,
424859,2.08,
424860,1.77,
424861,1.93,
424862,1.81,
424863,1.91,
424864,1.81,
424865,1.81,
424866,1.78,
424867,1.87,
424868,1.89,
424869,1.97,
424870,1.78,
424871,1.84,
424872,1.95,
424873,1.83,
424874,1.71,
424875,2.29,
424876,3.55,
424877,4.7,
424878,5.16,
424879,2.43,
424880,2.23,
424881,2.44,
424882,2.44,
424884,2.73,
424885,2.4,
424886,2.52,
424887,2.93,
424888,2.3,
424889,2.43,
424890,2.47,
424891,2.54,
424892,2.6,
424893,2.04,
424894,2.23,
424895,2.02,
434021,30.4780852778311,0.152390426389155
434023,33.0907561281238,0.165453780640619
434025,30.388660373493,0.151943301867465
434027,27.2738576006543,0.136369288003272
434028,27.0357829258928,0.135178914629464
434029,19.240012797119,0.0962000639855952
434030,20.2720403428189,0.101360201714095
434031,29.651457940482,0.14825728970241
434032,24.0035987489406,0.120017993744703
434033,22.1423144627601,0.110711572313801
434036,22.6370529464868,0.113185264732434
434037,23.8712630489208,0.119356315244604
434039,25.7194409279557,0.128597204639779
434040,27.5574181751066,0.137787090875533
434042,26.9087927611937,0.134543963805968
434043,25.5772722692625,0.127886361346312
434045,24.0800061421671,0.120400030710836
434046,22.3897164586484,0.111948582293242
434047,21.3473257672433,0.106736628836217
434049,20.8846185359099,0.104423092679549
434051,20.8056835663222,0.104028417831611
434052,20.7328622325929,0.103664311162964
434053,20.8311867038436,0.104155933519218
434055,21.1224682542902,0.105612341271451
434056,21.635123601798,0.10817561800899
434058,21.3866358156979,0.10693317907849
434060,21.4803347061997,0.107401673530998
434061,21.0311671559133,0.105155835779567
434063,21.3622344370722,0.106811172185361
434064,21.4175247686624,0.107087623843312
434065,20.9960632442676,0.104980316221338
434067,19.9056970865792,0.0995284854328962
434069,20.2254316110646,0.101127158055323
434070,20.7936894787775,0.103968447393887
434072,21.1358874080036,0.105679437040018
434074,21.2738547926819,0.106369273963409
434075,21.0089044823108,0.105044522411554
434076,20.8998930813251,0.104499465406625
434079,21.0740987425359,0.105370493712679
434082,21.2425052467325,0.106212526233662
434085,21.0400267328865,0.105200133664433
434086,20.8268626757941,0.104134313378971
434088,21.1148742176911,0.105574371088456
434090,20.3279186674342,0.101639593337171
434091,22.0993423818497,0.110496711909248
434092,20.486467305304,0.10243233652652
434095,20.5598877511031,0.102799438755515
434096,20.5736349760377,0.102868174880188
434097,21.3140167475604,0.106570083737802
434099,21.7773915132927,0.108886957566464
434101,22.4807023468279,0.112403511734139
434103,24.3376835546423,0.121688417773211
434104,23.6408933102798,0.118204466551399
434106,25.1326381860965,0.125663190930483
434108,24.7148680063694,0.123574340031847
434109,25.3435541560971,0.126717770780486
434110,24.3888968012826,0.121944484006413
434112,24.6131919878834,0.123065959939417
434113,24.0265395998535,0.120132697999268
434115,23.467345955242,0.11733672977621
434116,22.7726773761591,0.113863386880795
434118,22.7392631876608,0.113696315938304
434119,22.7525484333649,0.113762742166824
434121,21.7962396343795,0.108981198171897
434122,22.3161519741292,0.111580759870646
434123,22.4691698718693,0.112345849359346
434124,21.9956114021622,0.109978057010811
434125,21.968437646939,0.109842188234695
434128,22.2639785401542,0.111319892700771
434129,21.9308060413528,0.109654030206764
434131,22.3031777063005,0.111515888531502
434132,22.6247828653887,0.113123914326943
434134,21.8470268319151,0.109235134159576
434135,22.4674469524056,0.112337234762028
434137,22.3659325472577,0.111829662736288
434138,22.3126304588661,0.11156315229433
434140,22.1355417537623,0.110677708768811
434142,22.6038424317751,0.113019212158875
434143,22.6501474272712,0.113250737136356
434145,22.8903859181891,0.114451929590945
434147,23.4967115458267,0.117483557729134
434148,23.8587013734581,0.11929350686729
434150,23.3088775061439,0.11654438753072
434152,22.7398821452205,0.113699410726102
434153,22.5058217659201,0.112529108829601
434155,22.4135041158044,0.112067520579022
434157,23.8425200958406,0.119212600479203
434159,22.9699223601709,0.114849611800854
434161,23.6124276316406,0.118062138158203
434163,22.2607374984931,0.111303687492466
434165,22.9070822757508,0.114535411378754
434166,22.5248477415437,0.112624238707719
434168,22.0277847871983,0.110138923935992
434169,22.5097595550692,0.112548797775346
434171,23.0921360677949,0.115460680338975
434172,22.2887890247507,0.111443945123754
434173,21.5369531702448,0.107684765851224
434174,21.3818929291921,0.10690946464596
434177,21.4499448415024,0.107249724207512
434179,21.2554034782599,0.106277017391299
434182,20.8471749171309,0.104235874585655
434184,20.8345429280982,0.104172714640491
434185,20.4521542660886,0.102260771330443
434187,22.3858620032352,0.111929310016176
434188,20.394894902863,0.101974474514315
434189,20.2147656430035,0.101073828215018
434190,21.1707128036067,0.105853564018034
434192,20.8535140933006,0.104267570466503
434193,21.1836098235395,0.105918049117698
434194,20.8704119779666,0.104352059889833
434196,20.8310101112057,0.104155050556028
434197,20.0497305821856,0.100248652910928
434199,20.8742451896171,0.104371225948085
434201,20.4362024721022,0.102181012360511
434202,19.0846511355238,0.0954232556776191
434204,21.1641767561181,0.105820883780591
434206,20.1623964675568,0.100811982337784
434208,20.8099754593205,0.104049877296602
434210,19.907210292717,0.099536051463585
434212,20.4134596074653,0.102067298037326
434214,20.2529714128068,0.101264857064034
434217,20.9492970417955,0.104746485208978
434219,20.9696036312593,0.104848018156297
434222,21.0296482336726,0.105148241168363
434224,22.3062706833179,0.111531353416589
434226,23.5581497949687,0.117790748974843
434228,23.9920910031523,0.119960455015762
434230,24.9514484433092,0.124757242216546
434232,24.9873261540389,0.124936630770194
434234,25.5044543030314,0.127522271515157
434236,26.3470409630156,0.131735204815078
434237,26.0924290254285,0.130462145127142
434239,27.9938404063684,0.139969202031842
434241,26.1339893610855,0.130669946805427
434242,25.6026593647922,0.128013296823961
434244,25.8313724547523,0.129156862273761
434246,27.2594913110083,0.136297456555042
434248,27.38977159805,0.13694885799025
434250,27.2393239726315,0.136196619863158
434251,26.768545883737,0.133842729418685
434253,22.9569723512148,0.114784861756074
434254,25.0450034816677,0.125225017408339
434255,24.9585916932397,0.124792958466198
434256,23.9458988964826,0.119729494482413
434257,23.3062592423141,0.11653129621157
434258,23.3406909008779,0.116703454504389
434259,24.0457910810523,0.120228955405261
434260,25.2859901659423,0.126429950829711
434261,24.4764437087582,0.122382218543791
434262,25.5976371264904,0.127988185632452
434263,25.4487098731644,0.127243549365822
434264,26.4933567221057,0.132466783610529
434265,26.3987661958579,0.13199383097929
434266,27.1035275560865,0.135517637780433
434267,27.2447001836995,0.136223500918498
434268,28.3046034048866,0.141523017024433
434269,28.5460794853706,0.142730397426853
434270,25.9876977376951,0.129938488688476
434271,25.2399046973299,0.12619952348665
434272,25.8041293273026,0.129020646636513
434275,26.0670708860359,0.130335354430179
434276,26.2954595665494,0.131477297832747
434277,29.5996161293897,0.147998080646948
434278,30.242389832099,0.151211949160495
434279,30.3960171298716,0.151980085649358
434280,30.1042017029959,0.15052100851498
434281,30.3699094151429,0.151849547075715
434282,29.6519545356589,0.148259772678295
434283,29.5764947033607,0.147882473516804
434284,30.3584247654614,0.151792123827307
434285,34.9426208813946,0.174713104406973
434286,9.48020726599465,
434310,8.54491651923473,
434325,8.38067999177124,
434340,10.6425599588562,
434370,11.1499452952067,
434390,7.69207382843036,
434400,10.2342771857642,
434410,9.61707103888089,
434435,7.96085449084551,
434450,7.33870146060481,
434460,7.55257171775355,
434465,7.84509742028389,
434470,8.37771186175684,
434490,8.97677943632997,
434510,9.93515563875746,
434513,14.097793087842,
434518,13.7681657601317,
434525,14.0427177864637,
434533,9.18273468010698,
434540,5.61157958444764,
434550,5.64225026126311,
434563,4.67183664266612,
434568,5.5175888006583,
434575,5.03411340053487,
434580,4.07524250977165,
434588,3.14094113968319,
434595,3.4463287389426,
434600,3.8907237605431,
434610,2.70891332647603,
434618,2.95345426044024,
434625,3.13319102242337,
434630,2.95691707879037,
434640,3.05437068092985,
434645,3.59275648631969,
434653,3.04216836864843,
434663,3.17540442707262,
434670,2.8757881917301,
434675,3.9174369306727,
434688,4.49325415346637,
434695,3.20112822053076,
434703,3.82740365356922,
434713,3.93508081464719,
434725,4.87960574367414,
434730,5.86551959679078,
434743,6.95729675375437,
435191,3.26848495491041,0.0107897070231125
435192,3.19021645446917,0.0134406486543621
435193,3.05985232141942,0.00795352090719624
435194,2.88292070304396,0.0135886935675913
435195,3.05695037421787,0.00672881624915658
435196,3.27613010705812,0.0151310292176771
435197,3.3868933636919,0.0114459603984325
435198,3.3299770870533,0.0224666995583412
435199,3.11788157384014,0.0118291608097642
435200,2.97292797795436,0.0064249264328546
435201,2.80484287462756,0.014996171307534
435202,3.08727072334155,0.0114062734832335
435203,3.61063805953035,0.0119187830010655
435204,3.60826549781208,0.0140388581467104
435205,3.44881810517569,0.0171899880591258
435206,3.40867372342057,0.00742243821840614
435207,3.24327623333045,0.0111930808123899
435208,3.34474252618024,0.0101352193301254
435209,3.2346277845944,0.0182426147485646
435210,3.01056527818133,0.0148050850616942
435211,2.94637916211869,0.00696069082211417
435212,3.60920660055256,0.0150699758492887
435213,3.84771474053862,0.0175963471074421
435214,3.64564113921953,0.0127007355554951
435215,3.44041422945131,0.0134265423955379
435216,3.95291678179629,0.0146364251618724
435217,4.14132745282961,0.0179938028915274
435218,3.99065545431308,0.0129937357572175
435219,3.49846886896249,0.0156005294368423
435220,3.45592890184663,0.0124768581989694
435221,4.13508586063618,0.0160449155367106
435222,4.08469053725791,0.0165134160481458
435223,4.13822287759574,0.0087961702488333
435224,4.17627860200447,0.0111556828764057
435225,3.70009746170594,0.00975715625165276
435226,3.2615742858613,0.0183182308135117
435227,3.29674741489,0.0103143761388373
435228,3.77974530910587,0.0170766471789918
435229,3.93332453752349,0.0176471662304115
435230,3.84587187456136,0.0250484678299946
435231,3.25194348812692,0.0133290414043574
435232,3.75312287093778,0.025783987652768
435237,3.31330077603787,0.0139404481189394
435242,3.7810109836861,0.0174578807656112
435247,3.91028677315778,0.0157782820211004
435252,3.2924266561876,0.0105943811679456
435257,3.20188066077095,0.0104106312707593
435262,3.05943693992185,0.0163203293341024
435267,2.97871399110924,0.00913186978718794
435272,2.73654013859888,0.00866528425872128
435277,2.88116185762908,0.0156248778576816
435282,2.96851137527929,0.0120797287109605
435287,2.80080862575478,0.0129999472614438
435290,2.8686889369323,0.0177882574150384
435292,6.23330112744642,0.0234708109165882
435293,4.00304714532479,0.00982171381748391
435294,3.44435601799236,0.0113225132441429
435295,3.41886304324428,0.0107522462303721
435296,3.37901212558541,0.0114604687680532
435297,3.30535388683383,0.00683367559108705
435298,3.32236773032826,0.0132872454448273
435299,3.38750953609825,0.0120559930449414
435300,3.28142842513576,0.0119741971679155
435301,3.40514787693998,0.0132975460701393
435302,3.38846660784562,0.0103881344303848
435303,3.35015402432913,0.0118711753760147
435304,3.22433341687018,0.0123620145272182
435305,3.06956260319867,0.00749355385307108
435306,3.05794412312045,0.0113347748295894
435307,3.05700383834676,0.0149732718573158
435308,3.08086048055999,0.0193743110262201
435309,3.05454213341541,0.0100398592406682
435310,3.14375439427304,0.0177353686663858
435311,3.27238546923934,0.0136595823873505
435312,3.15978621562144,0.0160284377338638
435322,3.55347724090048,0.0130791626925918
435332,3.35885101111022,0.0111509851774382
435342,3.15214160245202,0.0117668840294796
435352,3.03430382113314,0.0133351834264403
435362,3.43835466572822,0.00949509270948004
435371,2.94195884627272,0.012533602558557
436551,55.0,3.88149997791357
436553,28.0,0.433045819267143
436555,66.0,3.6511626822847
436557,31.0,0.649928525843342
436559,44.0,1.98361513007909
436561,34.0,0.664059553026975
436563,35.0,0.866119337432501
436565,32.0,0.82472494988339
436567,43.0,1.33170349148377
436569,29.0,0.543704646533095
436573,34.0,0.647700904286755
436575,38.0,1.53298349643878
436577,31.0,0.872586987059871
436579,50.0,2.9467681829662
436581,35.0,0.696184306695575
436583,45.0,2.91454998969244
436585,37.0,0.818080884359448
436589,40.0,1.33896476804281
436591,41.0,1.50805159527023
436593,29.0,0.645919513233985
436595,39.0,2.35953937747682
436597,33.0,0.663069685432661
436599,38.0,1.09188943532625
436601,31.0,0.499239830815192
436603,35.0,1.85366301500784
436605,33.0,0.776960774722579
436607,43.0,2.81653179218342
436609,29.0,0.489890198074356
436611,42.0,1.92546798450458
436613,28.0,0.322062486931149
436615,33.0,1.08623426271959
436617,32.0,0.647679325450097
436619,40.0,1.01434762997831
436621,34.0,0.628621104867698
436623,41.0,1.65197819138025
436627,33.0,1.01695299018601
436629,33.0,0.477554463626057
436631,60.0,3.61784052630495
436633,37.0,0.785869464868175
436637,34.0,0.870067545549865
436639,123.0,2.4618954
436641,40.0,0.747372679509032
436643,52.0,2.17711952041091
436645,34.0,0.420190138700932
436647,80.0,3.61235153952564
436649,35.0,0.67012292677614
436651,113.0,6.80697978256939
436653,32.0,0.515583204813171
436655,67.0,5.58850120203158
436657,32.0,0.497659637405141
436659,49.0,1.57468820385138
436661,34.0,0.794411769590147
436663,56.0,3.49122314672923
436665,29.0,0.608872928978023
436667,43.0,1.31407244497421
436669,30.0,0.459307998897672
436671,50.0,2.21852724868852
436673,31.0,0.780590993430976
436675,60.0,3.06247277524151
436677,36.0,0.577284979060159
436679,54.0,3.80181452194398
436681,42.0,0.692639374725628
436683,40.0,1.4246011943828
436685,35.0,0.797998238032554
436687,42.0,1.24813020931078
436689,34.0,0.298506751105809
436691,58.0,2.63995044751561
436693,41.0,0.820041692994074
436695,94.0,4.87002785166954
436697,37.0,0.87870740529536
436699,68.0,3.34664274256854
436701,38.0,0.660597003102589
436703,21.0,0.620107460526941
436705,39.0,0.626163016382419
436707,41.0,1.09345177092321
436709,39.0,0.457864579894415
436713,40.0,0.612179927584127
436715,52.0,2.5511321726212
436717,34.0,0.641239896386229
436719,54.0,1.83861458809666
436721,30.0,0.505671328251701
436725,43.0,1.5734735887617
436729,44.0,0.700457927012577
436733,34.0,0.849580441053759
436735,35.0,1.28737677605893
436737,34.0,0.396426384016765
436739,40.0,0.964874703367889
436741,28.0,0.777290677807288
436743,42.0,0.871612814587637
436745,42.0,1.01207926943342
436747,47.0,1.22277561304531
436749,45.0,1.16022149734271
436751,57.0,1.18600948655166
436753,49.0,0.99826550555995
436755,52.0,1.08679769723791
436757,45.0,0.613812188344585
436759,49.0,1.20209062622394
436761,42.0,0.93721149784798
436763,46.0,1.28496206594352
436765,44.0,0.671963281201913
436767,52.0,0.910391464887606
436769,51.0,1.08577718119416
436771,56.0,1.01911006773011
436773,45.0,1.18870824724564
436775,54.0,1.18980478404527
436777,48.0,1.03673156708146
436779,50.0,1.42271138520127
436781,47.0,0.598542584742702
436783,58.0,1.14623453036673
436785,49.0,0.60780010182131
436787,54.0,1.03838817027805
436789,47.0,0.687333330292105
436791,54.0,0.924426438281952
436793,49.0,1.16482296099494
436795,52.0,1.06611256840986
436797,38.0,1.00380658568413
436799,45.0,1.10503218562008
436801,35.0,0.565403093575156
436803,41.0,0.82041253571998
436805,39.0,0.796117752402127
436807,47.0,1.16525853485371
436809,42.0,0.72676961658324
436811,46.0,0.949980680083139
436813,35.0,0.775135685033765
436815,51.0,3.09695799061061
436817,48.0,0.968205658562742
436819,49.0,1.5766603579618
436821,38.0,0.718103440722372
436823,46.0,2.9788218210029
436825,38.0,1.03358685986073
436827,47.0,1.0999352323908
436829,41.0,0.950211010341659
436831,49.0,1.0819815253219
436833,36.0,0.88345795090677
436835,45.0,3.38698426911191
436837,37.0,0.887894108579454
436839,45.0,3.79523607838726
436841,39.0,1.24917724413227
436843,50.0,3.74390494106406
436845,39.0,0.807525900822277
436847,44.0,2.80552620851803
436849,38.0,0.720898317443502
436851,48.0,3.9060056425169
436853,42.0,0.70693365741443
436857,45.0,0.833516742377289
436859,50.0,4.1570793030844
436861,44.0,0.753336419144296
436863,48.0,4.40209509094173
436865,42.0,0.880441214191088
436867,48.0,3.28076207730933
436869,42.0,1.26457146067369
436871,44.0,3.37900312114874
436873,41.0,1.19714886598145
436875,49.0,2.98237406997941
436877,39.0,0.899653407913598
436879,38.0,3.29676396337471
436881,37.0,0.769935653618613
436883,41.0,1.05427251042891
436885,36.0,0.491514017503205
436887,47.0,0.90179316195264
436889,39.0,0.483958893735386
436891,33.0,0.971965391091836
436893,30.0,0.462319064722435
436895,31.0,0.582676172610228
436897,39.0,2.13260505613335
436899,36.0,1.05830569943563
436901,37.0,0.902196994473203
436903,35.0,2.81385951442902
436905,40.0,0.919412127906163
436907,33.0,1.17912901686574
436909,32.0,0.643529148575315
436911,34.0,0.685387748401002
436913,36.0,0.475272331598021
436915,32.0,0.746125345837248
436917,38.0,0.530614315637558
436919,39.0,0.697382552975175
436921,34.0,0.674901846170573
436923,28.0,1.68248381531494
436925,34.0,0.563728403649871
436927,33.0,0.468074056631135
436928,34.0,0.757154654160354
436930,34.0,0.643806408209026
436932,31.0,0.47371079426571
436934,30.0,0.738816924886946
436936,31.0,0.743614648165354
436938,29.0,0.827163826014447
436940,28.0,0.423660433862911
436942,25.0,0.634144955890513
436944,25.0,0.533110235148686
436946,10.0,0.413584334040818
436950,3.15451310100456,
436952,2.981369257402,
436953,2.01636584083169,
436954,2.83002056183924,
436955,2.90474183230088,
436956,3.33771651856303,
436957,2.17475950372577,
436958,2.77933120710938,
436959,2.66480764924399,
436960,3.29882064140306,
436961,2.88139336458261,
436962,2.31117158693202,
436963,2.22182998163439,
436964,2.40505767820032,
436965,2.44932831812379,
436966,2.47702845788769,
436967,2.87563602508739,
436968,2.92994189574892,
436969,3.12914648149582,
436970,3.21155158335437,
436971,3.29972436971119,
436972,3.17658613364172,
436973,3.11821822065518,
436974,2.90177940799088,
436975,3.58796695134353,
436976,3.56577833354205,
436977,3.44200806476714,
436978,3.63451895244636,
436979,3.63100690968589,
436980,2.83692195164816,
436981,2.35197546004583,
436982,2.70046488371568,
436983,2.35695456652234,
436984,2.33907125808125,
436985,2.92464323972599,
436986,2.71395973199989,
436987,2.69553997640249,
436988,2.13959551934712,
436989,2.20549104769385,
436990,2.21510416663501,
436991,2.25231619963848,
436992,2.44149958820119,
436993,2.78681982644614,
436994,2.60397618011898,
436995,2.03537687381616,
436996,1.81964874698582,
436997,2.23004485401786,
436998,2.36847121564936,
436999,2.43679942845352,
437000,2.19506114237991,
437001,2.45073716732878,
437002,2.26155129068154,
437003,2.06889320010434,
437004,2.35317648626279,
437005,2.12631542602015,
437006,1.99619216136427,
437007,1.59639909272108,
437008,1.58668534698237,
437009,1.5869402427397,
437010,1.55515473500416,
437011,1.58815146548025,
437012,1.81014636289285,
437013,1.5137774321146,
437014,1.55430105783592,
437015,1.59555807254086,
437016,1.67827486451716,
437017,1.68758554721503,
437018,1.57626367321432,
437019,1.5745046558651,
437020,1.61443641706301,
437021,1.44560593796804,
437022,1.52702572005874,
437023,1.83071736591821,
437024,2.2840016653078,
437025,2.1307113874479,
437026,2.37656890477169,
437027,2.54632435606946,
437028,1.94668055461654,
437029,2.15082814336952,
437030,2.10615465081443,
437031,2.0115851420886,
437032,1.96133516394007,
437033,2.11397101688234,
437034,1.89451576552357,
437035,1.97041950772207,
437036,1.88612957768093,
437037,1.8548158613343,
437038,1.89084039310133,
437039,2.13307894215457,
437040,1.87063110130869,
437041,2.16311776273639,
437042,2.06867950463678,
437043,2.25409444430485,
437044,2.03943776084084,
437045,2.24439573470253,
437046,1.9570778063064,
437047,2.38846315346873,
437048,2.12624219099903,
437049,2.54579045838715,
437050,2.81558091161685,
437051,2.88328312942246,
437052,2.55441438083281,
437053,2.65156106240041,
437054,2.77423914844668,
437055,2.95974542675574,
437056,2.7538138057365,
437057,2.73678121576512,
437058,2.50648751947616,
437059,2.86572520786876,
437060,2.54894471306198,
437063,1.75496830093002,
437065,1.95007420226899,
437067,1.69690143948851,
437069,1.51719218567518,
437071,1.56345810266285,
437074,1.65263132129219,
437076,2.09703327177716,
437078,1.69434710044967,
437080,1.48315529439993,
437082,1.60267938212181,
437084,1.68186636542882,
437086,1.50305715208719,
437088,2.06099332509687,
437090,1.5889080102216,
437092,1.67886852009608,
437094,1.86505269697764,
437096,2.18384471483678,
437098,1.6193636543518,
437100,1.53746361695072,
437102,1.91377128268511,
437104,2.19541376412385,
437106,1.96818588155154,
437108,2.12563790256715,
437110,2.57869268049433,
437112,2.48401354148779,
437114,1.77796087215798,
437116,1.76761806109237,
437118,1.59459684988402,
437120,1.60760616300222,
437122,1.6445927348193,
437124,1.47338709265365,
437126,1.38095468140272,
437128,1.55222074666535,
437130,2.00729759643915,
437132,1.56578734661052,
437134,1.36554546233193,
437140,2.01183545563277,
437141,2.01183545563277,
437142,1.40569257926093,
437143,1.40569257926093,
437144,1.79237722819902,
437145,1.79237722819902,
437169,1.52656447310038,
437173,2.1168557676961,
437177,1.45386398560283,
437181,1.46999961033002,
437185,1.53073418566056,
437189,1.53073418566056,
437193,2.10179328424831,
437202,1.9369806062406,
437207,2.19042286159988,
437212,2.0551436963797,
437227,3.46394384245656,
437228,3.46394384245656,
437229,2.85605371645562,
437230,2.85605371645562,
437231,2.28672623244195,
437232,2.28672623244195,
437233,2.28672623244195,
437234,4.11517880033171,
437235,4.11517880033171,
437236,4.11517880033171,
437237,3.40792424925269,
437238,3.40792424925269,
437239,3.40792424925269,
437240,2.6890185914091,
437241,2.6890185914091,
437242,3.60147777865007,
437243,3.60147777865007,
437244,3.41215705707107,
437245,2.17482099849615,
437246,1.56345716148081,
437247,1.40325996452737,
437248,1.16580953527558,
437249,0.88789502910237,
437250,1.11980247385219,
437251,0.969968237290382,
437252,2.48892324913107,
437253,1.9067133226502,
437254,2.01647445053257,
437255,2.67695018863984,
437256,2.90648363593744,
437257,3.44790721993221,
437258,3.85592609861574,
437259,5.28627777276236,
437260,4.0426757583012,
437261,4.38513990371477,
437262,1.32747616520474,
437263,1.35553793157983,
437264,1.29458420184157,
437265,0.864322626343411,
437267,0.985344900072232,
437268,0.927853351064714,
437269,0.91278086278585,
437270,0.890800417082563,
437271,0.837361624088724,
437272,0.846045070202488,
437273,0.911459193369738,
437274,0.801419016133402,
437275,0.846944546798435,
437276,0.980358034753275,
437277,0.865567479850673,
437278,0.901117642213887,
437279,0.936913783930461,
437280,0.90366815399926,
437281,1.03977964262593,
437282,0.972680177812028,
437283,1.04958612468206,
437284,0.862944582666161,
437285,0.904970095629235,
437286,0.970453550365448,
437287,1.00809324753371,
437288,0.949003251392093,
437289,1.00740655266077,
437290,0.877187055246074,
437291,0.932657173931924,
437292,0.875799590510834,
437294,1.26907970384943,
437295,1.34904870611257,
437296,1.19746769947176,
437297,1.1112790035366,
437298,1.31652991191023,
437299,1.45172139411554,
437300,1.24981563574266,
437301,1.2714236919922,
437302,1.24201358041299,
437303,1.44117977086658,
437304,1.29564998351649,
437305,1.31045534553508,
437306,1.41748404518981,
437307,1.44580197900489,
437308,1.50416667549039,
437309,1.47806957293337,
437310,1.93435344542083,
437311,1.64224637851346,
437312,1.79450827925231,
437313,1.53729488409418,
437314,1.98773192968602,
437315,1.82287835115152,
437316,1.74239403663346,
437317,1.75269833866613,
437318,1.50347856550465,
437319,1.83284354121826,
437320,1.73454841954103,
437321,1.68999679335303,
437322,1.93014060898964,
437323,1.72668387130769,
437324,1.84086205155359,
437325,1.77140073809527,
437326,1.87396558160453,
437327,1.76919515015063,
437328,1.71869060994225,
437329,1.66212863535989,
437330,1.60631373787834,
437331,1.77361007669408,
437332,1.69738462716215,
437333,1.8027797050321,
437334,1.80556272176858,
437335,1.84646812607687,
437336,1.71746939089754,
437337,1.81260028402499,
437338,1.84119398304674,
437339,1.84119398304674,
437340,1.84119398304674,
437341,1.84119398304674,
437342,1.84119398304674,
437343,1.84119398304674,
437345,1.62800956887184,
437346,1.62800956887184,
437347,1.62800956887184,
437348,1.62800956887184,
437349,1.62800956887184,
437350,1.62800956887184,
437351,2.07112268647874,
437352,2.07112268647874,
437353,2.07112268647874,
437354,2.07112268647874,
437355,2.07112268647874,
437356,2.07112268647874,
437357,1.85760498952573,
437358,1.85760498952573,
437359,1.85760498952573,
437360,1.85760498952573,
437361,1.85760498952573,
437362,2.05453517075352,
437363,2.05453517075352,
437364,2.10508278203211,
437365,1.82415454499124,
437366,1.82698079573822,
437367,1.77591631661996,
437368,1.66183717981952,
437369,1.69656274996209,
437370,1.69068904635806,
437371,1.67439115692185,
437372,1.46188965454045,
437373,1.17416890170664,
437374,0.985193571908537,
437375,1.16316321193645,
437376,1.01515820264714,
437377,1.14341952501513,
437378,1.03279420698215,
437379,1.16876449444812,
437380,1.17626115647374,
437381,1.4180100456426,
437382,1.15148549129494,
437383,0.917828778035397,
437384,0.98507264908028,
437385,0.934755388547703,
437386,1.26156681992323,
437387,1.67628997718738,
437388,1.67628997718738,
437389,1.48866192974345,
437390,1.17723562482807,
437391,0.933796248334538,
437392,1.21002070601628,
437393,1.11426443592524,
437394,0.877432734566082,
437395,1.12999374748054,
437396,1.25316436206808,
437397,1.48262121436854,
437398,1.54174152879337,
437399,1.49174669384478,
437400,1.30974855733768,
437401,1.16515644918379,
437402,1.47560188945587,
437403,1.23908982757495,
437404,1.2560194030612,
437405,1.40583534384582,
437406,1.06357978577772,
437407,1.05793074288333,
437408,1.11256387461826,
437409,1.25904635168569,
437410,1.20820053776781,
437411,1.02807726080367,
437412,0.95465243226367,
437413,1.18239634759673,
437414,1.28370958000518,
437415,1.10464092388337,
437416,0.959055456261707,
437417,0.994521278273014,
437418,0.828561905107125,
437419,0.766636352167409,
437420,0.679910541352822,
437421,0.785740215004097,
437422,0.791708995433459,
437423,0.875777814462353,
437424,1.11334126430854,
437425,1.30982521159931,
437426,1.26401617781677,
437427,1.0675707293231,
437428,1.13175754564623,
437429,1.01651852593777,
437430,1.24564675456644,
437431,0.810976821590787,
437433,1.38756276703139,
437434,1.12028263527602,
437435,1.12028263527602,
437436,0.913591281165372,
437437,0.826547525455098,
437438,1.13262679211985,
437439,1.56551877441567,
437440,1.70714879982233,
437441,1.5815763067971,
437442,1.16746749909606,
437443,0.984544713383244,
437444,0.839752328183794,
437445,1.30874939294569,
437446,1.30461802243035,
437447,1.21460246161402,
437448,0.935134349009643,
437449,1.31777695981951,
437450,1.14760431427692,
437451,1.44302222206425,
437452,1.44302222206425,
437453,1.19026950979772,
442991,0.03167,
443001,0.02936,
443016,0.0367,
443031,0.03846,
443044,0.03521,
443058,0.03698,
443072,0.0331,
443081,0.03728,
443092,0.0362,
443104,0.03422,
443117,0.03467,
443131,0.03607,
443142,0.03096,
443151,0.03226,
443162,0.04058,
443173,0.03459,
443183,0.03253,
443199,0.03345,
443212,0.0368,
443231,0.0396,
443240,0.04291,
443252,0.0274,
443263,0.0148,
443277,0.02807,
443290,0.04424,
443309,0.04467,
443326,0.0458,
443343,0.0442,
443353,0.03455,
443368,0.03536,
443385,0.03094,
443396,0.02165,
443409,0.02435,
443421,0.01998,
443435,0.02061,
443449,0.01849,
443462,0.02231,
443475,0.02035,
443488,0.02487,
443503,0.0245,
443517,0.0287,
443529,0.02903,
443540,0.02693,
443549,0.02623,
443562,0.02421,
443571,0.02866,
443579,0.02921,
443588,0.02648,
443600,0.02703,
443612,0.02927,
443622,0.0292,
443633,0.02524,
443644,0.02446,
443657,0.02875,
443672,0.03208,
443685,0.03106,
443701,0.02418,
443714,0.02357,
443725,0.03318,
443734,0.02365,
443743,0.02132,
443751,0.03046,
443766,0.03217,
443780,0.03355,
443793,0.0316,
443805,0.03042,
443816,0.03492,
443830,0.03163,
443842,0.02829,
443855,0.03053,
443870,0.02834,
443884,0.02567,
443898,0.03351,
443913,0.03207,
443927,0.0341,
443941,0.03643,
443954,0.02954,
443967,0.03041,
443981,0.03604,
443995,0.03529,
444008,0.03044,
444022,0.03071,
444039,0.03352,
444053,0.03031,
444066,0.04837,
444083,0.0432,
444099,0.03924,
444111,0.033,
444127,0.03738,
444144,0.03619,
444163,0.04109,
444175,0.03479,
444188,0.03647,
444199,0.03109,
444219,0.03556,
444231,0.03057,
444251,0.0454,
444266,0.04196,
444282,0.04504,
444300,0.04505,
444317,0.03779,
444331,0.03848,
446151,0.001704469,
446152,0.001546504,
446153,0.001576101,
446154,0.001357408,
446155,0.0014579,
446156,0.001401833,
446157,0.001463581,
446158,0.001517036,
446159,0.001634138,
446160,0.00158555,
446162,0.001729539,
446164,0.001673325,
446166,0.001642747,
446167,0.001882471,
446169,0.001845048,
446171,0.001425407,
446172,0.001214127,
446174,0.001438453,
446176,0.001684561,
446177,0.001692511,
446179,0.002037038,
446181,0.001975088,
446183,0.001801803,
446184,0.00163059,
446186,0.001952407,
446188,0.001843875,
446189,0.002256991,
446191,0.00152008,
446193,0.001655722,
446194,0.001704148,
446196,0.001565906,
446198,0.001833986,
446200,0.001530202,
446201,0.001441081,
446203,0.001456944,
446205,0.000935643,
446206,0.000658629,
446208,0.000884277,
446210,0.001184195,
446211,0.001261789,
446213,0.001256214,
446215,0.00157119,
446217,0.001456472,
446218,0.001581897,
446220,0.001475119,
446222,0.001489513,
446223,0.001902686,
446225,0.001704207,
446227,0.001712399,
446228,0.002006818,
446230,0.001964765,
446232,0.001678825,
446234,0.001406984,
446235,0.001526282,
446237,0.001450254,
446239,0.001302868,
446240,0.001498019,
446242,0.001460667,
446243,0.001669561,
446244,0.00213632,
446245,0.002056969,
446247,0.002409129,
446249,0.001991318,
446250,0.00193253,
446252,0.002136442,
446254,0.002007944,
446255,0.001682868,
446257,0.001609713,
446259,0.001647762,
446261,0.001748093,
446262,0.001718324,
446264,0.001912286,
446266,0.001541473,
446267,0.001457773,
446269,0.001864357,
446271,0.001743595,
446272,0.001946942,
446274,0.002172752,
446276,0.002145038,
446278,0.002013556,
446279,0.002036083,
446281,0.001801514,
446283,0.001520042,
446284,0.001651713,
446286,0.001766038,
446288,0.001717913,
446289,0.001894822,
446290,0.001656154,
446291,0.001978236,
446292,0.001866468,
446293,0.001880279,
446294,0.0954602103333333,
446295,0.087233882,
446296,0.0959557115,
446297,0.111486520333333,
446298,0.102333765599999,
446299,0.109293531666666,
446300,0.0874136208,
446301,0.0972612545,
446302,0.101217662,
446303,0.0889210716,
446304,0.0897486938333333,
446305,0.0943549821999999,
446306,0.0801802238333333,
446307,0.0867942023999999,
446308,0.0885846681666666,
446309,0.0894090566666666,
446310,0.0832649952,
446311,0.0786422678333333,
446312,0.0843247852,
446313,0.115063864666666,
446314,0.083231164,
446315,0.0791520434,
446316,0.0855015371666666,
446317,0.0811476147999999,
446318,0.0838982891666666,
446319,0.0834263571666666,
446320,0.0817677776,
446321,0.0860759331666666,
446322,0.0841945574,
446323,0.0891605471666666,
446324,0.0825772973333333,
446325,0.082260767,
446326,0.0794112986666666,
446327,0.0702054638,
446328,0.0795242504999999,
446329,0.0838428128333333,
446330,0.0997003448,
446331,0.0656181611666666,
446332,0.0772190812,
446333,0.0677295238333333,
446334,0.0770724858333333,
446335,0.0695924806,
446336,0.0579423624999999,
446337,0.0663899236,
446338,0.0729081883333333,
446339,0.066612774,
446340,0.0619749397999999,
446341,0.0790323733333333,
446342,0.0656847026,
446343,0.0789007895,
446344,0.0955908581999999,
446345,0.0781842456666666,
446346,0.0854359783333333,
446347,0.0864752182,
446348,0.0883926731666666,
446349,0.089065998,
446350,0.103991425833333,
446351,0.0746762976666666,
446352,0.081020178,
446353,0.0797707856666666,
446354,0.0733461998,
446355,0.0866710088333333,
446356,0.0947101481666666,
446357,0.071874634,
446358,0.0741282218333333,
446359,0.0665628468,
446360,0.0756498013333333,
446361,0.0644379571666666,
446362,0.080988406,
446363,0.0729181796666666,
446364,0.0795475918,
446365,0.0689992995,
446366,0.0725795229999999,
446367,0.0752345136,
446368,0.0612231578333333,
446369,0.0709181034,
446370,0.0605252606666666,
446371,0.0661683649999999,
446372,0.0853145298,
446373,0.0843053021666666,
446374,0.0704154262,
446375,0.0676584965,
446376,0.0626660965,
446377,0.0668113994,
446378,0.071094274,
446379,0.0699660426,
446380,0.0772564408333333,
446381,0.0744066052,
446382,0.0799551071666666,
446383,0.0773876713333333,
446384,0.073022932,
446385,0.0708403418333333,
446386,0.0879502534,
446387,0.0795221591666666,
446388,0.0736551378333333,
446389,0.0785159382,
446390,0.069715586,
446391,0.0649840404,
446392,0.0661635351666666,
446393,0.0619905336666666,
446394,0.0662797899999999,
446395,0.0680326693333333,
446396,0.0444586446,
446397,0.0522293223333333,
446398,0.0438969551666666,
446399,0.0477519961999999,
446400,0.0563733121666666,
446401,0.0512870411999999,
446402,0.0574035378333333,
446403,0.0561240808333333,
446404,0.0660144042,
446405,0.0509039418333333,
446406,0.0620792295999999,
446407,0.0541417641666666,
446408,0.0597767555,
446409,0.0525181556,
446410,0.0616430066666666,
446411,0.0750411952,
446412,0.0745005466666666,
446413,0.0814276101666666,
446414,0.0819422212,
446415,0.0769923783333333,
446416,0.070935281,
446417,0.0835966214999999,
446418,0.0700167439999999,
446419,0.0814361893333333,
446420,0.0717336776666666,
446421,0.0739300586,
446422,0.0676659476666666,
446423,0.0715818746,
446424,0.074919855,
446425,0.0815891766666666,
446426,0.081630973,
446427,0.075083564,
446428,0.0684706354,
446429,0.0795299983333333,
446430,0.067473514,
446431,0.0640788294,
446432,0.0859386125,
446433,0.0535102943999999,
446434,0.0647194055,
446435,0.0528834658333333,
446436,0.059002195,
446437,0.0528438753333333,
446438,0.0614868402,
446439,0.0491753816666666,
446440,0.0819862255,
446441,0.0482696032,
446442,0.0466547885,
446443,0.0417507346,
446444,0.0483538695,
446445,0.0403825743333333,
446446,0.0491967512,
446447,0.049999639,
446448,0.0432806406,
446449,0.0379297748333333,
446450,0.0440346546666666,
446451,0.0426001374,
446452,0.054358344,
446453,0.0566180759999999,
446454,0.035623758,
446455,0.0440683556666666,
446456,0.0550896018,
446457,0.0468110058333333,
446458,0.054047088,
446459,0.0385858913333333,
446460,0.0474336218,
446461,0.0636697555,
446462,0.0690024331666666,
446463,0.074808976,
446464,0.0720910166666666,
446465,0.0670916256,
446466,0.0666681921666666,
446467,0.0665865625,
446468,0.0642953444,
446469,0.0617905646666666,
446470,0.070472223,
446471,0.0515308973333333,
446472,0.0488177278333333,
446473,0.033672699,
446474,0.027784551,
446475,0.0234467866666666,
446476,0.0608398428333333,
446477,0.0392737066666666,
446478,0.031421559,
446479,0.0346668915,
446480,0.0338827184,
446481,0.0273751796666666,
446482,0.0293824954999999,
446483,0.0296029058,
446484,0.0341029393333333,
446485,0.0297432152,
446486,0.0278203855,
446487,0.0328525208333333,
446488,0.022090922,
446489,0.0326305481666666,
446490,0.0253444181999999,
446491,0.0292587201666666,
446492,0.0339045818333333,
446493,0.0263072826,
446494,0.0431903855,
446495,0.0436651985999999,
446496,0.0388916446666666,
446497,0.0397963466,
446498,0.0394748228333333,
446499,0.0418609728333333,
446500,0.0388040226,
446501,0.0444840251666666,
446502,0.0435631338,
446503,0.0587597429999999,
446504,0.060807288,
446505,0.0568864958,
446506,0.0505748416666666,
446507,0.0532116091999999,
446508,0.0529998111666666,
446509,0.0452754916666666,
446510,0.0448041951999999,
446511,0.0427321881666666,
446512,0.0226443854,
446513,0.0274107755,
446514,0.0326141751666666,
446515,0.0523207081999999,
446516,0.0165734959999999,
446517,0.0150951424,
446518,0.0293496493333333,
446519,0.0180334789999999,
446520,0.0249113675,
446521,0.0132039899999999,
446522,0.00659101639999999,
446523,0.0077750228,
446524,0.01536116675,
446525,0.038875652,
446526,0.0082814336,
446527,0.0599653349999999,
446528,0.02433646625,
446529,0.0119133147499999,
446530,0.002757238,
446531,0.007112351,
446532,0.005804727,
446533,0.010140074,
446534,0.007625731,
446535,0.010912055,
446536,0.005445011,
446537,0.0297682936666666,
446538,0.01163659,
446539,0.0127146925,
446540,0.0156996786666666,
446541,0.00965164266666666,
446542,0.0157514292,
446543,0.0268029426666666,
446544,0.0396788624,
446545,0.0379196635,
446546,0.0388563733333333,
446547,0.0436867041999999,
446548,0.0410812213333333,
446549,0.0460777516,
446550,0.0470024905,
446551,0.0688013926666666,
446552,0.026469572,
446553,0.210964136333333,
446554,0.0141646039999999,
446555,0.0113969753333333,
446556,0.019009674,
446557,0.0274478198,
446558,0.0149802675,
446559,0.02803042175,
446560,0.0246267233333333,
446561,0.0151238466666666,
446562,0.0098340128,
446563,0.0134745582,
446564,0.020851041,
446565,0.022771575,
446566,0.0202176752,
446567,0.0252183788,
446568,0.00625060275,
446569,0.0151755704,
446570,0.026587602,
446571,0.011803155,
446572,0.0109660326,
446573,0.0187199396666666,
446575,0.00940091525,
446576,0.0140648644,
446578,0.01998511225,
446579,0.0465403772,
446580,0.0465457461666666,
446581,0.032376943,
446582,0.0383324576666666,
446583,0.0401513633333333,
446584,0.050399845,
446585,0.0373074825,
446586,0.0405292066,
446587,0.0386265736666666,
446588,0.0327757278333333,
446589,0.0335434605,
446590,0.0315274083333333,
446591,0.011851736,
446593,0.027327206,
446594,0.016353824,
446595,0.01296256125,
446597,0.014957148,
446598,0.001297173,
446600,0.0115966155,
446602,0.005788829,
446603,0.0169385903333333,
446604,0.0171779035,
446605,0.009294924,
446606,0.007604966,
446607,0.0147429965,
446608,0.0219371526,
446609,0.00758151859999999,
446610,0.0110246353333333,
446613,0.0116159086666666,
446616,0.004642967,
446617,0.012524549,
446618,0.014364312,
446619,0.0487368104,
446620,0.0409094188333333,
446621,0.0365861698,
446622,0.0515503173333333,
446623,0.0536304966,
446624,0.0513767938333333,
446625,0.050920546,
446626,0.0475449284,
446627,0.0501875493333333,
446628,0.0608856858,
446629,0.0575003496666666,
446630,0.0560645098333333,
446631,0.0436243824,
446632,0.0446755231666666,
446633,0.0682109351999999,
446634,0.061840066,
446635,0.058852508,
446636,0.0637539364,
446637,0.0630466885,
446638,0.066258974,
446639,0.078300118,
446640,0.0705065003333333,
446641,0.0648468774,
446642,0.0724788358333333,
446643,0.063753507,
446644,0.0735950586666666,
446645,0.0701242851666666,
446646,0.0648872666,
446647,0.0722247293333333,
446648,0.0762581082,
446649,0.0760107665,
446650,0.0982827838,
446651,0.0753933936666666,
446652,0.0819877821666666,
446653,0.0762018016,
446654,0.0841832593333333,
446655,0.07845789,
446656,0.0723339385,
446657,0.0842930588333333,
446658,0.062495305,
446659,0.0840292256666666,
446660,0.102678714799999,
446661,0.0936824635,
446662,0.0852842651666666,
446663,0.09196316,
446664,0.0874583875,
446665,0.0782750367999999,
446666,0.0792401255,
446667,0.0795322075,
446668,0.0855019027999999,
446669,0.0896526401666666,
446670,0.0923420872,
446671,0.0964896371666666,
446672,0.105841892666666,
446673,0.0865018588,
446674,0.0944530758333333,
446675,0.0875076822,
446676,0.0932976001666666,
446677,0.100915227166666,
446678,0.0979057949999999,
446679,0.088690504,
446680,0.0937691814,
446681,0.0781501499999999,
446682,0.105970705333333,
446683,0.0832356074,
446684,0.0926611508333333,
446685,0.0900825172,
446686,0.096626775,
446687,0.0874214498,
446688,0.0768952451666666,
446689,0.0811029486666666,
446690,0.0766144944,
446691,0.0732214003333333,
446692,0.0727559294,
446693,0.0821690091666666,
446694,0.104638198833333,
446695,0.093639538,
446696,0.103904080333333,
446697,0.0918400966,
446698,0.0885258464999999,
446699,0.0902456866666666,
446700,0.0832523128,
446701,0.0885654598333333,
446702,0.0735546984,
446703,0.0895568311666666,
446704,0.0867971538333333,
446705,0.1008422116,
446706,0.088342656,
446707,0.0942767499999999,
446708,0.0936386758333333,
446709,0.096669065,
446710,0.0939783324,
446711,0.0971964788333333,
446712,0.0868161366,
446713,0.0817621181666666,
446714,0.0849539195,
446715,0.0766329722,
446716,0.0909132008333333,
446717,0.0910014919999999,
446718,0.0846925885,
446719,0.111271355166666,
446720,0.0833621183999999,
446721,0.0922737116666666,
446722,0.080182723,
446723,0.0922485646666666,
446724,0.0916401138,
446725,0.0848039225,
446726,0.0890386185,
446727,0.0893291076,
446728,0.0788435623333333,
446729,0.0934890222,
446730,0.088930057,
446731,0.0932081756666666,
446732,0.0891834231999999,
446733,0.100375761666666,
446734,0.0951100748,
446735,0.093238156,
446736,0.1017232685,
446737,0.0984839012,
446738,0.104629145,
446739,0.1023789944,
446740,0.100271785666666,
446741,0.09168976,
446742,0.0971106242,
446743,0.0971290678333333,
446744,0.0868407248,
446745,0.0917330051666666,
446746,0.092078753,
446747,0.0961671902,
446748,0.0876540665,
446749,0.0892042582,
446750,0.0937192876666666,
446751,0.0969069453333333,
446752,0.1025183378,
446753,0.0832020246666666,
446754,0.0956961098,
446755,0.092162662,
446756,0.0954579698333333,
446757,0.104155568,
446758,0.0952251693333333,
446759,0.0943825359999999,
446760,0.117020324166666,
446761,0.1196029096,
446762,0.123169569,
446763,0.109359831166666,
446764,0.1006972684,
446765,0.103888224333333,
446766,0.1014157804,
446767,0.1046700515,
446768,0.0985083913333333,
446769,0.095407491,
446770,0.0982841419999999,
446771,0.0932201948,
446772,0.101445610166666,
446773,0.105574649166666,
446774,0.1002630116,
446775,0.0964404048333333,
446776,0.0841688322,
446777,0.0980716026666666,
446778,0.0946632888333333,
446779,0.0942378755999999,
446780,0.0976105991666666,
446781,0.0903121663999999,
446782,0.0946912833333333,
446783,0.0953257475,
446784,0.0972865283999999,
446785,0.0923839691666666,
446786,0.095573709,
446787,0.102151720166666,
446788,0.1019848065,
446789,0.106864565799999,
446790,0.0998750136666666,
446791,0.1107681238,
446792,0.102347915166666,
446793,0.111546470666666,
446794,0.1043799746,
446795,0.101934682666666,
446796,0.1158686128,
446797,0.106149087833333,
446798,0.1171150455,
446799,0.1237285452,
446800,0.133827737166666,
446801,0.1165143084,
446802,0.110344961333333,
446803,0.107712774,
446804,0.114564373199999,
446805,0.1125192615,
446806,0.111251401,
446807,0.114689757833333,
446808,0.113869447399999,
446809,0.110516981833333,
446810,0.113675847166666,
446811,0.1203340296,
446812,0.111117549166666,
446813,0.121542095199999,
446814,0.127071498,
446815,0.128531394499999,
446816,0.1250933374,
446817,0.124678381166666,
446818,0.1350462116,
446819,0.128378144666666,
446820,0.125476111,
446821,0.1508203312,
446822,0.134995957166666,
446823,0.1303250024,
446824,0.1372240575,
446825,0.1374874465,
446826,0.1389449438,
446827,0.143779539333333,
446828,0.132579137799999,
446829,0.134281916333333,
446830,0.151826688166666,
446831,0.1333467016,
446832,0.137190215333333,
446833,0.1285198146,
446834,0.142156634333333,
446835,0.133988039333333,
446836,0.129150704,
446837,0.130232720333333,
446838,0.1278247646,
446839,0.123423245333333,
446840,0.1290381172,
446841,0.129248931999999,
446842,0.122269123999999,
446843,0.1259421486,
446844,0.138673698166666,
446845,0.1267016584,
446846,0.128517933666666,
446847,0.1397130715,
446848,0.1404703074,
446849,0.143150725833333,
446850,0.148094711,
446851,0.121120316999999,
446852,0.112591162666666,
446853,0.1157419688,
446854,0.115527025999999,
446855,0.122445676199999,
446856,0.1218828905,
446857,0.117996166333333,
446858,0.115200216599999,
446859,0.116968932833333,
446860,0.11522623,
446861,0.1221817075,
446862,0.137205032833333,
446863,0.1367029114,
446864,0.134013706166666,
446865,0.124023898999999,
446866,0.121128857999999,
446867,0.133498700333333,
446868,0.122544851,
446869,0.124860987666666,
446870,0.1309223088,
446871,0.127582173333333,
446872,0.137091558999999,
446873,0.139454159499999,
446874,0.131636506833333,
446875,0.1462724946,
446876,0.160705894,
446877,0.1350462828,
446878,0.1474566215,
446879,0.133986086666666,
446880,0.1273711938,
446881,0.105201816999999,
446882,0.1388626728,
446883,0.121249822499999,
446884,0.1374526775,
446885,0.150596412999999,
446886,0.139877205333333,
446887,0.139744353599999,
446888,0.128129614333333,
446889,0.13142464,
446890,0.1367620352,
446891,0.1340111865,
446892,0.147388726,
446893,0.138260164333333,
446894,0.133678306,
446895,0.1392608618,
446896,0.132624419833333,
446897,0.134577124199999,
446898,0.135474545166666,
446899,0.120963129666666,
446900,0.1300437428,
446901,0.136036618,
446902,0.131331019199999,
446903,0.135251023,
446904,0.134422273,
446905,0.140032856833333,
446906,0.148213025666666,
446907,0.1338218854,
446908,0.138581751666666,
446909,0.1304748368,
446910,0.130756734833333,
446911,0.125413026666666,
446912,0.1280775808,
446913,0.146345853499999,
446914,0.1188016794,
446915,0.1413451255,
446916,0.123189829999999,
446917,0.1203446806,
446918,0.1430148515,
446919,0.1205321798,
446920,0.132424382,
446921,0.1321423925,
446922,0.12670214,
446923,0.134480441833333,
446924,0.126819725,
446925,0.134549715833333,
446926,0.127940157333333,
446927,0.1306175586,
446928,0.138178999833333,
446929,0.135987915,
446930,0.122291091333333,
446931,0.132098697833333,
446932,0.1334584142,
446933,0.125530562666666,
446934,0.134186978199999,
446935,0.124452332666666,
446936,0.1331137976,
446937,0.122950803999999,
446938,0.117699593333333,
446939,0.116299250599999,
446940,0.114797906833333,
446941,0.1266687254,
446942,0.129604303833333,
446943,0.127226836166666,
446944,0.1234108712,
446945,0.132581595833333,
446946,0.133803133,
446947,0.1384139045,
446948,0.139228708166666,
446949,0.1321948178,
446950,0.149466295166666,
446951,0.1387545762,
446952,0.135360832,
446953,0.143823834666666,
446954,0.140126527799999,
446955,0.155593347833333,
446956,0.1356034824,
446957,0.145775073333333,
446958,0.142713175166666,
446959,0.131000129199999,
446960,0.132233209,
446961,0.1382393496,
446962,0.128484740333333,
446963,0.132518011166666,
446964,0.133248525,
446965,0.138714213,
446966,0.121480855599999,
446967,0.121374932666666,
446968,0.1276676578,
446969,0.137924425666666,
446970,0.134062989833333,
446971,0.1317315738,
446972,0.136799039166666,
446973,0.1356924946,
446974,0.1435392505,
446975,0.146836292166666,
446976,0.1311340408,
446977,0.149316146,
446978,0.1438140206,
446979,0.122908189666666,
446980,0.136226453833333,
446981,0.115744801799999,
446982,0.123987739166666,
446983,0.1350413128,
446984,0.131191861666666,
446985,0.137332622,
446986,0.127725866199999,
446987,0.130734969166666,
446988,0.1256934552,
446989,0.1282215195,
446990,0.149666331333333,
446991,0.1221097418,
446992,0.122927724833333,
446993,0.1215616162,
446994,0.124922934333333,
446995,0.115023064666666,
446996,0.116179701199999,
446997,0.117694897,
446998,0.1287551482,
446999,0.111854076166666,
447000,0.1053476132,
447001,0.1003832155,
447002,0.111447476,
447003,0.100641367199999,
447004,0.105220974166666,
447005,0.106814676599999,
447006,0.1118231825,
447007,0.106344155,
447008,0.1144764514,
447009,0.0947340183333333,
447010,0.0985427505999999,
447011,0.107929650166666,
447012,0.117065134833333,
447013,0.122747101199999,
447014,0.114604390333333,
447015,0.1275208266,
447016,0.119421948833333,
447017,0.111873612666666,
447018,0.1053026624,
447019,0.104921443,
447020,0.1053211836,
447021,0.105384424666666,
447022,0.0887515343333333,
447023,0.0871252232,
447024,0.0917083604999999,
447025,0.0931115885999999,
447026,0.0955492081666666,
447027,0.0986321433333333,
447028,0.1102862918,
447029,0.0963082933333333,
447030,0.087569494,
447031,0.0926814391666666,
447032,0.0882984303999999,
447033,0.112500444666666,
447034,0.101801788333333,
447035,0.114115590599999,
447036,0.142876970666666,
447037,0.1189228188,
447038,0.120064913,
447039,0.113909783833333,
447040,0.111438629,
447041,0.118600166833333,
447042,0.1178252256,
447043,0.101151304666666,
447044,0.080221171,
447045,0.103351978,
447046,0.0914818426666666,
447047,0.0949187172,
447048,0.125769104333333,
447049,0.08337369,
447050,0.0783013532,
447051,0.0974475134999999,
447052,0.0859783226,
447053,0.0934297885,
447054,0.0834522165,
447055,0.0742331686,
447056,0.0826097738333333,
447057,0.0837752364,
447058,0.0887265173333333,
447059,0.0921784064999999,
447060,0.0923280512,
447061,0.0938706644999999,
447062,0.0844637472,
447063,0.0845109711666666,
447064,0.0827468732,
447065,0.0853407761666666,
447066,0.0918223841666666,
447067,0.093147683,
447068,0.0926158276666666,
447069,0.0993159186,
447070,0.0815238741666666,
447071,0.0733214571666666,
447072,0.092154037,
447073,0.0921734499999999,
447074,0.0782279328,
447075,0.0837978698333333,
447076,0.0877024518333333,
447077,0.0893041178,
447078,0.0798176336666666,
447079,0.0847380913999999,
447080,0.086161813,
447081,0.0733261041666666,
447082,0.0823495861999999,
447083,0.079094467,
447084,0.0805954678,
447085,0.104576525333333,
447086,0.0694704606666666,
447087,0.0990165866,
447088,0.0932502333333333,
447089,0.0763705868,
447090,0.0759285186666666,
447091,0.0953031976666666,
447092,0.0838889624,
447093,0.105870740333333,
447094,0.070983923,
447095,0.0696167363333333,
447096,0.0796190525,
447097,0.0846216058,
447098,0.0964901196666666,
447099,0.0753910228,
447100,0.07973326,
447101,0.0741851687999999,
447102,0.0635473013333333,
447103,0.0922354595,
447104,0.0755034636,
447105,0.0659395506666666,
447106,0.0698950291999999,
447107,0.0830528788333333,
447108,0.0701159788333333,
447109,0.0841009316,
447110,0.0696403481666666,
447111,0.0734549568,
447112,0.0795600873333333,
447113,0.0740006693333333,
447114,0.0680950999999999,
447115,0.0675490256666666,
447116,0.073319839,
447117,0.0746429298333333,
447118,0.0670504766666666,
447119,0.0608493242,
447120,0.0623922058333333,
447121,0.0487930854,
447122,0.0484032078333333,
447123,0.049267539,
447124,0.0598365938,
447125,0.0519403185,
447126,0.0481088518,
447127,0.0386731378333333,
447128,0.0613053375,
447129,0.0502610799999999,
447130,0.0519691278333333,
447131,0.0563769509999999,
447132,0.0704657676666666,
447133,0.059031244,
447134,0.0631269565,
447135,0.0518019416666666,
447136,0.0508502252,
447137,0.0577431301666666,
447138,0.0550148428,
447139,0.0529053741666666,
447140,0.0588211696666666,
447141,0.0603229028,
447142,0.161706305333333,
447143,0.1477601845,
447144,0.1252707258,
447145,0.132962314499999,
447146,0.1629729006,
447147,0.186125255833333,
447148,0.165621064666666,
447149,0.1327684128,
447150,0.165322756666666,
447151,0.184803049399999,
447152,0.191699931333333,
447153,0.168550967166666,
447154,0.227153743,
447155,0.163040816,
447156,0.1492775504,
447157,0.151188422166666,
447158,0.1354903582,
447159,0.149988217166666,
447160,0.172443815,
447161,0.2083376152,
447162,0.203372114333333,
447163,0.1738376024,
447164,0.183329101,
447165,0.163048431333333,
447166,0.152570203,
447167,0.1629935365,
447168,0.1707179864,
447169,0.183844312333333,
447170,0.194618605333333,
447171,0.1864054792,
447172,0.1969891745,
447173,0.2101259452,
447174,0.205787505666666,
447175,0.180779155666666,
447176,0.1754242834,
447177,0.1789823515,
447178,0.1744679454,
447179,0.163084654833333,
447180,0.146607081666666,
447181,0.1691393524,
447182,0.190670581666666,
447183,0.180737766199999,
447184,0.1844285295,
447185,0.1733271175,
447186,0.1425523704,
447187,0.133716008666666,
447188,0.119734878,
447189,0.109496863666666,
447190,0.148268608833333,
447191,0.1711312158,
447192,0.158552653166666,
447193,0.182812443599999,
447194,0.2015296235,
447195,0.1812250222,
447196,0.203403237333333,
447197,0.158359087,
447198,0.1638383814,
447199,0.159537123166666,
447200,0.1683903232,
447201,0.261187268333333,
447202,0.218674922333333,
447203,0.2032283004,
447204,0.2310160535,
447205,0.222039106999999,
447206,0.215856466999999,
447207,0.217330409,
447208,0.237412081,
447209,0.230700293833333,
447210,0.2148670648,
447211,0.215421341,
447212,0.207630540999999,
447213,0.1952531134,
447214,0.205222172,
447215,0.178524880399999,
447216,0.188600009333333,
447217,0.168663608,
447218,0.171190347199999,
447219,0.194568417499999,
447220,0.1966158174,
447221,0.199874708666666,
447222,0.1976767685,
447223,0.222535452199999,
447224,0.212330756166666,
447225,0.2323120614,
447226,0.227130951666666,
447227,0.1872647995,
447228,0.1472102482,
447229,0.180907810833333,
447230,0.153119263399999,
447231,0.120953824166666,
447232,0.1058482318,
447233,0.130304142833333,
447234,0.118495643666666,
447235,0.1090885238,
447236,0.117678696333333,
447237,0.1087071984,
447238,0.148940407666666,
447239,0.1397061185,
447240,0.1807320732,
447241,0.208949550833333,
447242,0.1631052838,
447243,0.157449781833333,
447244,0.162167359166666,
447245,0.151535720999999,
447246,0.157113864,
447247,0.1920000322,
447248,0.215263717333333,
447249,0.189221202,
447250,0.190233513199999,
447251,0.171591123499999,
447252,0.1700231194,
447253,0.1592017585,
447254,0.156376673666666,
447255,0.177272399,
447256,0.188041682333333,
447257,0.1786628712,
447258,0.149945594333333,
447259,0.155564891,
447260,0.1581407618,
447261,0.153781967666666,
447262,0.207443013,
447263,0.197500063666666,
447264,0.192289417666666,
447265,0.1772392282,
447266,0.183920267333333,
447267,0.1863163654,
447268,0.157789436166666,
447269,0.1873468962,
447270,0.200426574499999,
447271,0.211306454833333,
447272,0.184922626,
447273,0.192379743333333,
447274,0.2096897804,
447275,0.192027323,
447276,0.193239334666666,
447277,0.193268547599999,
447278,0.173612712333333,
447279,0.164666777,
447280,0.154475816166666,
447281,0.183470838166666,
447282,0.21739132,
447283,0.198595354166666,
447284,0.179390223,
447285,0.171760622166666,
447286,0.165251589666666,
447287,0.1394569922,
447288,0.158477890833333,
447289,0.1341800066,
447290,0.147441706999999,
447291,0.177981953166666,
447292,0.190902587599999,
447293,0.190762537999999,
447294,0.1795914802,
447295,0.210541247,
447296,0.205347480833333,
447297,0.144798676,
447298,0.1163776425,
447299,0.0982344982,
447300,0.1002261485,
447301,0.1259124245,
447302,0.112598789,
447303,0.113395878166666,
447304,0.1241846772,
447305,0.144192359333333,
447306,0.1327086354,
447307,0.113751020333333,
447308,0.121141943333333,
447309,0.1426756616,
447310,0.1601163645,
447311,0.1473498736,
447312,0.127062458833333,
447313,0.120157984666666,
447314,0.1507305428,
447315,0.143133214999999,
447316,0.1496910292,
447317,0.162085161833333,
447318,0.186860744666666,
447319,0.1849066784,
447320,0.223059598833333,
447321,0.18928832,
447322,0.173030987999999,
447323,0.158929313666666,
447324,0.149335851,
447325,0.164000246666666,
447326,0.182037998399999,
447327,0.17610118,
447328,0.173160276833333,
447329,0.1525148958,
447330,0.1769085495,
447331,0.149374270999999,
447332,0.130924685,
447333,0.146017703833333,
447334,0.1561292178,
447335,0.162274003833333,
447336,0.1729034056,
447337,0.199677244333333,
447338,0.189072243833333,
447339,0.2055981154,
447340,0.203248391166666,
447341,0.2257479162,
447342,0.193806706,
447343,0.1975706065,
447344,0.16617513,
447345,0.172800639999999,
447346,0.1869783824,
447347,0.213233119333333,
447348,0.2161768586,
447349,0.219992679,
447350,0.182152239833333,
447351,0.192495639199999,
447352,0.193635649166666,
447353,0.2000499488,
447354,0.184835715166666,
447355,0.175487048,
447356,0.1687512812,
447357,0.172576958,
447358,0.184025460399999,
447359,0.172268555333333,
447360,0.19123791,
447361,0.1862712506,
447362,0.176050190833333,
447363,0.1658038792,
447364,0.150101059333333,
447365,0.192034635333333,
447366,0.1929042668,
447367,0.2005463125,
447368,0.18665373,
447369,0.172145167,
447370,0.179977532166666,
447371,0.1654010916,
447372,0.174986969833333,
447373,0.201506498399999,
447374,0.163145443,
447375,0.167349703833333,
447376,0.2014871042,
447377,0.170595036666666,
447378,0.1782794738,
447379,0.156441529166666,
447380,0.165894668833333,
447381,0.175278658199999,
447382,0.156458659333333,
447383,0.1722191626,
447384,0.181328396333333,
447385,0.1764588882,
447386,0.186865695333333,
447387,0.1754062985,
447388,0.1670004766,
447389,0.162267384666666,
447390,0.1438486004,
447391,0.143562151666666,
447392,0.147191171166666,
447393,0.1294603926,
447394,0.150119326666666,
447395,0.178020067,
447396,0.171741693333333,
447397,0.181249254499999,
447398,0.1622071534,
447399,0.173822259,
447400,0.1820882254,
447401,0.177474525166666,
447402,0.192528985,
447403,0.1915068888,
447404,0.219391165666666,
447405,0.1934644562,
447406,0.202273857166666,
447407,0.219049704833333,
447408,0.1805911404,
447409,0.162346320181818,
447410,0.145035770666666,
447411,0.1386425305,
447412,0.1560471712,
447413,0.1728379725,
447414,0.178853311199999,
447415,0.177101333,
447416,0.136889055166666,
447417,0.1410310564,
447418,0.117051717166666,
447419,0.1536763108,
447420,0.159590272666666,
447421,0.1612029232,
447422,0.184430524833333,
447423,0.1412052365,
447424,0.1449207132,
447425,0.166898583,
447426,0.179148432199999,
447427,0.158528967333333,
447428,0.148840951666666,
447429,0.168412805,
447430,0.158908995833333,
447431,0.153839174199999,
447432,0.1493101,
447433,0.124944960833333,
447434,0.1346131186,
447435,0.141425131999999,
447436,0.1551376974,
447437,0.160901551,
447438,0.180793970333333,
447439,0.183900103999999,
447440,0.175522692166666,
447441,0.183308593599999,
447442,0.1837285715,
447443,0.151309666666666,
447444,0.1662981612,
447445,0.149032749166666,
447446,0.1373067722,
447447,0.133978261666666,
447448,0.113704146666666,
447449,0.1692289116,
447450,0.156028015833333,
447451,0.1531857368,
447452,0.138120350833333,
447453,0.1442885255,
447454,0.140000729,
447455,0.101450143166666,
447456,0.121153814,
447457,0.0965088271666666,
447458,0.125299249,
447459,0.112186593333333,
447460,0.122672165833333,
447461,0.1213561136,
447462,0.122142140833333,
447463,0.126756824599999,
447464,0.130797494166666,
447465,0.1544609795,
447466,0.1380767378,
447467,0.145994874166666,
447468,0.132878008,
447469,0.143226177833333,
447470,0.162680105833333,
447471,0.1477214894,
447472,0.119430106666666,
447473,0.1239983802,
447474,0.100199021666666,
447475,0.0762456963333333,
447476,0.03296379725,
447477,0.0786926424,
447478,0.0956087586,
447479,0.1075300435,
447480,0.126485981,
447481,0.1281060532,
447482,0.175079575833333,
447483,0.1552466474,
447484,0.1446811945,
447485,0.155157500833333,
447486,0.1674434652,
447487,0.157796674833333,
447488,0.163086801,
447489,0.1482494175,
447490,0.1614127385,
447491,0.180281163,
447492,0.170386324999999,
447493,0.1682113226,
447494,0.163009772166666,
447495,0.1530757025,
447496,0.1196974834,
447497,0.180500753833333,
447498,0.0844417152,
447499,0.0816043388333333,
447500,0.0853317778,
447501,0.0934223978333333,
447502,0.0931333056666666,
447503,0.0873625788,
447504,0.0847819235,
447505,0.0983016271999999,
447506,0.0970274238333333,
447507,0.142428017833333,
447508,0.173642651,
447509,0.183109623,
447510,0.180428940599999,
447511,0.165307991166666,
447512,0.172849383333333,
447513,0.153591555199999,
447514,0.158000452333333,
447515,0.1626341744,
447516,0.173999844333333,
447517,0.1608643415,
447518,0.187136636799999,
447519,0.179475650999999,
447520,0.216720675,
447521,0.211176546166666,
447522,0.2024987585,
447523,0.2159839164,
447524,0.2206050855,
447525,0.200307419,
447526,0.202860829,
447527,0.208437768666666,
447528,0.1886663258,
447529,0.205108512499999,
447530,0.2013799432,
447531,0.211758209999999,
447532,0.207580530999999,
447533,0.2120379104,
447534,0.232103881666666,
447535,0.2651334602,
447536,0.259338288,
447537,0.250338494599999,
447538,0.268543021833333,
447539,0.267895585333333,
447540,0.226718566599999,
447541,0.235046724499999,
447542,0.2685981834,
447543,0.209239847666666,
447544,0.198274370333333,
447545,0.234256681199999,
447546,0.195155556,
447547,0.1754685942,
447548,0.174427887166666,
447549,0.197422368333333,
447550,0.2053366036,
447551,0.223495191,
447552,0.2065339996,
447553,0.207976800166666,
447554,0.158839852333333,
447555,0.174671292,
447556,0.187163852333333,
447557,0.1937278206,
447558,0.219040184,
447559,0.227762991166666,
447560,0.2206943944,
447561,0.210702786666666,
447562,0.2485322458,
447563,0.251297547,
447564,0.2425664285,
447565,0.2725726638,
447566,0.225932551833333,
447567,0.2064802,
447568,0.213896226666666,
447569,0.215367403166666,
447570,0.2177286198,
447571,0.221350580333333,
447572,0.2223253662,
448259,15.28709,
448261,17.43586,
448263,13.61231,
448265,14.8129,
448267,14.2113,
448269,20.28715,
448271,18.97708,
448273,13.95115,
448275,17.16634,
448277,12.58473,
448279,14.67218,
448281,14.04135,
448283,16.61586,
448285,13.55765,
448287,12.63864,
448289,13.02257,
448291,16.46198,
448293,12.86673,
448295,14.42515,
448297,12.81171,
448299,14.0251,
448301,11.82357,
448303,17.01348,
448305,11.27549,
448307,13.73476,
448309,13.21602,
448311,13.39724,
448313,13.33702,
448316,15.53415,
448318,11.34646,
448320,12.03596,
448322,9.61753,
448324,8.64735,
448326,12.7491,
448328,11.44328,
448330,10.44272,
448332,12.61728,
448334,11.16881,
448336,12.17521,
448338,15.22694,
448340,14.9517,
448342,14.92858,
448344,12.34748,
448346,14.86569,
448348,12.10112,
448350,19.4362,
448352,16.80745,
448354,13.24785,
448356,16.09966,
448358,17.2241,
448360,12.23773,
448362,14.06601,
448364,13.81601,
448366,17.2509,
448368,21.44011,
448371,1.15300113686809,0.0484260477484598
448372,2.24869062029688,0.0944450060524692
448373,0.767915417014043,0.0322524475145898
448374,0.939720222176507,0.0394682493314133
448375,2.73607829231585,0.114915288277266
448376,1.31682309249775,0.0553065698849056
448377,0.767091101029678,0.0322178262432465
448378,0.758283935512511,0.0318479252915255
448379,1.00137038079667,0.0420575559934603
448380,0.774509944888966,0.0325294176853366
448381,2.01610335755043,0.084676341017118
448382,0.78609375372189,0.0330159376563194
448383,0.772817927868426,0.0324583529704739
448384,0.766310170097121,0.0321850271440791
448385,0.768262497428513,0.0322670248919975
448386,0.774987180458862,0.0325494615792722
448387,5.9781130588248,0.251080748470642
448388,4.27763595318269,0.179660710033673
448389,2.31138202016046,0.0970780448467394
448390,0.766223399993504,0.0321813827997272
448391,0.668954113838392,0.0280960727812124
448392,0.773729013956409,0.0324966185861692
448393,0.851041176279518,0.0357437294037398
448394,0.767177871133295,0.0322214705875984
448395,0.779152145432497,0.0327243901081649
448396,0.7696942041382,0.0323271565738044
448397,0.781885403696445,0.0328391869552507
448398,0.756114682922076,0.0317568166827272
448399,0.981239716757436,0.0412120681038123
448400,0.770475135070756,0.0323599556729718
448401,0.770995755692461,0.0323818217390834
448402,0.760973808724651,0.0319608999664353
448403,0.77837121449994,0.0326915910089975
448404,0.785442977944759,0.0329886050736799
448405,0.764357842765729,0.0321030293961606
448406,0.768045572169469,0.0322579140311177
448407,0.786484219188168,0.0330323372059031
448408,0.759021481393259,0.0318789022185169
448409,0.782362639266341,0.0328592308491863
448410,0.807395814159963,0.0339106241947184
448411,0.783924501131454,0.0329248290475211
448412,0.782579564525385,0.0328683417100662
448413,0.77971615110601,0.0327480783464524
448414,0.809651836854015,0.0340053771478686
448415,0.791343344990743,0.0332364204896112
448416,0.818285462163947,0.0343679894108858
448417,0.790605799109995,0.0332054435626198
448418,0.80683180848645,0.0338869359564309
448419,0.675114791195227,0.0283548212301995
448420,0.780019846468671,0.0327608335516842
448421,0.800107125456101,0.0336044992691562
448422,0.799629889886205,0.0335844553752206
448423,0.826268311696749,0.0347032690912634
448424,0.769780974241817,0.0323308009181563
448425,0.740322524063708,0.0310935460106757
448426,0.731775668857393,0.0307345780920105
448427,0.736461254452733,0.0309313726870148
448428,0.776201961909505,0.0326004824001992
448429,0.794336913565543,0.0333621503697528
448430,0.775681341287801,0.0325786163340876
448431,0.727307008521097,0.0305468943578861
448432,0.784575276908585,0.0329521616301606
448433,0.734075076603255,0.0308311532173367
448434,0.79077933931723,0.0332127322513236
448435,0.760279647895711,0.0319317452116199
448436,0.769564048982774,0.0323216900572765
448437,0.723489123961931,0.0303865432064011
448438,0.823838748795461,0.0346012274494094
448439,0.76266582574519,0.032031964681298
448440,0.759411946859537,0.0318953017681006
448441,0.733944921447829,0.0308256867008088
448442,0.744834569451813,0.0312830519169761
448443,0.885835987830098,0.0372051114888641
448444,0.727957784298228,0.0305742269405256
448445,0.693987288732013,0.0291474661267446
448446,0.710603763574746,0.0298453580701393
448447,0.764791693283816,0.0321212511179203
448448,0.755116826730476,0.03171490672268
448449,0.749780465358005,0.0314907795450362
448450,0.776245346961314,0.0326023045723752
448451,0.762145205123485,0.0320100986151864
448452,0.753164499399084,0.0316329089747615
448453,0.762275360278912,0.0320155651317143
448454,0.784488506804968,0.0329485172858086
448455,0.830172966359532,0.0348672645871003
448456,0.760496573154755,0.0319408560724997
448457,0.784792202167628,0.0329612724910404
448458,0.758934711289642,0.0318752578741649
448459,0.777590283567384,0.0326587919098301
448460,0.776982892842062,0.0326332814993666
448461,0.777633668619193,0.0326606140820061
448462,0.802406533201962,0.0337010743944824
448463,0.783490650613367,0.0329066073257614
448464,0.805226561569528,0.0338195155859202
448465,0.789000552193073,0.0331380231921091
448466,0.787308535172533,0.0330669584772464
448467,0.820758410117043,0.0344718532249158
448468,0.790041793436482,0.0331817553243322
448469,0.892300360549594,0.037476615143083
448470,0.83724472980435,0.0351642786517827
448471,0.801061596595892,0.0336445870570275
448472,0.823838748795461,0.0346012274494094
448473,0.798588648642796,0.0335407232429974
448474,0.802970538875475,0.03372476263277
448475,0.803317619289945,0.0337393400101777
448476,0.853383969077188,0.0358421267012419
448477,1.11308688920408,0.0467496493465715
448478,0.840975844259899,0.0353209854589158
448479,0.785009127426672,0.0329703833519202
448480,0.795247999653526,0.0334004159854481
448481,0.789564557866586,0.0331617114303966
448482,0.793816292943839,0.0333402843036412
448483,0.836941034441689,0.035151523446551
448484,0.793555982632986,0.0333293512705854
448485,0.789607942918395,0.0331635336025726
448486,0.807699509522624,0.0339233793999502
448487,0.798154798124709,0.0335225015212378
448488,0.800757901233231,0.0336318318517957
448489,0.778935220173454,0.032715279247285
448490,0.797026786777683,0.0334751250446627
448491,0.811907859548068,0.0341001301010188
448492,0.791907350664256,0.0332601087278987
448493,0.811994629651685,0.0341037744453708
448494,0.790909494472656,0.0332181987678515
448495,0.831691443172836,0.0349310406132591
448496,0.801755757424831,0.0336737418118429
448497,0.792688281596812,0.0332929078270661
448498,0.803057308979092,0.0337284069771219
448499,0.816072824521703,0.0342750586299115
448500,0.806267802812937,0.0338632477181433
448501,0.795812005327039,0.0334241042237356
448502,0.821756266308643,0.034513763184963
448503,0.786874684654446,0.0330487367554867
448504,0.808740750766033,0.0339671115321734
448505,0.797590792451196,0.0334988132829502
448506,0.873991868686322,0.0367076584848255
448507,0.794163373358308,0.033354861681049
448508,0.774206249526305,0.0325166624801048
448509,0.817114065765112,0.0343187907621347
448510,0.870911530007904,0.036578284260332
448511,0.803664699704414,0.0337539173875854
448512,0.780800777401228,0.0327936326508516
448513,0.805356716724954,0.0338249821024481
448514,0.811777704392642,0.034094663584491
448515,0.837505040115202,0.0351752116848385
448516,0.861410203661798,0.0361792285537955
448517,0.790952879524464,0.0332200209400275
448518,0.820715025065235,0.0344700310527399
448519,0.7981114130729,0.0335206793490618
448520,0.805009636310484,0.0338104047250403
448521,0.800020355352483,0.0336008549248043
448528,0.701232592384067,0.0294517688801308
448529,0.711601619766347,0.0298872680301866
448530,0.723402353858314,0.0303828988620492
448531,0.727437163676523,0.030552360874414
448532,0.706612338808346,0.0296777182299505
448533,0.708955131606016,0.0297761155274527
448534,0.732035979168246,0.0307455111250663
448535,0.73121166318388,0.030710889853723
448536,0.701275977435875,0.0294535910523068
448537,0.72787101419461,0.0305705825961736
448538,0.689431858292099,0.0289561380482682
448539,0.722361112614905,0.030339166729826
448540,0.759845797377624,0.0319135234898602
448541,0.755463907144945,0.0317294841000877
448542,0.719974934765426,0.0302389472601479
448543,0.724617135308958,0.0304339196829762
448544,0.694854989768187,0.0291839095702639
448545,0.749389999891727,0.0314743799954525
448546,0.742057926136056,0.0311664328977144
448547,0.697718403187562,0.0293041729338776
448548,0.737849576110612,0.0309896821966457
448549,0.750170930824284,0.0315071790946199
448550,0.761884894812633,0.0319991655821306
448551,0.734942777639429,0.030867596660856
448552,0.699280265052675,0.0293697711322123
448553,0.735203087950281,0.0308785296939118
448554,0.680798232982167,0.028593525785251
448555,0.745485345228944,0.0313103844996156
448556,0.794597223876395,0.0333730834028086
448557,0.740799759633604,0.0311135899046114
448558,0.751993103000249,0.0315837103260105
448559,0.742752086964995,0.0311955876525298
448560,0.691861421193387,0.0290581796901222
448561,0.770301594863522,0.0323526669842679
448562,0.734942777639429,0.030867596660856
448563,0.725745146655984,0.0304812961595513
448564,0.744357333881917,0.0312630080230405
448565,0.772210537143105,0.0324328425600104
448566,0.748131833389274,0.0314215370023495
448567,0.741624075617969,0.0311482111759547
448568,0.747784752974805,0.0314069596249418
448569,0.724400210049914,0.0304248088220964
448570,0.709909602745807,0.0298162033153239
448571,0.745181649866283,0.0312976292943839
448572,0.712295780595286,0.029916422785002
448573,0.713033326476034,0.0299473997119934
448574,0.724313439946296,0.0304211644777445
448575,0.712946556372416,0.0299437553676415
448576,0.755724217455798,0.0317404171331435
448577,0.727393778624714,0.030550538702238
448578,0.767611721651382,0.0322396923093581
448579,0.735723708571985,0.0309003957600234
448580,0.757372849424528,0.0318096596758302
448581,0.736417869400925,0.0309295505148388
448582,0.752426953518336,0.0316019320477701
448583,0.756418378284737,0.0317695718879589
448584,0.730430732251324,0.0306780907545556
448585,0.748652454010979,0.0314434030684611
448586,0.740669604478178,0.0311081233880835
448587,0.730474117303132,0.0306799129267316
448588,0.749086304529066,0.0314616247902208
448589,0.726482692536732,0.0305122730865427
448590,0.739715133338386,0.0310680356002122
448591,0.735376628157516,0.0308858183826157
448592,0.741276995203499,0.031133633798547
448593,0.746439816368735,0.0313504722874869
448594,0.737502495696142,0.030975104819238
448595,0.754813131367815,0.0317021515174482
448596,0.726178997174071,0.030499517881311
448597,0.738760662198595,0.031027947812341
448598,0.747828138026614,0.0314087817971178
448599,0.761407659242738,0.031979121688195
448600,0.757112539113676,0.0317987266427744
448601,0.736200944141881,0.030920439653959
448602,0.745181649866283,0.0312976292943839
448603,0.759889182429433,0.0319153456620362
448604,0.756288223129311,0.031764105371431
448605,0.747524442663953,0.031396026591886
448606,0.75364173496898,0.0316529528686972
448607,0.763793837092216,0.0320793411578731
448608,0.727523933780141,0.0305560052187659
448609,0.740712989529986,0.0311099455602594
448610,0.752036488052058,0.0315855324981864
448611,0.747133977197674,0.0313796270423023
448612,0.744183793674682,0.0312557193343367
448613,0.749867235461623,0.0314944238893882
448614,0.728174709557271,0.0305833378014054
448615,0.743966868415639,0.0312466084734568
448616,0.827916943665479,0.0347725116339501
448617,0.759759027274007,0.0319098791455083
448618,0.741363765307117,0.0311372781428989
448619,0.761711354605399,0.0319918768934267
448620,0.754726361264197,0.0316985071730963
448621,0.735853863727412,0.0309058622765513
448622,0.740105598804664,0.0310844351497959
448623,0.748999534425448,0.0314579804458688
448624,0.71281640121699,0.0299382888511136
448625,1.40702061520805,0.059094865838738
448626,0.745919195747031,0.0313286062213753
448627,0.777937363981853,0.0326733692872378
448628,0.739541593131151,0.0310607469115084
448629,0.760019337584859,0.0319208121785641
448630,0.774336404681731,0.0325221289966327
448631,0.75498667157505,0.0317094402061521
448632,0.78474881711582,0.0329594503188644
448633,0.729346105956106,0.0306325364501565
448634,0.761494429346355,0.0319827660325469
448635,0.760887038621033,0.0319572556220834
448636,0.739628363234769,0.0310643912558603
448637,1.03881168050758,0.0436300905813186
448638,0.771256066003313,0.0323927547721392
448639,0.786961454758064,0.0330523810998387
448640,0.758500860771555,0.0318570361524053
448641,0.70982283264219,0.029812558970972
448642,0.760192877792094,0.0319281008672679
448643,0.763143061315086,0.0320520085752336
448644,0.7696942041382,0.0323271565738044
448645,0.760453188102946,0.0319390339003237
448646,0.742144696239673,0.0311700772420663
448647,0.735550168364751,0.0308931070713195
448648,0.797156941933109,0.0334805915611906
448649,0.762275360278912,0.0320155651317143
448650,0.857635704154441,0.0360206995744865
448651,0.62049301096807,0.026060706460659
448652,0.796940016674065,0.0334714807003107
448653,0.732947065256228,0.0307837767407616
448654,0.759238406652302,0.0318880130793967
448655,0.741407150358925,0.0311391003150749
448656,0.806961963641876,0.0338924024729588
448657,0.785226052685716,0.0329794942128001
448658,0.780800777401228,0.0327936326508516
448659,0.787395305276151,0.0330706028215983
448660,0.755420522093137,0.0317276619279117
448661,0.789043937244881,0.033139845364285
448662,0.777156433049297,0.0326405701880705
448663,0.782015558851871,0.0328446534717786
448664,0.748869379270022,0.0314525139293409
448665,0.799499734730779,0.0335789888586927
448666,0.838329356099568,0.0352098329561819
448667,0.952605582563692,0.040009434467675
448668,0.722578037873948,0.0303482775907058
448669,0.76800218711766,0.0322560918589417
448670,0.746656741627779,0.0313595831483667
448671,0.794727379031822,0.0333785499193365
448672,19.5974373294839,0.823092367838322
448673,18.70998073171,0.785819190731818
448674,18.6222691484685,0.782135304235676
448675,18.965694765855,0.796559180165909
448676,18.4508968719432,0.774937668621614
448677,19.315581793993,0.811254435347706
448678,18.0568649415671,0.75838832754582
448679,18.8445047589493,0.791469199875871
448680,19.1262097616475,0.803300809989194
448681,17.8740653644864,0.750710745308429
448682,18.1564424924155,0.76257058468145
448683,18.6272147734081,0.782343020483141
448684,17.9042423076278,0.75197817692037
448685,18.1587579809764,0.762667835201009
448686,18.0272719910242,0.757145423623015
448687,16.8411765579142,0.707329415432398
448688,17.6011167792679,0.73924690472925
448689,18.2669336490369,0.76721121325955
448690,16.8459099442004,0.707528217656415
448691,15.4023793086868,0.646899930964844
448692,16.886767859416,0.709244250095471
448693,18.5534666797107,0.779245600547849
448694,17.7048611680767,0.743604169059223
448695,17.8519550523522,0.749782112198794
448696,17.4090791578796,0.731181324630942
448697,18.2829212817484,0.767882693833433
448698,17.13374205248,0.71961716620416
448699,18.6888845740578,0.784933152110426
448700,18.1499104800918,0.762296240163856
448701,18.4191246891001,0.773603236942206
448702,18.8925831277558,0.793488491365745
448703,18.112858236958,0.760740045952234
448704,17.8426949640382,0.749393188489603
448705,17.818828681887,0.748390804639253
448706,17.1963379617666,0.722246194394197
448707,14.6420752310441,0.614967159703851
448708,14.365305482188,0.603342830251895
448709,16.1575954734027,0.678619009882913
448710,16.9554290382421,0.712128019606167
448711,17.0189951441787,0.714797796055505
448712,17.4023976542124,0.73090070147692
448713,17.3750836981171,0.729753515320919
448714,17.8076412617807,0.747920932994788
448715,17.8106784745872,0.748048495932663
448716,17.5523861161576,0.737200216878619
448717,16.9733070746955,0.71287889713721
448718,16.2957550693663,0.684421712913384
448719,18.1700019430916,0.763140081609849
448720,17.4191178595979,0.731602950103111
448721,16.9624087435096,0.712421167227402
448722,17.5986279328208,0.739142373178475
448723,16.4423583009214,0.690579048638699
448724,17.2905459310928,0.726202929105898
448725,17.328250077987,0.727786503275453
448726,16.8744460842408,0.708726735538115
448727,17.3759073975898,0.729788110698773
448728,18.354416156864,0.770885478588287
448729,17.6368076748167,0.740745922342303
448730,17.6367713542784,0.740744396879693
448731,16.7216146831451,0.702307816692095
448732,17.8637509391115,0.750277539442683
448733,19.417892237534,0.815551473976427
448734,18.4856245138362,0.776396229581122
448735,16.3310907439751,0.685905811246956
448736,16.4780037632521,0.692076158056588
448737,18.345652666209,0.770517411980779
448738,15.049407508232,0.632075115345744
448739,17.9695488052383,0.754721049820007
448740,17.4541069486157,0.733072491841861
448741,14.9084658111045,0.626155564066389
448742,14.3342621835533,0.602039011709239
448743,15.9263322781256,0.668905955681274
448744,13.8552491759742,0.581920465390916
448745,17.4625452467805,0.733426900364781
448746,18.4964656521075,0.776851557388517
448747,19.1616084439286,0.804787554645001
448748,19.1700310769627,0.805141305232434
448749,16.7492082249375,0.703466745447374
448750,18.0038908939854,0.756163417547388
448751,17.9771439201529,0.755040044646421
448752,14.7638405518055,0.620081303175829
448753,15.7985028160612,0.663537118274572
448754,16.7103008571509,0.701832636000338
448755,16.249879842796,0.682494953397434
448756,18.7932384709687,0.789316015780686
448757,18.3748042592904,0.771741778890196
448758,20.685415583785,0.868787454518971
448759,14.5777447014476,0.6122652774608
448760,15.1530322171786,0.636427353121502
448761,14.0703122829177,0.590953115882545
448762,13.7436539530961,0.577233466030035
448763,13.6596257584513,0.573704281854953
448764,13.8767182158079,0.582822165063931
448765,14.4496054082677,0.606883427147245
448766,12.5897589119956,0.528769874303815
448767,12.3967267066902,0.520662521680988
448768,13.7249525643197,0.576448007701426
448769,13.1387850729436,0.551828973063632
448770,9.75983405695817,0.409913030392243
448771,10.8694978423305,0.45651890937788
448772,12.5521947532217,0.52719217963531
448773,14.7046909278641,0.617597018970292
448774,13.8785166682706,0.582897700067363
448775,14.0466634900594,0.589959866582497
448776,12.6912765089943,0.533033613377759
448777,13.0941657472342,0.549954961383835
448778,14.3019129077123,0.600680342123917
448779,14.4380577769443,0.606398426631661
448780,13.0754036506523,0.549166953327399
448781,12.7192336901071,0.534207814984498
448782,12.9875109854438,0.545475461388638
448783,14.7402888306846,0.619092130888754
448784,14.3961461321799,0.604638137551554
448785,12.8203527592395,0.538454815888059
448786,12.8803454796436,0.54097451014503
448787,12.7968802750398,0.537468971551671
448788,11.5085939046763,0.483360943996405
448789,11.380059902277,0.477962515895633
448790,13.0673184037419,0.548827372957161
448791,14.245415637731,0.598307456784703
448792,13.3384658894813,0.560215567358213
448793,13.8090940599508,0.579981950517935
448794,13.0038468527074,0.54616156781371
448795,13.3298452943254,0.559853502361667
448796,13.1575640930738,0.552617691909098
448797,12.3221069634665,0.517528492465592
448798,12.5411845530419,0.526729751227761
448799,11.6666017852684,0.489997274981271
448800,8.99043687001159,0.377598348540487
448801,9.24490550457454,0.388286031192131
448802,13.3904246977382,0.562397837305003
448803,12.2557436119599,0.514741231702314
448804,11.1269068349311,0.467330087067106
448805,12.6026437639992,0.529311038087965
448806,12.7858994090105,0.537007775178441
448807,12.0532212448706,0.506235292284564
448808,11.4870438921729,0.482455843471263
448809,11.2787926436124,0.473709291031722
448811,10.7993884850984,0.453574316374131
448812,12.5043984001602,0.52518473280673
448813,12.976549733373,0.545015088801667
448814,12.3265314732988,0.517714321878548
448815,11.6635273406555,0.48986814830753
448816,11.9197798473933,0.50063075359052
448817,12.5778740247296,0.528270709038643
448818,10.6103338343746,0.445634021043732
448819,10.8445899808703,0.455472779196553
448820,13.1751039189229,0.553354364594762
448821,11.8302035060947,0.496868547255977
448822,13.7551533306099,0.577716439885616
448823,13.4760763379985,0.565995206195936
448824,13.3586201865785,0.561062047836295
448825,14.2760281669702,0.599593183012748
448826,11.6668138937407,0.490006183537111
448827,12.3053026610639,0.516822711764684
448828,8.63655696931106,0.362735392711064
448829,10.3242028030641,0.433616517728694
448830,10.2884723758421,0.432115839785368
448831,11.1451618325751,0.468096796968153
448832,10.4609054550915,0.439358029113845
448833,10.7676954089953,0.452243207177804
448834,9.44005454201973,0.396482290764829
448835,9.06879528542319,0.380889401987774
448836,7.76894592236166,0.32629572873919
448837,7.20587486526273,0.302646744341035
448838,9.37742830052729,0.393851988622146
448839,11.7344668630236,0.492847608246993
448840,11.1073712454033,0.466509592306937
448841,10.773598342652,0.452491130391386
448842,9.16802490547537,0.385057046029966
448843,8.67087310861746,0.364176670561933
448844,9.82813788855228,0.412781791319196
448845,10.5946683565933,0.444976070976918
448846,10.4347864316894,0.438261030130954
448847,9.87894073167098,0.414915510730181
448848,9.44746002640566,0.396793321109038
448849,10.0781654368843,0.423282948349142
448850,10.0474893792484,0.421994553928431
448851,11.467965542206,0.48165455277265
448852,11.1243837074503,0.467224115712912
448853,10.3701473727888,0.435546189657129
448854,10.9624292553882,0.460422028726305
448855,9.52842978871794,0.400194051126153
448856,9.0625379119133,0.380626592300358
448857,8.88310204194069,0.373090285761509
448858,7.97248496076831,0.334844368352269
448859,9.8066685883563,0.411880080710965
448860,10.7017224273368,0.449472341948146
448861,9.02647357006464,0.379111889942715
448862,9.00775326162908,0.378325636988421
448863,8.64504039693803,0.363091696671397
448864,7.02679833863294,0.295125530222584
448865,7.66064658221722,0.321747156453123
448866,7.05875286186078,0.296467620198153
448867,7.68674317106941,0.322843213184915
448868,6.70407061139467,0.281570965678576
448869,6.99902766370143,0.29395916187546
448870,7.12405580118667,0.29921034364984
448871,6.91280114352256,0.290337648027947
448872,9.34003485262292,0.392281463810163
448873,8.27737630951829,0.347649804999768
448874,10.0310994434175,0.421306176623536
448875,10.4537801639147,0.439058766884418
448876,11.5809833845927,0.486401302152895
448877,12.1284894203575,0.509396555655016
448878,10.0719501986704,0.423021908344157
448879,8.04609354367631,0.337935928834405
448880,8.4278589390747,0.353970075441137
448881,8.80825157434143,0.36994656612234
448882,9.28247287448327,0.389863860728297
448883,9.5500801274873,0.401103365354467
448884,7.91909815218225,0.332602122391654
448885,10.651214357715,0.44735100302403
448886,9.78544815110818,0.410988822346543
448887,10.5484877250663,0.443036484452785
448888,9.64691888409792,0.405170593132113
448889,10.5518776853712,0.443178862785591
448890,12.7005920978681,0.53342486811046
448891,11.0305370775777,0.463282557258264
448892,9.03629486927749,0.379524384509655
448893,8.9607943638476,0.376353363281599
448894,8.25903304906073,0.346879388060551
448895,9.07316885103563,0.381073091743497
448896,9.93138285911064,0.417118080082647
448897,9.28680204832664,0.390045686029719
448898,8.58385769072424,0.360522023010418
448899,9.25769024728072,0.38882299038579
448900,8.45225870354161,0.354994865548748
448901,8.87917729750863,0.372925446495363
448902,8.76711936746175,0.368219013433394
448903,9.49633258695958,0.398845968652302
448904,10.1536972725755,0.426455285448171
448905,7.442762536736,0.312596026542912
448906,9.07511193474594,0.381154701259329
448907,7.00654076449723,0.294274712108884
448908,6.77943256069685,0.284736167549268
448909,6.09045616219102,0.255799158812023
448910,6.52900960884592,0.274218403571529
448911,6.9854835743999,0.293390310124796
448912,7.36469685531675,0.309317267923304
448913,7.81828045239121,0.328367779000431
448914,8.43421529364545,0.354237042333109
448915,8.75907447670503,0.367881128021611
448916,7.84840788330536,0.329633131098825
448917,8.27844166858238,0.34769455008046
448918,9.28000403253825,0.389760169366607
448919,9.28674294608863,0.390043203735723
448920,6.43877129644539,0.270428394450706
448921,6.14157256828463,0.257946047867954
448922,6.45492955323899,0.271107041236038
448923,7.96581651860891,0.334564293781574
448924,6.62092838620167,0.27807899222047
448925,6.88744545893741,0.289272709275371
448926,6.85427686638877,0.287879628388328
448927,6.99678798395825,0.293865095326247
448928,7.19510359087041,0.302194350816557
448929,6.79918516218669,0.285565776811841
448930,7.96397688551197,0.334487029191503
448931,7.76540135025498,0.326146856710709
448932,8.90228800831754,0.373896096349337
448933,8.65022889649303,0.363309613652707
448934,7.77321712220358,0.32647511913255
448935,7.55381924362758,0.317260408232359
448936,8.57970452178348,0.360347589914906
448937,8.25829114673827,0.346848228163007
448938,8.10592995992378,0.340449058316799
448939,8.395805434786,0.352623828261012
448940,8.7350974537966,0.366874093059457
448941,8.00466257107808,0.336195827985279
448942,7.98391278204831,0.335324336846029
448943,8.03076323893936,0.337292056035453
448944,8.26543327467599,0.347148197536392
448945,7.7490535063264,0.325460247265709
448946,7.56234910252818,0.317618662306184
448947,6.83918947966089,0.287245958145757
448948,7.10101925023441,0.298242808509845
448949,7.53791748707543,0.316592534457168
448950,5.79102443691898,0.243223026350597
448951,5.70874939169978,0.239767474451391
448952,5.60043100171505,0.235218102072032
448953,5.49534865453286,0.23080464349038
448954,6.59271045226345,0.276893838995065
448955,8.41544035252439,0.353448494806024
448956,8.77747124161154,0.368653792147685
448957,8.54855213135266,0.359039189516812
448958,8.10469762184952,0.34039730011768
448959,8.64251887502463,0.362985792751035
448960,8.1165249690512,0.34089404870015
448961,7.60137884058727,0.319257911304666
448962,7.38228614999946,0.310056018299977
448963,7.47016735926764,0.313747029089241
448964,7.55864488494895,0.317463085167856
448965,6.43560359874187,0.270295351147158
448966,6.44538623415585,0.270706221834546
448967,4.97836727573707,0.209091425580957
448968,4.57693680396929,0.19223134576671
448969,6.06580124268777,0.254763652192886
448970,4.38603110760186,0.184213306519278
448971,3.97375238099373,0.166897600001737
448972,4.0811814602107,0.171409621328849
448973,4.11774526370359,0.172945301075551
448974,4.14158763591854,0.173946680708579
448975,4.31363984854318,0.181172873638814
448976,4.01119160926602,0.168470047589173
448977,3.45545981774597,0.145129312345331
448978,3.33799980428545,0.140195991779989
448979,3.49662209646921,0.146858128051707
448980,3.67966220490477,0.154545812606001
448981,3.20744361143581,0.134712631680304
448982,3.54575480233653,0.148921701698134
448983,3.48234530431252,0.146258502781126
448984,3.13591176487619,0.1317082941248
448985,2.98427551344211,0.125339571564569
448986,3.25229878197902,0.136596548843119
448987,2.94352282798211,0.123627958775249
448988,3.10413120704642,0.13037351069595
448989,3.02179432578525,0.126915361682981
448990,3.04725051021124,0.127984521428872
448991,2.87415181478795,0.120714376221094
448992,2.98152799706796,0.125224175876854
448993,2.98175976289263,0.12523391004149
448994,2.95083861756191,0.1239352219376
448995,2.96328762310549,0.124458080170431
448996,2.61473304233913,0.109818787778244
448997,3.04201492847692,0.127764626996031
448998,3.10705021537695,0.130496109045832
448999,2.91393443377906,0.12238524621872
449000,3.24679298758973,0.136365305478769
449001,3.23899765408027,0.136037901471371
449002,3.02718304393508,0.127141687845273
449003,2.34165470991674,0.098349497816503
449004,1.61203701761388,0.0677055547397828
449005,1.15798771920441,0.0486354842065852
449006,1.52698607653179,0.0641334152143354
449007,1.18955035380418,0.0499611148597755
449008,1.05502038162605,0.0443108560282939
449009,1.23112452565749,0.0517072300776145
449010,1.10756964814474,0.0465179252220791
449011,1.37491662565424,0.0577464982774781
449012,1.82977929583257,0.0768507304249678
449013,1.97389029623101,0.0829033924417025
449014,1.85007752987798,0.077703256254875
449015,6.64379257732327,0.279039288247577
449016,8.84579859259845,0.371523540889135
449017,9.07468706689548,0.38113685680961
449018,9.13568378765253,0.383698719081406
449019,9.30954582189283,0.391000924519499
449020,8.71635631637848,0.366086965287896
449021,9.51371845191265,0.399576174980331
449022,3.89542503548111,0.163607851490207
449023,8.23088619402549,0.345697220149071
449024,7.7681065143646,0.326260473603313
449025,6.11637570469148,0.256887779597042
449026,6.76670370909386,0.284201555781942
449027,8.11264682946762,0.34073116683764
449028,7.13342064192553,0.299603666960872
449602,2.64994569576977,0.11129771922233
449604,2.07145745971914,0.0870012133082039
449606,2.35704832608192,0.0989960296954406
449608,2.35283032693295,0.0988188737311838
449610,2.1184814046774,0.0889762189964508
449612,4.59564435465304,0.193017062895428
449614,2.2408490735781,0.0941156610902803
449616,2.51119824516723,0.105470326297024
449618,2.53234569418898,0.106358519155937
449620,2.75680380050239,0.1157857596211
449622,2.56471158982232,0.107717886772538
449624,2.57403642155718,0.108109529705402
449626,2.62741307601425,0.110351349192598
449628,2.46585302941565,0.103565827235457
449630,2.58320408126117,0.108494571412969
449632,2.33836312316071,0.0982112511727498
449634,2.46851913918297,0.103677803845685
449636,2.80291391724466,0.117722384524276
449638,2.74163266390715,0.1151485718841
449640,3.00697758564948,0.126293058597278
449642,2.76783001296246,0.116248860544423
449644,2.73723041504997,0.114963677432099
449646,2.86181832331013,0.120196369579025
449648,2.98638883069111,0.125428330889027
449650,2.87156728520231,0.120605825978497
449652,3.11202812523955,0.130705181260061
449654,3.02519118569062,0.127058029799006
449656,2.52073292890135,0.105870783013857
449658,2.55997672814994,0.107519022582297
449660,2.74909655623166,0.11546205536173
449662,2.90817166181747,0.122143209796334
449664,2.79035169750214,0.11719477129509
449666,2.82802104263797,0.118776883790795
449668,2.41237947679598,0.101319938025431
449670,2.75351642293658,0.115647689763337
449672,2.7896759271993,0.117166388942371
449674,2.68995131505538,0.112977955232326
449676,3.62424695717364,0.152218372201293
449678,3.00259551486915,0.126109011624504
449680,2.88900478867463,0.121338201124334
449682,2.91326361035958,0.122357071635102
449684,3.9306842503665,0.165088738515393
449686,3.46916945406512,0.145705117070735
449688,3.72276982381143,0.15635633260008
449690,2.98025191813034,0.125170580561474
449692,3.23829428537555,0.136008359985773
449694,3.07052451156466,0.128962029485716
449696,3.62587344034907,0.152286684494661
449698,3.92404440466441,0.164809864995905
449700,3.32332643697961,0.139579710353144
449702,4.82511556313083,0.202654853651495
449704,4.24764851134378,0.178401237476439
449706,4.30290341930294,0.180721943610723
449708,3.73224679390639,0.156754365344068
449710,3.75989275530484,0.157915495722803
449712,4.30965721689711,0.181005603109679
449714,5.08002690036055,0.213361129815143
449716,5.27356524994207,0.221489740497567
449718,3.93138414757414,0.165118134198114
449720,3.8439941551446,0.161447754516073
451226,6.74567293911859,
451234,5.53073973937046,
451243,5.50727856415374,
451251,4.86886019586105,
451260,7.16599638671359,
451268,6.95955415338476,
451274,7.96895541433357,
451282,7.1721523244661,
451291,6.84313238269643,
451301,7.56083001581135,
451311,7.8438335731227,
451320,8.86206594314584,
451329,8.56391833438686,
451338,8.7162244385137,
451348,7.83773253932512,
451358,8.25258029546809,
451367,8.1366602084798,
451376,8.93318761858747,
451385,8.87931022794724,
451393,7.74278774254767,
451402,8.99728552236935,
451411,8.59831910331656,
451420,9.85744185115748,
451429,9.80914779708813,
451438,10.6610732039412,
451447,10.5830962621647,
451458,10.8005977578354,
451468,11.7989036646381,
451478,11.9645263639675,
451486,15.4599660341575,
451495,16.4034420795615,
451503,18.9103834571821,
455807,2.07769101008023,
455808,1.66462624974285,
455809,0.0,
455810,1.16334206953302,
455811,1.65967936638552,
455812,1.74624982513886,
455813,1.16251758897346,
455814,1.32823818144415,
455815,0.0,
455816,0.0832725365151204,
455817,1.07842057189879,
455818,1.82622443941576,
455819,4.73416737296853,
455820,1.40986175684016,
455821,0.745330425838305,
455822,1.07759609133923,
455823,1.07842057189879,
455824,1.49808117671261,
455825,2.4965271343345,
455826,0.165720592470685,
455827,1.07924505245834,
455828,0.0,
455829,1.74460086401975,
455830,3.15363814030035,
455831,1.82457547829665,
455832,0.330616704381815,
455833,1.08254297469656,
455834,0.914348940547213,
455835,1.6638017691833,
455836,0.332265665500926,
455837,0.832725365151203,
455838,0.415538202016046,
455839,1.33236058424193,
455840,0.0,
455841,0.581258794486731,
455842,1.8253999588562,
455843,1.40986175684016,
455844,3.07778592882123,
455845,0.41471372145649,
455846,0.0,
455847,0.995972515943222,
455848,0.664531331001852,
455849,1.24743908660769,
455850,1.5764068298704,
455851,0.0,
455852,0.580434313927175,
455853,1.99936535692244,
455854,0.665355811561407,
455855,0.0,
455856,2.8180745525612,
455857,1.90784801481177,
455858,2.82714383871631,
455859,1.16086862785435,
455860,0.995972515943222,
455861,1.16334206953302,
455862,1.82457547829665,
455863,2.07191964616334,
455864,0.0,
455865,0.746154906397861,
455866,0.99432355482411,
455867,0.0832725365151204,
455868,0.91105101830899,
455869,4.14961065624357,
455870,1.49560773503394,
455871,1.65967936638552,
455872,2.58309759308784,
455873,2.15519218267846,
455874,1.57558234931084,
455875,2.2417626414318,
455876,0.0,
455877,3.32018321333059,
455878,1.07924505245834,
455879,1.99112055132689,
455880,1.07759609133923,
455881,1.74130294178153,
455882,1.82457547829665,
455883,2.0727441267229,
455884,3.48260588356305,
455885,1.90619905369266,
455886,1.32576473976548,
455887,3.98059214153466,
455888,2.73645097716519,
455889,1.07759609133923,
455890,1.24496564492903,
455891,1.90949697593088,
455892,2.15931458547624,
455893,1.4090372762806,
455894,2.3217372557087,
455895,1.24496564492903,
455896,3.07036560378523,
455897,2.4091321950216,
455898,2.40665875334293,
455899,2.07851549063979,
455900,4.15455753960091,
455901,0.912699979428101,
455902,0.501284180209833,
455903,0.915997901666324,
455904,0.165720592470685,
455905,2.15519218267846,
455906,0.911875498868546,
455907,2.15519218267846,
455908,3.48343036412261,
455909,2.0727441267229,
455910,1.4164576013166,
455911,0.917646862785435,
455912,0.166545073030241,
455913,0.581258794486731,
455914,0.995148035383666,
455915,1.99194503188644,
455916,4.2345321538778,
455917,2.48663336761983,
455918,1.90455009257354,
455919,1.73965398066242,
455920,2.65400292120963,
455921,2.15684114379757,
455922,1.74460086401975,
455923,2.57402830693273,
455924,0.746154906397861,
455925,2.32091277514915,
455926,1.32988714256326,
455927,0.417187163135157,
455928,1.24991252828636,
455929,1.42552688747171,
455930,1.76438839744908,
455931,0.0,
455932,2.10489886854557,
455933,0.41471372145649,
455934,0.830251923472537,
455935,2.73645097716519,
455936,2.23846471919358,
455937,1.32658922032504,
455938,1.82457547829665,
455939,2.82384591647809,
455940,0.498810738531166,
455941,0.332265665500926,
455942,0.995972515943222,
455943,1.49478325447439,
455944,1.17323583624769,
455945,0.834374326270315,
455946,1.66050384694507,
455947,3.90721337173421,
455948,0.248993128985805,
455949,1.49890565727217,
455950,0.333914626620037,
455951,1.49313429335528,
455952,1.49560773503394,
455953,2.76283435507097,
455954,0.0,
455955,1.0800695330179,
455956,0.165720592470685,
455957,2.0727441267229,
455958,3.98224110265378,
455959,3.15034021806213,
455960,4.06881156140712,
455961,3.10581826784612,
455962,2.65730084344785,
455963,2.82302143591854,
455964,2.90794293355277,
455965,2.90299605019543,
455966,1.91526833984777,
455967,2.99368891174655,
455968,1.24661460604814,
455969,2.35224303641226,
455970,0.251466570664472,
455971,0.836023287389426,
455972,2.12715984365357,
455973,0.601046327916067,
455974,0.922593746142769,
455975,2.9203101419461,
455976,2.98956650894878,
455977,3.06954112322567,
455978,3.07366352602345,
455979,1.41315967907838,
455980,0.0,
455981,0.251466570664472,
455982,1.08584089693479,
455983,0.250642090104917,
455984,1.35132363711171,
455985,1.00256836041967,
455986,2.16426146883357,
455987,0.748628348076528,
455988,2.58227311252829,
455989,1.49478325447439,
455990,0.915997901666324,
455991,0.41471372145649,
455992,0.580434313927175,
455993,1.07924505245834,
455994,1.24496564492903,
455995,0.498810738531166,
455996,0.830251923472537,
455997,1.24661460604814,
455998,0.911875498868546,
455999,0.497986257971611,
456000,1.8253999588562,
456001,2.40665875334293,
456002,1.66132832750463,
456003,1.74377638346019,
456004,1.91032145649043,
456005,0.746154906397861,
456006,0.663706850442296,
456007,0.746979386957416,
456008,3.15363814030035,
456009,1.74377638346019,
456010,2.90711845299321,
456011,0.911875498868546,
456012,0.995148035383666,
456013,2.57320382637317,
456014,0.746154906397861,
456015,1.83199580333265,
456016,0.497161777412055,
456017,2.15684114379757,
456018,2.07439308784201,
456019,0.41471372145649,
456020,2.07521756840156,
456021,0.332265665500926,
456022,0.911875498868546,
456023,0.500459699650278,
456024,1.08171849413701,
456025,0.664531331001852,
456026,1.90867249537132,
456027,0.413889240896935,
456028,2.57402830693273,
456029,1.49395877391483,
456030,3.07696144826167,
456031,2.65565188232874,
456032,3.06789216210656,
456033,1.49313429335528,
456034,0.99432355482411,
456035,2.24011368031269,
456036,1.24496564492903,
456037,1.74295190290064,
456038,2.07769101008023,
456039,2.32585965850648,
456040,2.74139786052253,
456041,1.49478325447439,
456042,1.16169310841391,
456043,3.98883694713022,
456044,2.07356860728245,
456045,1.16169310841391,
456046,1.82704891997531,
456047,2.15766562435713,
456048,2.4891068092985,
456049,3.31935873277103,
456050,1.65885488582596,
456051,0.33144118494137,
456052,3.32100769389015,
456053,1.32576473976548,
456054,2.40665875334293,
456055,3.15281365974079,
456056,2.40500979222382,
456057,2.40418531166427,
456058,3.32018321333059,
456059,3.32265665500926,
456060,2.57155486525406,
456061,1.82375099773709,
456062,3.24020859905369,
456063,2.07604204896112,
456064,1.74212742234108,
456065,1.32741370088459,
456066,0.747803867516972,
456067,2.49322921209628,
456068,0.249817609545361,
456069,0.665355811561407,
456070,1.32741370088459,
456071,4.48434976342316,
456072,1.82292651717754,
456073,0.99432355482411,
456074,1.33400954536104,
456075,3.81652051018309,
456076,4.22628734828225,
456077,4.81661542892409,
456078,0.995148035383666,
456079,2.24258712199136,
456080,1.90949697593088,
456081,1.99441847356511,
456082,2.98461962559144,
456083,1.1600441472948,
456084,2.32338621682781,
456085,0.66288236988274,
456086,3.32430561612837,
456087,2.32503517794692,
456088,1.74212742234108,
456089,1.07842057189879,
456090,1.65720592470685,
456091,1.98864710964822,
456092,1.90702353425221,
456093,2.32256173626826,
456094,2.98297066447233,
456095,1.8253999588562,
456096,2.57073038469451,
456097,4.98728290475211,
456098,3.81404706850442,
456099,2.98379514503189,
456100,2.40583427278338,
456101,2.16261250771446,
456102,1.90784801481177,
456103,2.24341160255092,
456104,1.57805579098951,
456105,2.40583427278338,
456106,1.98947159020778,
456107,2.40665875334293,
456108,3.31770977165192,
456109,2.49075577041761,
456110,4.90318588767743,
456111,2.65482740176918,
456112,4.56679781937873,
456113,3.40263126928616,
456114,4.2345321538778,
456115,2.49075577041761,
456116,1.33236058424193,
456117,2.99039098950833,
456118,1.33071162312281,
456119,1.57888027154906,
456120,1.57723131042995,
456121,2.32833310018515,
456122,4.41014651306316,
456123,0.995972515943222,
456124,0.580434313927175,
456125,0.0832725365151204,
456126,1.07842057189879,
456127,1.7454253445793,
456128,0.914348940547213,
456129,0.747803867516972,
456130,1.41315967907838,
456131,0.663706850442296,
456132,1.66215280806418,
456133,2.4091321950216,
456134,4.65913964204896,
456135,1.5764068298704,
456136,1.16416655009257,
456137,1.24908804772681,
456138,1.66462624974285,
456139,2.59381584036207,
456140,0.667829253240074,
456141,2.25907673318247,
456142,1.25238596996503,
456143,2.25825225262292,
456144,1.08419193581568,
456145,1.33565850648015,
456146,1.49890565727217,
456147,1.5764068298704,
456148,4.81414198724542,
456149,2.4017118699856,
456150,3.56505393951862,
456151,1.07677161077967,
456152,0.828602962353425,
456153,3.31606081053281,
456154,1.32494025920592,
456155,1.57888027154906,
456156,2.92278358362477,
456157,1.25156148940547,
456158,1.83611820613043,
456159,0.91682238222588,
456160,2.33905134745937,
456161,1.50550150174861,
456162,1.3364829870397,
456163,3.09839794281012,
456164,1.17323583624769,
456165,2.26897049989714,
456166,0.585381197284509,
456167,1.66957313310019,
456168,1.09078778029212,
456169,1.1748847973668,
456170,0.670302694918741,
456171,1.24661460604814,
456172,0.99432355482411,
456173,1.57723131042995,
456174,3.33997074675993,
456175,1.58877403826373,
456176,1.41975552355482,
456177,4.42910956593294,
456178,1.9202152232051,
456179,3.34244418843859,
456180,3.01017852293767,
456181,4.44065229376671,
456182,3.85032421312487,
456183,1.92598658712199,
456184,2.75953643283275,
456185,0.418836124254269,
456186,2.26155017486114,
456187,2.84858033326476,
456188,0.920120304464102,
456189,1.59042299938284,
456190,3.18002151820613,
456191,3.1824949598848,
456192,1.25980629500103,
456193,1.93175795103888,
456194,1.68029138037441,
456195,2.01090808475622,
456196,4.43735437152849,
456197,2.08098893231845,
456198,1.16499103065213,
456199,2.57402830693273,
456200,1.49148533223617,
456201,2.24341160255092,
456202,2.98874202838922,
456203,2.73480201604608,
456204,3.14869125694302,
456205,1.15839518617568,
456206,2.8180745525612,
456207,3.97976766097511,
456208,3.40015782760749,
456209,3.23938411849414,
456210,3.56670290063773,
456211,2.40583427278338,
456212,2.07521756840156,
456213,2.65565188232874,
456214,3.90968681341288,
456215,1.99194503188644,
456216,1.99194503188644,
456217,5.23874947541658,
456218,1.74377638346019,
456219,2.32421069738737,
456220,3.15611158197902,
456221,3.32100769389015,
456222,1.24414116436947,
456223,2.49158025097717,
456224,4.985633943633,
456225,2.15766562435713,
456226,2.57320382637317,
456227,3.48425484468216,
456228,3.57164978399506,
456229,3.82723875745731,
456230,3.82146739354042,
456231,0.828602962353425,
456232,3.98636350545155,
456233,4.8982390043201,
456234,1.98864710964822,
456235,4.15043513680313,
456236,3.39850886648838,
456237,2.48580888706028,
456238,4.31285780703559,
456239,3.98059214153466,
456240,5.14393421106768,
456241,5.64604287183707,
456242,3.65492232051018,
456243,2.74716922443942,
456244,3.15776054309813,
456245,3.8181694713022,
456246,2.07439308784201,
456247,1.0800695330179,
456248,2.40995667558116,
456249,1.91032145649043,
456250,0.748628348076528,
456251,1.74872326681753,
456252,2.24835848590825,
456253,3.07861040938079,
456254,2.07604204896112,
456255,3.82806323801687,
456256,0.0,
456257,1.91032145649043,
456258,3.58071907015018,
456259,3.24762892408969,
456260,3.08273281217856,
456261,2.66472116848385,
456262,1.91444385928821,
456263,1.32988714256326,
456264,5.33603818144415,
456265,2.66554564904341,
456266,1.58052923266818,
456267,3.74561518206131,
456268,1.66050384694507,
456269,1.66297728862374,
456270,2.40830771446204,
456271,2.91866118082699,
456272,2.32998206130426,
456273,1.49395877391483,
456274,1.7454253445793,
456275,1.25156148940547,
456276,2.08511133511623,
456277,2.41325459781938,
456278,2.57485278749229,
456279,3.57494770623329,
456280,3.42241880271549,
456281,2.08181341287801,
456282,3.74808862373997,
456283,0.580434313927175,
456284,1.65967936638552,
456285,3.15776054309813,
456286,2.0801644517589,
456287,0.333090146060481,
456288,2.57815070973051,
456289,2.16261250771446,
456290,1.75119670849619,
456291,1.8253999588562,
456292,1.65967936638552,
456293,1.08089401357745,
456294,1.4164576013166,
456295,2.25000744702736,
456296,2.24670952478914,
456297,2.49735161489405,
456298,1.32988714256326,
456299,3.16847879037235,
456300,0.165720592470685,
456301,1.82457547829665,
456302,3.41170055544127,
456303,2.49487817321539,
456304,2.24341160255092,
456305,2.07686652952067,
456306,1.74212742234108,
456307,0.830251923472537,
456308,2.74716922443942,
456309,0.838496729068093,
456310,0.831076404032092,
456311,0.911875498868546,
456312,2.2417626414318,
456313,1.24579012548858,
456314,0.664531331001852,
456315,2.16096354659535,
456338,0.41471372145649,
456339,1.90949697593088,
456340,1.57805579098951,
456341,0.582083275046287,
456342,1.24579012548858,
456343,1.16086862785435,
456344,2.3217372557087,
456345,1.49148533223617,
456346,3.23361275457725,
456347,2.8180745525612,
456348,0.41471372145649,
456349,1.07924505245834,
456350,1.66709969142152,
456351,0.165720592470685,
456352,0.830251923472537,
456353,1.41068623739971,
456354,3.32018321333059,
456355,1.41068623739971,
456356,1.8253999588562,
456357,0.995972515943222,
456358,2.65400292120963,
456359,0.66288236988274,
456360,1.57393338819173,
456361,0.828602962353425,
456362,2.23928919975314,
456363,2.2417626414318,
456364,1.58217819378729,
456365,2.91041637523143,
456366,1.24496564492903,
456367,0.996796996502777,
456368,3.26741645751903,
456369,3.66069368442707,
456370,3.07613696770212,
456371,2.09088269903312,
456372,0.587854638963176,
456373,1.92103970376466,
456374,2.82384591647809,
456375,1.66050384694507,
456376,2.90629397243366,
456377,2.41078115614071,
456378,2.07769101008023,
456379,1.83034684221354,
456380,3.41499847767949,
456381,1.73965398066242,
456382,2.73562649660564,
456383,2.15519218267846,
456384,1.57723131042995,
456385,2.32338621682781,
456386,3.15858502365768,
456387,2.49158025097717,
456388,2.73892441884386,
456389,1.74212742234108,
456390,2.99039098950833,
456391,2.98956650894878,
456392,2.15849010491668,
456393,5.07055544126723,
456394,2.82467039703765,
456395,1.99441847356511,
456396,2.82961728039498,
456397,1.07924505245834,
456398,2.4091321950216,
456399,1.82787340053487,
456400,2.74304682164164,
456401,3.07448800658301,
456402,2.66059876568607,
456403,2.5765017486114,
456404,2.98874202838922,
456405,2.90629397243366,
456406,1.24661460604814,
456407,1.74460086401975,
456408,2.49075577041761,
456409,1.32576473976548,
456410,1.07842057189879,
456411,1.99194503188644,
456412,1.65885488582596,
456413,0.497986257971611,
456414,1.49230981279572,
456415,1.90702353425221,
456416,1.24496564492903,
456417,0.91105101830899,
456418,1.65720592470685,
456419,1.49148533223617,
456420,2.32256173626826,
456421,0.580434313927175,
456422,1.90949697593088,
456423,0.497986257971611,
456424,0.248993128985805,
456425,0.41471372145649,
456426,2.1601390660358,
456427,2.15849010491668,
456428,1.07842057189879,
456429,2.4891068092985,
456430,3.24433100185147,
456431,1.99524295412467,
456432,1.41068623739971,
456433,2.50642090104917,
456434,1.16828895289035,
456435,2.24918296646781,
456436,3.41170055544127,
456437,1.16581551121169,
456438,0.416362682575602,
456439,2.32998206130426,
456440,2.82714383871631,
456441,4.82815815675787,
456442,3.992959349928,
456443,3.15776054309813,
456444,4.65584171981074,
456445,2.74057337996297,
456446,1.32741370088459,
456447,2.57485278749229,
456448,3.0728390454639,
456449,1.65803040526641,
456450,1.74047846122197,
456451,2.74057337996297,
456452,0.83519880682987,
456453,0.831076404032092,
456454,2.40748323390249,
456455,1.90702353425221,
456456,0.413889240896935,
456457,1.74295190290064,
456458,2.57320382637317,
456459,1.82457547829665,
456460,2.07439308784201,
456461,3.0728390454639,
456462,1.91444385928821,
456463,1.4964322155935,
456464,1.91114593704999,
456465,0.995148035383666,
456466,2.32585965850648,
456467,1.99606743468422,
456468,0.843443612425427,
456469,2.32750861962559,
456470,1.3290626620037,
456471,1.99771639580333,
456472,2.41737700061716,
456473,1.75037222793664,
456474,0.41471372145649,
456475,2.82879279983542,
456476,0.663706850442296,
456477,0.497986257971611,
456478,2.82467039703765,
456479,1.91114593704999,
456480,1.49478325447439,
456481,1.90949697593088,
456482,1.41315967907838,
456483,1.99524295412467,
456484,0.914348940547213,
456485,1.24661460604814,
456486,2.66059876568607,
456487,1.24496564492903,
456488,3.24103307961325,
456489,1.4964322155935,
456490,1.32823818144415,
456491,2.99039098950833,
456492,1.16169310841391,
456493,3.59720868134129,
456494,2.52538395391895,
456495,0.832725365151203,
456496,1.25156148940547,
456497,2.60041168483851,
456498,0.756048673112528,
456499,2.00596120139889,
456500,2.24258712199136,
456501,2.32503517794692,
456502,1.3364829870397,
456503,3.23773515737503,
456504,2.23928919975314,
456505,2.82219695535898,
456506,2.66801909072207,
456507,3.007705081259,
456508,2.34564719193582,
456509,1.67452001645752,
456510,3.00605612013989,
456511,2.41572803949805,
456512,1.8328202838922,
456513,0.999270438181444,
456514,2.66719461016252,
456515,4.1677492285538,
456516,4.33759222382226,
456517,2.99368891174655,
456518,4.83063159843654,
456519,0.84097017074676,
456520,1.85508125900021,
456521,2.85105377494343,
456522,2.70594519646163,
456523,2.68450870191319,
456525,2.43716453404649,
456526,1.84848541452376,
456527,4.99965011314544,
456528,1.33236058424193,
456529,0.917646862785435,
456530,0.499635219090722,
456531,0.333090146060481,
456533,0.333090146060481,
456536,0.333090146060481,
456538,0.749452828636083,
456539,0.166545073030241,
456540,0.166545073030241,
456541,0.333914626620037,
456542,0.249817609545361,
456545,0.667829253240074,
456546,1.25156148940547,
456547,0.333914626620037,
456548,2.08593581567579,
456549,0.587030158403621,
456550,1.32823818144415,
456551,1.07759609133923,
456552,1.82622443941576,
456553,3.48590380580128,
456554,1.82457547829665,
456555,2.32668413906604,
456556,2.65812532400741,
456557,2.99368891174655,
456558,1.16251758897346,
456559,1.41151071795927,
456560,2.41243011725982,
456561,2.4165525200576,
456562,1.49890565727217,
456563,0.831076404032092,
456564,1.41315967907838,
456565,0.416362682575602,
456566,1.33318506480148,
456567,0.91682238222588,
456568,0.166545073030241,
456569,0.248993128985805,
456823,11.5469966328464,
456824,7.64024894313414,
456825,6.02032647581482,
456826,7.39772371125281,
456827,5.05678850754428,
456828,5.50942349584522,
456829,8.43135516433141,
456830,9.08963424969777,
456831,11.1966511731451,
456832,11.7713407782939,
456833,10.348081710513,
456834,9.79087778851753,
456835,9.02663242475939,
456836,7.11315125125014,
456837,8.60293478672217,
456838,7.98499816371103,
456839,9.07497947646155,
456840,8.91213245221378,
456841,8.70782148536801,
456842,8.7933798681159,
456843,14.6473672735938,
456844,6.73650416877296,
456845,8.16063523676169,
456846,6.2926452104657,
456847,6.15625173123342,
456848,6.27671015578316,
456849,6.48380508718502,
456850,6.80672306019486,
456851,4.33253418817788,
456852,4.06230824403467,
456853,5.15127796614973,
456854,5.02593649475905,
456855,6.31435075085764,
456856,9.00522289677816,
456857,10.8513519525732,
456858,10.3808869080065,
456859,6.11303485952963,
456860,7.8083110886528,
456861,8.52444477290251,
456862,10.6599945734513,
456863,9.30327731965122,
456864,10.7430285354942,
456865,8.42830477771497,
456866,6.83250633443636,
456867,8.6034588536243,
456868,9.18251247219958,
456869,9.1934844523083,
456870,6.77648827023344,
456871,8.4900535961762,
456872,9.85538623361495,
456873,9.37146742086575,
456874,10.0280612457328,
456875,12.8716012737118,
456876,11.8566398075302,
456877,21.4286462896403,
456878,19.4825391484927,
456879,24.2383432374281,
456880,20.7576393054766,
456881,17.5857257344483,
456882,19.0880226489977,
456883,18.5745487807076,
456884,16.9052213602175,
456885,17.9595441303245,
456886,19.6454873233137,
456887,11.3588965726956,
456888,11.896860021259,
456889,6.66286257902132,
456890,18.4364335882348,
456891,16.3754211802778,
456892,15.2037301407035,
456893,11.4985110616559,
456894,15.253669268975,
456895,14.2768532664771,
456896,15.1576323850921,
456897,17.7114925879749,
456898,22.6783647148217,
456899,20.6258166114183,
456900,26.6426224049284,
456901,23.9499144920359,
456902,23.382333893635,
456903,19.7134223815067,
456904,16.9258494335742,
456905,19.0586323292005,
456906,22.2626482151497,
456907,20.1181510847914,
456908,22.2418189992889,
456909,20.7815991695964,
456910,17.1903034161106,
456911,19.662625533358,
456912,19.6992630035305,
456913,16.7928667144934,
456914,15.9736242315632,
456915,19.2393229350741,
456916,14.5963987249075,
456918,16.1690309288597,
456919,18.1566429912329,
456920,20.0942058725177,
456921,19.2802464727944,
456922,18.6184725599239,
456923,25.7254731337223,
456924,21.5673393344015,
456925,16.5620073296665,
456926,17.385682629553,
456927,15.6333187322132,
456928,17.3993563097495,
456929,20.1241999377907,
456930,18.6728071971853,
456931,22.0930627505012,
456932,23.7670008282973,
456933,22.0140715625428,
456934,20.9090755713402,
456935,21.7636583760653,
456936,19.4046877184755,
456937,17.6124667049196,
456938,23.0892986627072,
456939,22.0751460738029,
456940,18.913746444896,
456941,17.0877313575712,
456942,21.2342567806204,
456943,24.391700540599,
456944,24.9427902104911,
456945,24.2500735083992,
456946,24.8016567045181,
456947,24.6097351961855,
456948,11.5469966328464,
456949,17.6659057087264,
456950,20.7823869759148,
456951,19.3308463564978,
456952,20.3083452845066,
456953,20.6162731561808,
456954,21.6368554282562,
456955,19.5454005904203,
456956,17.7047967124213,
456957,16.6182984731721,
456958,13.4856444961603,
456959,14.6020943458233,
456960,16.6260698290615,
456961,14.7929563025564,
456963,15.8223554824179,
456965,15.7782238952799,
456967,12.2704988639361,
456969,12.7596532307373,
456971,12.940952290808,
456973,13.1103662660954,
456974,11.318298351586,
456975,7.86429423060282,
456976,9.34113857527239,
456977,9.88728457948721,
456978,10.5511497302626,
456979,13.1782840002803,
456980,14.0598379217277,
456981,16.3687741821427,
456982,15.6682045545566,
456983,16.3053116938768,
456986,10.9109753630093,
456990,14.1525936682055,
456992,12.3366133050879,
456994,11.5089058743959,
456995,14.5923448983574,
456996,11.5092202635105,
456997,10.57635166029,
456998,11.5153819516964,
456999,17.1607083127355,
457000,14.8844553742202,
457001,13.726533183381,
457002,14.5244949657408,
457003,14.790143511028,
457004,16.0228277100897,
457006,15.2857138139896,
457007,14.1392574684002,
457008,15.9707898813745,
457009,11.478205888173,
457010,14.6895215512428,
457011,13.2116675823402,
457012,14.8102234179165,
457013,16.5218521520012,
457014,13.1614188934366,
457015,16.9021300790955,
457016,14.8302585127918,
457017,9.98319847770028,
457018,11.1417270162832,
457019,14.1405305257184,
459281,5.31,
459282,5.72,
459283,5.91,
459284,5.14,
459285,3.79,
459286,3.44,
459287,1.89,
459288,2.38,
459289,2.26,
459290,2.15,
459291,1.67,
459292,1.67,
459293,1.95,
459294,2.53,
459295,2.11,
459296,1.92,
459297,1.77,
459298,2.13,
459299,1.71,
459300,2.32,
459301,2.02,
459302,1.83,
459303,1.75,
459304,1.6,
459305,1.8,
459306,1.49,
459307,1.71,
459308,1.8,
459309,1.52,
459310,1.7,
459311,1.13,
459312,1.31,
459313,1.24,
459314,1.03,
459315,0.98,
459316,1.07,
459317,0.88,
459318,1.0,
459319,1.03,
459320,0.99,
459321,0.86,
459322,1.06,
459323,1.03,
459324,1.0,
459325,1.0,
459326,1.03,
459327,0.99,
459328,0.98,
459329,1.06,
459330,0.99,
459331,1.18,
459332,1.1,
459333,1.0,
459334,1.1,
459335,1.03,
459336,0.95,
459337,0.97,
459338,1.05,
459339,1.03,
459340,1.11,
459341,1.24,
459342,0.96,
459343,0.98,
459344,0.98,
459345,1.04,
459346,1.12,
459347,1.07,
459348,1.13,
459349,1.02,
459350,1.06,
459351,1.0,
459352,0.99,
459353,0.93,
459354,0.9,
459355,0.97,
459356,0.98,
459357,1.0,
459358,1.0,
459359,1.0,
459360,0.98,
459361,1.01,
459362,0.94,
459363,1.05,
459364,1.01,
459365,0.97,
459366,1.02,
459367,1.08,
459368,1.08,
459369,1.05,
459370,0.97,
459371,1.26,
459372,1.03,
459373,1.09,
459374,1.13,
459375,1.14,
459376,1.0,
459377,1.08,
459378,1.05,
459379,1.0,
459380,1.0,
459381,0.97,
459382,1.25,
459383,1.08,
459384,1.13,
459385,1.14,
459386,1.12,
459387,1.1,
459388,1.51,
459389,1.33,
459390,1.24,
459391,1.27,
459392,1.27,
459393,1.25,
459394,1.18,
459395,1.28,
459396,1.11,
459397,1.71,
459398,1.14,
459399,1.15,
459400,1.2,
459401,1.09,
459402,1.14,
459403,1.07,
459404,1.15,
459405,1.08,
459406,1.12,
459407,0.97,
459408,1.12,
459409,1.05,
459410,1.01,
459411,1.13,
459412,1.01,
459413,1.01,
459414,1.07,
459415,1.19,
459416,1.07,
459417,1.12,
459418,1.1,
459419,1.11,
459420,1.15,
459421,1.06,
459422,1.05,
459423,1.12,
459424,1.12,
459425,1.25,
459426,1.2,
459427,1.17,
459428,1.1,
459429,1.1,
459430,1.11,
459431,1.15,
459432,1.04,
459433,1.01,
459434,0.93,
459435,1.07,
459436,1.22,
459437,1.38,
459438,1.18,
459439,1.16,
459440,1.03,
459441,1.05,
459442,1.12,
459443,1.07,
459444,1.04,
459445,0.96,
459446,1.09,
459447,1.0,
459448,1.04,
459449,1.15,
459450,0.99,
459451,1.02,
459452,1.08,
459453,1.15,
459454,1.19,
459455,1.08,
459456,1.11,
459457,1.15,
459458,1.14,
459459,1.17,
459460,0.99,
459461,1.18,
459462,1.0,
459463,0.95,
459464,1.14,
459465,1.21,
459466,1.13,
459467,1.21,
459468,1.24,
459469,1.29,
459470,1.21,
459471,1.32,
459472,1.33,
459473,1.15,
459474,1.11,
459475,1.11,
459476,1.15,
459477,1.18,
459478,1.37,
459479,1.24,
459480,1.24,
459481,1.35,
459482,1.18,
459483,1.25,
459484,1.44,
459485,1.23,
459486,1.31,
459487,1.05,
459488,1.2,
459489,0.98,
459490,0.95,
459491,0.94,
459492,1.18,
459493,1.02,
459494,1.14,
459496,1.47,
459497,1.26,
459498,1.01,
459499,1.0,
459500,1.04,
459501,1.04,
459502,0.98,
459503,0.96,
459504,0.94,
459505,1.0,
459506,1.04,
459507,1.0,
459508,0.96,
459509,0.97,
459510,1.03,
459511,1.12,
459512,1.04,
459513,1.02,
459514,1.08,
459515,0.98,
459516,1.06,
459517,0.96,
459518,1.03,
459519,0.99,
459520,1.07,
459521,0.96,
459522,1.14,
459523,1.11,
459524,1.25,
459525,1.18,
459526,1.07,
459527,1.16,
459528,1.22,
459529,1.08,
459530,1.16,
459531,1.13,
459532,1.3,
459533,1.18,
459534,1.12,
459535,1.01,
459536,1.02,
459537,1.0,
459538,1.06,
459539,1.14,
459540,0.96,
459541,1.06,
459542,1.12,
459543,1.07,
459544,0.93,
459545,0.99,
459546,1.01,
459547,0.92,
459548,0.92,
459549,0.98,
459550,0.91,
459551,0.97,
459552,0.88,
459553,0.9,
459554,0.96,
459555,0.91,
459556,1.01,
459557,0.91,
459558,0.92,
459559,1.0,
459560,0.87,
459561,0.98,
459562,0.87,
459563,0.86,
459564,0.86,
459565,0.86,
459566,0.85,
459567,0.85,
459568,0.85,
459569,0.85,
459570,0.85,
459571,0.85,
459572,0.85,
459573,0.83,
459574,0.84,
459575,1.07,
459576,0.89,
459577,0.84,
459578,0.84,
459579,0.89,
459580,0.86,
459581,0.85,
459582,0.82,
459583,0.84,
459584,0.9,
459585,0.84,
459586,0.89,
459587,0.91,
459588,0.81,
459589,0.83,
459590,0.93,
459591,0.85,
459592,0.88,
459593,0.83,
459594,0.79,
459595,0.83,
459596,0.86,
459597,0.86,
459598,0.8,
459599,0.86,
459600,1.01,
459601,0.98,
459602,0.87,
459603,0.88,
459604,0.83,
459605,0.87,
459606,0.95,
459607,0.91,
459608,0.89,
459609,0.88,
459610,0.81,
459611,0.82,
459612,0.84,
459613,0.83,
459614,1.03,
459615,0.79,
459616,1.24,
459617,1.24,
459618,0.84,
459619,0.78,
459620,0.78,
459621,0.76,
459622,0.82,
459623,0.87,
459624,0.84,
459625,0.79,
459626,0.88,
459627,0.81,
459628,0.8,
459629,0.76,
459630,0.75,
459631,0.82,
459632,0.74,
459633,0.79,
459634,0.91,
459635,0.78,
459636,0.88,
459637,0.94,
459638,0.82,
459639,0.9,
459640,0.89,
459641,0.83,
459642,0.85,
459643,0.79,
459644,0.85,
459645,0.85,
459646,0.96,
459647,0.9,
459648,0.87,
459649,0.82,
459650,0.75,
459651,0.93,
459652,1.02,
459653,0.85,
459654,0.92,
459655,0.93,
459656,1.02,
459657,0.95,
459658,0.84,
459659,0.88,
459660,0.84,
459661,0.9,
459662,0.86,
459663,0.88,
459664,0.8,
459665,0.93,
459666,0.85,
459667,0.91,
459668,0.88,
459669,0.99,
459670,0.87,
459671,0.8,
459672,0.92,
459673,0.8,
459674,0.83,
459675,0.83,
459676,0.85,
459677,0.85,
459678,0.83,
459679,0.92,
459680,0.9,
459681,0.92,
459682,0.87,
459683,0.83,
459684,0.81,
459685,0.76,
459686,1.06,
459687,0.88,
459688,0.95,
459689,0.89,
459690,0.96,
459691,0.85,
459692,0.97,
459693,0.87,
459694,0.93,
459695,0.93,
459696,0.91,
459697,1.05,
459698,0.88,
459699,0.87,
459700,1.12,
459701,0.87,
459702,0.84,
459703,0.82,
459704,0.91,
459705,0.86,
459706,0.84,
459707,0.84,
459708,0.91,
459709,0.88,
459710,0.8,
459711,0.82,
459712,0.91,
459713,0.88,
459714,1.02,
459715,0.93,
459716,0.98,
459717,0.96,
459718,0.85,
459719,0.78,
459720,0.88,
459721,0.83,
459722,0.83,
459723,0.84,
459724,0.81,
459725,0.87,
459726,0.8,
459727,0.82,
459728,0.85,
459729,0.76,
459730,0.83,
459731,0.83,
459733,0.98,
459734,0.76,
459735,0.82,
459736,0.8,
459737,0.84,
459738,0.7,
459739,0.87,
459740,0.86,
459741,0.77,
459742,0.72,
459743,0.77,
459744,0.9,
459745,0.84,
459746,0.85,
459747,0.95,
459748,0.86,
459749,0.77,
459750,0.87,
459751,0.74,
459752,0.76,
459753,0.84,
459754,1.0,
459755,0.78,
459756,0.92,
459757,0.79,
459758,0.8,
459759,0.84,
459760,0.88,
459761,0.81,
459762,0.78,
459763,0.85,
459764,0.78,
459765,0.82,
459766,0.87,
459767,0.8,
459768,0.8,
459769,0.88,
459770,0.86,
459771,0.9,
459772,0.83,
459773,0.87,
459774,0.93,
459775,0.88,
459776,0.89,
459777,0.91,
459778,0.88,
459779,0.99,
459780,0.76,
459781,0.9,
459782,0.84,
459783,0.88,
459784,0.89,
459785,0.96,
459786,1.02,
459787,1.07,
459788,1.01,
459790,1.04,
459791,1.0,
459792,1.03,
459793,0.96,
459794,1.08,
459795,1.12,
459796,1.09,
459797,0.96,
459798,0.94,
459799,0.84,
459800,0.87,
459801,0.82,
459802,0.9,
459803,0.89,
459804,0.89,
459805,0.83,
459806,0.84,
459807,0.95,
459808,0.89,
459809,0.83,
459810,0.91,
459811,0.88,
459812,0.92,
459813,0.86,
459814,0.81,
459815,0.82,
459816,0.88,
459817,0.86,
459818,0.78,
459819,0.83,
459820,0.87,
459821,0.81,
459822,0.82,
459823,0.87,
459824,0.88,
459825,0.83,
459826,0.84,
459827,0.86,
459828,0.8,
459829,0.92,
459830,0.85,
459831,0.91,
459832,0.83,
459833,0.81,
459834,0.9,
459835,0.78,
459836,0.76,
459837,0.77,
459838,0.82,
459839,0.81,
459840,0.81,
459841,0.7,
459842,0.81,
459843,0.81,
459844,0.84,
459845,0.82,
459846,0.8,
459847,0.85,
459848,0.84,
459849,0.93,
459850,0.92,
459851,0.84,
459852,0.87,
459853,0.85,
459854,0.91,
459855,1.01,
459856,0.9,
459857,0.92,
459858,0.89,
459859,0.89,
459860,0.87,
459861,0.84,
459862,0.83,
459863,0.88,
459864,0.85,
459865,0.82,
459866,0.85,
459867,0.9,
459868,0.87,
459869,0.84,
459870,0.89,
459871,0.99,
459872,0.88,
459873,0.94,
459874,0.84,
459875,0.85,
459876,0.9,
459877,0.95,
459878,0.86,
459879,0.84,
459880,0.95,
459881,0.96,
459882,0.88,
459883,0.96,
459884,0.94,
459885,0.93,
459886,0.93,
459887,0.89,
459888,0.95,
459889,0.86,
459890,0.83,
459891,0.92,
459892,0.9,
459893,0.96,
459894,1.08,
459895,0.98,
459896,0.98,
459897,1.12,
459898,1.01,
459899,1.01,
459900,1.04,
459901,1.04,
459902,1.01,
459903,1.0,
459904,1.08,
459905,0.99,
459906,1.02,
459907,1.01,
459908,0.95,
459909,0.99,
459910,0.98,
459911,1.01,
459912,1.0,
459913,0.93,
459914,1.0,
459915,1.02,
459916,1.04,
459917,0.93,
459918,1.02,
459919,0.97,
459920,0.86,
459921,0.92,
459922,1.06,
459923,0.93,
459924,0.81,
459925,0.93,
459926,0.96,
459927,0.9,
459928,0.93,
459929,1.05,
459930,1.04,
459931,1.0,
459932,0.87,
459933,0.88,
459934,0.89,
459935,1.01,
459936,1.02,
459937,0.93,
459938,1.05,
459939,0.85,
459940,0.86,
459941,0.85,
459942,0.84,
459943,0.88,
459944,0.93,
459945,0.83,
459946,1.24,
459947,0.97,
459948,0.94,
459949,0.95,
459950,0.95,
459951,1.02,
459952,0.9,
459953,1.08,
459954,0.94,
459955,0.92,
459956,0.95,
459957,1.08,
459958,1.02,
459959,1.01,
459960,0.86,
459961,0.85,
459962,0.87,
459963,0.86,
459964,1.04,
459965,0.81,
459966,0.88,
459967,0.8,
459968,0.85,
459969,0.87,
459970,0.84,
459971,0.91,
459972,0.89,
459973,0.8,
459974,0.9,
459975,0.88,
459976,0.84,
459977,0.93,
459978,0.86,
459979,0.87,
459980,0.88,
459981,0.82,
459982,1.15,
459983,0.96,
459984,0.87,
459985,0.92,
459986,1.09,
459987,0.97,
459988,0.86,
459989,0.84,
459990,0.91,
459991,0.87,
459992,0.79,
459993,0.95,
459994,0.89,
459995,0.92,
459996,0.91,
459997,0.85,
459998,0.92,
459999,0.94,
460000,0.81,
460001,0.82,
460002,0.82,
460003,0.83,
460004,0.82,
460005,0.85,
460006,0.8,
460007,0.85,
460008,0.82,
460009,0.84,
460010,0.84,
460011,0.89,
460012,0.87,
460013,0.83,
460014,0.89,
460015,0.85,
460016,0.92,
460017,0.84,
460018,0.86,
460022,0.9,
460023,0.91,
460024,0.9,
460025,0.91,
460026,0.95,
460027,0.87,
460028,0.88,
460029,0.94,
460030,0.87,
460031,0.94,
460032,0.98,
460033,0.96,
460034,0.94,
460035,0.98,
460036,0.99,
460037,0.99,
460038,0.99,
460039,1.04,
460040,1.07,
460041,1.12,
460042,0.98,
460043,0.91,
460044,0.92,
460045,0.95,
460046,0.92,
460047,0.99,
460048,0.94,
460049,0.88,
460050,0.83,
460051,0.89,
460052,0.87,
460053,0.84,
460054,0.84,
460055,0.89,
460056,0.86,
460057,0.84,
460058,0.84,
460059,0.85,
460060,0.79,
460061,0.88,
460062,0.86,
460063,0.96,
460064,0.87,
460065,0.94,
460066,0.89,
460067,0.9,
460068,0.87,
460069,1.21,
460070,1.02,
460071,1.06,
460072,0.98,
460073,1.0,
460074,1.03,
460075,1.17,
460076,1.08,
460077,1.03,
460078,1.28,
460079,1.02,
460080,1.16,
460081,1.03,
460082,0.89,
460083,0.9,
460084,0.91,
460085,0.96,
460086,0.91,
460087,0.89,
460088,0.9,
460089,0.87,
460090,0.81,
460091,0.88,
460092,0.91,
460093,0.84,
460094,0.86,
460095,1.08,
460096,0.83,
460097,0.88,
460098,0.86,
460099,0.91,
460100,0.85,
460101,0.89,
460102,0.82,
460103,1.04,
460104,0.96,
460105,0.93,
460106,0.91,
460107,0.88,
460108,0.89,
460109,1.1,
460110,1.03,
460111,1.02,
460112,1.07,
460113,0.93,
460114,1.0,
460115,0.88,
460116,0.9,
460117,0.93,
460118,0.82,
460119,0.88,
460120,1.45,
460121,1.34,
460122,0.99,
460123,1.05,
460124,0.93,
460125,0.92,
460126,1.45,
460127,1.04,
460128,0.92,
460129,0.95,
460130,0.96,
460131,0.85,
460132,0.93,
460133,0.86,
460134,0.95,
460135,0.88,
460136,0.81,
460137,0.89,
460138,0.85,
460139,0.9,
460140,0.91,
460141,0.9,
460142,0.99,
460143,0.92,
460144,0.91,
460145,0.97,
460146,1.64,
460147,1.15,
460148,1.0,
460149,1.41,
460150,1.3,
460151,0.99,
460152,1.08,
460153,1.06,
460154,0.9,
460155,0.93,
460156,0.87,
460157,0.89,
460158,0.82,
460159,0.87,
460160,0.77,
460161,0.8,
460162,0.81,
460163,0.87,
460165,0.93,
460166,0.86,
460167,0.77,
460168,0.81,
460170,0.84,
460171,0.82,
460172,0.86,
460173,0.85,
460174,0.88,
460175,0.79,
460176,0.83,
460177,0.86,
460180,1.02,
460181,0.95,
460182,0.99,
460183,0.93,
460184,0.86,
460187,1.03,
460188,1.02,
460189,0.86,
460191,1.13,
460192,0.92,
460193,1.04,
460194,1.09,
460195,0.93,
460196,0.97,
460197,0.98,
460198,0.96,
460199,0.92,
460200,0.94,
460201,0.85,
460202,0.84,
460203,0.92,
460204,0.8,
460205,0.88,
460206,0.99,
460207,0.93,
460208,0.92,
460209,0.89,
460210,0.92,
460211,1.02,
460212,0.91,
460213,0.98,
460214,1.29,
460215,0.96,
460216,1.0,
460217,1.05,
460218,1.01,
460219,1.01,
460220,1.1,
460221,0.95,
460222,0.91,
460223,1.0,
460224,0.88,
460225,0.96,
460226,0.87,
460227,1.29,
460228,0.92,
460229,0.94,
460230,0.92,
460231,1.0,
460232,0.95,
460233,0.95,
460234,0.88,
460235,0.89,
460236,0.93,
460237,0.91,
460238,0.92,
460239,1.02,
460240,1.02,
460241,1.04,
460242,0.94,
460243,0.96,
460244,0.95,
460245,1.01,
460246,1.13,
460247,0.98,
460248,0.95,
460249,1.02,
460250,1.12,
460251,1.02,
460252,1.04,
460253,1.21,
460254,0.95,
460255,1.11,
460256,1.2,
460257,1.31,
460258,1.41,
460259,1.35,
460260,1.13,
460261,1.16,
460262,1.56,
460263,1.32,
460264,1.1,
460265,1.45,
460266,1.09,
460267,1.21,
460268,1.35,
460269,1.22,
460270,1.4,
460271,1.29,
460272,1.44,
460273,1.55,
460274,1.17,
460275,1.23,
460276,1.23,
460277,1.22,
460278,1.22,
460279,1.13,
460290,1.0,
460291,1.04,
460292,1.03,
460293,1.21,
460294,1.07,
460295,1.24,
460296,0.93,
460297,0.96,
460298,1.04,
460299,0.92,
460300,0.93,
460301,0.97,
460302,0.9,
460303,0.89,
460304,1.07,
460305,1.03,
460306,1.04,
460307,1.07,
460308,1.18,
460309,1.11,
460310,1.12,
460311,1.23,
460312,1.19,
460313,0.96,
460314,0.91,
460315,1.04,
460316,1.02,
460317,0.98,
460318,0.94,
460319,0.97,
460320,1.09,
460321,1.09,
460322,1.0,
460323,1.02,
460324,0.99,
460325,1.0,
460326,0.97,
460327,0.97,
460328,1.24,
460329,0.94,
460330,0.9,
460331,1.02,
460332,1.05,
460333,1.09,
460334,1.05,
460335,1.06,
460336,1.06,
460337,0.94,
460338,0.97,
460339,0.9,
460340,0.91,
460341,0.9,
460342,0.85,
460343,0.94,
460344,0.96,
460345,0.99,
460346,0.94,
460347,0.91,
460348,1.03,
460349,1.0,
460350,0.9,
460351,0.96,
460352,0.92,
460353,0.85,
460354,0.98,
460355,1.01,
460356,0.98,
460357,1.03,
460358,0.99,
460359,1.0,
460360,0.93,
460361,0.94,
460362,0.85,
460363,0.97,
460364,1.03,
460365,0.93,
460366,0.92,
460367,0.92,
460368,0.88,
460369,1.0,
460370,1.0,
460371,1.06,
460372,0.96,
460373,0.9,
460374,1.16,
460375,0.96,
460376,0.92,
460377,1.12,
460378,0.88,
460379,0.94,
460380,0.99,
460381,0.83,
460382,0.87,
460383,0.87,
460384,0.87,
460385,0.96,
460386,0.95,
460387,1.11,
460388,0.92,
460389,0.95,
460390,0.87,
460391,0.86,
460392,0.89,
460393,0.85,
460394,0.92,
460395,0.93,
460396,1.02,
460397,0.98,
460400,1.08,
460401,0.98,
460402,0.94,
460403,0.94,
460404,0.92,
460405,0.96,
460406,0.85,
460407,0.9,
460408,0.91,
460409,0.91,
460410,0.9,
460411,0.9,
460412,0.84,
460413,0.84,
460414,0.83,
460415,0.8,
460416,0.86,
460417,0.91,
460418,1.12,
460419,0.93,
460420,0.91,
460421,1.06,
460422,0.86,
460423,0.91,
460424,0.87,
460425,0.95,
460426,0.81,
460427,0.87,
460428,0.96,
460429,0.9,
460430,0.84,
460431,0.82,
460432,0.83,
460433,0.79,
460434,0.84,
460435,0.8,
460436,0.79,
460437,0.84,
460438,0.84,
460439,0.82,
460440,0.86,
460441,0.79,
460442,0.78,
460443,0.84,
460444,0.82,
460445,0.79,
460446,0.85,
460447,0.87,
460448,0.84,
460449,0.89,
460450,0.86,
460451,0.79,
460452,0.88,
460453,0.81,
460454,0.8,
460455,0.86,
460456,0.92,
460457,0.84,
460458,0.79,
460459,0.82,
460460,0.77,
460461,0.76,
460462,0.85,
460463,0.82,
460464,0.81,
460465,0.93,
460466,0.97,
460467,0.85,
460468,0.91,
460469,0.88,
460470,0.83,
460471,0.84,
460472,0.9,
460473,1.11,
460474,0.89,
460475,0.84,
460476,0.85,
460477,0.86,
460478,0.78,
460479,0.89,
460480,0.98,
460481,0.79,
460482,0.85,
460483,0.86,
460484,0.87,
460485,0.83,
460486,0.85,
460487,0.89,
460488,0.93,
460489,0.92,
460490,0.89,
460491,0.82,
460492,0.95,
460493,1.01,
460494,0.98,
460495,0.84,
460496,0.94,
460497,1.07,
460498,1.22,
460499,1.11,
460500,0.95,
460501,1.0,
460502,1.01,
460503,0.92,
460504,0.93,
460505,1.31,
460506,0.94,
460507,1.11,
460508,0.99,
460509,1.0,
460510,0.87,
460511,0.85,
460512,0.8,
460513,0.84,
460514,0.83,
460515,0.85,
460516,0.86,
460517,0.81,
460518,0.85,
460519,0.93,
460520,0.99,
460521,1.07,
460522,1.06,
460523,0.91,
460524,1.06,
460525,1.07,
460526,1.0,
460527,0.97,
460528,1.01,
460529,1.01,
460530,1.09,
460531,1.27,
460532,1.06,
460533,1.24,
460534,1.26,
460535,1.09,
460536,0.85,
460537,0.85,
460538,0.88,
460539,1.17,
460540,1.27,
460541,1.16,
460542,1.32,
460543,1.01,
460544,1.27,
460545,1.06,
460546,0.98,
460547,0.92,
460548,0.93,
460549,0.95,
460550,0.87,
460551,0.81,
460552,0.92,
460553,0.86,
460554,1.05,
460555,1.02,
460556,1.07,
460557,1.06,
460558,1.0,
460559,1.1,
460560,0.89,
460561,0.97,
460562,0.99,
460563,1.05,
460564,1.54,
460565,1.38,
460566,1.1,
460567,1.02,
460568,1.27,
460569,1.04,
460570,1.05,
460571,1.0,
460572,0.97,
460573,0.98,
460574,0.97,
460575,1.21,
460576,1.42,
460577,1.06,
460578,1.1,
460579,1.08,
460580,1.15,
460581,0.94,
460582,1.08,
460583,1.21,
460584,1.26,
460585,1.23,
460586,1.55,
460587,1.1,
460588,1.11,
460589,1.22,
460590,0.98,
460591,0.92,
460592,0.93,
460593,1.07,
460594,1.21,
460595,0.91,
460596,0.97,
460597,0.95,
460598,1.07,
460599,1.1,
460600,1.05,
460601,1.06,
460602,1.03,
460603,1.11,
460604,1.06,
460605,1.09,
460606,1.1,
460607,1.22,
460608,1.08,
460609,1.09,
460610,0.99,
460611,0.97,
460612,0.88,
460613,0.85,
460614,1.04,
460615,0.93,
460616,1.07,
460617,1.01,
460618,1.02,
460619,0.99,
460620,0.91,
460621,0.89,
460622,1.01,
460623,0.99,
460624,0.98,
460625,1.02,
460626,0.98,
460627,1.02,
460628,0.91,
460629,1.06,
460630,0.91,
460631,0.94,
460632,1.03,
460633,1.03,
460634,0.97,
460635,0.93,
460636,0.84,
460637,0.84,
460638,0.93,
460639,0.97,
460640,0.97,
460641,1.16,
460642,0.9,
460643,0.86,
460644,0.83,
460645,0.9,
460646,0.89,
460647,1.02,
460648,0.95,
460649,1.11,
460650,1.05,
460651,1.03,
460652,0.96,
460653,1.02,
460654,1.01,
460655,0.86,
460656,0.91,
460657,0.9,
460658,0.94,
460659,0.95,
460660,1.13,
460661,1.07,
460662,1.08,
460663,1.18,
460664,1.02,
460665,1.25,
460666,1.05,
460667,1.33,
460668,1.25,
460669,1.11,
460670,0.93,
460671,0.94,
460672,1.11,
460673,1.04,
460674,0.94,
460675,0.92,
460676,1.02,
460677,0.99,
460678,0.85,
460679,0.99,
460680,1.12,
460681,0.88,
460682,1.03,
460683,0.92,
460684,0.99,
460685,0.92,
460686,1.0,
460687,0.99,
460688,1.12,
460689,0.92,
460690,0.9,
460691,0.84,
460692,1.01,
460693,0.9,
460694,1.05,
460695,0.81,
460696,0.97,
460697,0.84,
460698,0.92,
460699,0.9,
460700,1.07,
460701,0.84,
460702,0.85,
460703,0.8,
460704,0.91,
460705,0.84,
460706,0.77,
460707,0.71,
460708,0.78,
460709,0.72,
460710,0.82,
460711,0.9,
460712,0.88,
460713,0.96,
460714,0.94,
460715,0.87,
460716,0.83,
460717,0.86,
460718,0.85,
460719,0.86,
460720,0.81,
460721,0.94,
460722,0.84,
460723,0.79,
460724,0.85,
460725,0.9,
460726,0.89,
460727,0.89,
460728,0.85,
460729,0.83,
460730,0.83,
460731,0.83,
460732,0.82,
460733,0.86,
460734,0.76,
460735,0.76,
460736,0.72,
460737,0.75,
460738,0.79,
460739,0.74,
460740,0.92,
460741,0.79,
460742,0.88,
460743,0.88,
460744,0.86,
460745,0.81,
460746,0.82,
460747,0.82,
460748,0.84,
460749,0.83,
460750,0.9,
460751,0.88,
460752,0.78,
460753,0.89,
460754,0.75,
460755,0.85,
460756,0.86,
460757,0.8,
460758,0.85,
460759,0.86,
460760,0.77,
460761,0.79,
460762,0.77,
460763,0.79,
460764,0.93,
460765,0.82,
460766,0.87,
460767,0.74,
460768,1.17,
460769,0.75,
460770,0.83,
460771,0.97,
460772,1.23,
460773,0.91,
460774,0.99,
460775,0.84,
460776,0.86,
460777,0.8,
460778,0.81,
460779,0.97,
460780,0.91,
460781,1.04,
460782,0.81,
460783,0.78,
460784,0.84,
460785,0.89,
460786,0.9,
460787,0.81,
460788,0.88,
460789,0.9,
460790,0.88,
460791,0.85,
460792,0.88,
460793,0.82,
460794,0.79,
460795,0.86,
460796,1.0,
460797,0.96,
460798,0.95,
460799,0.93,
460800,0.93,
460801,0.89,
460802,0.9,
460803,0.95,
460804,0.89,
460805,1.0,
460806,1.06,
460807,1.06,
460808,0.89,
460809,0.96,
460810,0.83,
460811,0.97,
460812,0.91,
460813,1.22,
460814,1.12,
460815,1.06,
460816,1.06,
460817,1.1,
460818,1.13,
460819,1.06,
460820,0.99,
460821,0.95,
460822,1.04,
460823,1.24,
460824,0.99,
460825,1.05,
460826,1.07,
460827,0.98,
460828,1.25,
460829,1.22,
460830,1.18,
460831,1.13,
460832,1.3,
460833,1.16,
460834,1.12,
460835,1.13,
460836,0.99,
460837,1.0,
460838,1.09,
460839,1.02,
460840,0.98,
460841,1.02,
460842,1.1,
460843,1.06,
460844,1.04,
460845,1.01,
460846,0.99,
460847,0.91,
460848,0.88,
460849,0.79,
460850,0.8,
460851,0.77,
460852,0.75,
460853,1.03,
460854,0.91,
460855,0.9,
460856,0.8,
460857,0.94,
460858,0.82,
460859,0.83,
460860,0.88,
460861,0.86,
460862,0.84,
460863,0.98,
460864,0.96,
460865,0.81,
460866,0.81,
460867,0.81,
460868,0.85,
460869,0.85,
460870,0.8,
460871,0.89,
460872,0.83,
460873,0.87,
460874,0.87,
460875,1.18,
460876,0.87,
460877,0.99,
460878,0.79,
460879,0.88,
460880,0.91,
460881,0.82,
460882,0.83,
460883,1.42,
460884,1.3,
460885,1.01,
460886,0.89,
460887,0.86,
460888,0.82,
460889,0.79,
460890,0.89,
460891,0.85,
460892,0.94,
460893,0.88,
460894,0.93,
460895,0.92,
460896,0.95,
460897,1.0,
460898,1.04,
460899,0.73,
460900,0.79,
460901,0.67,
460902,0.72,
460903,0.72,
460904,0.77,
460905,0.64,
460906,0.69,
460907,0.7,
460908,0.7,
460909,0.79,
460910,0.74,
460911,0.68,
460912,0.71,
460913,0.81,
460914,0.71,
460915,0.69,
460916,0.76,
460917,0.77,
460918,0.79,
460919,0.73,
460920,1.01,
460921,0.77,
460922,0.74,
460923,0.83,
460924,0.75,
460925,0.78,
460926,0.8,
460927,0.8,
460928,0.73,
460929,0.77,
460930,0.83,
460932,0.72,
460933,0.77,
460934,0.7,
460935,1.42,
460936,1.66,
460937,0.84,
460938,1.04,
460939,1.67,
460940,1.11,
460941,0.98,
460942,1.0,
460943,1.85,
460944,1.15,
460945,1.11,
460946,1.23,
460947,1.12,
460948,1.16,
460949,1.14,
460950,1.0,
460951,1.13,
460952,1.01,
460953,0.9,
460954,1.03,
460955,1.16,
460956,1.0,
460957,0.98,
460958,0.95,
460959,0.94,
460960,0.91,
460961,0.86,
460962,0.84,
460963,0.83,
460964,0.84,
460965,0.89,
460966,0.81,
460967,0.91,
460968,0.86,
460969,0.88,
460970,0.84,
460971,0.82,
460972,0.87,
460973,0.96,
460974,0.78,
460975,0.86,
460976,0.8,
460977,0.86,
460978,0.82,
460979,0.82,
460980,0.79,
460981,0.8,
460982,0.83,
460983,0.81,
460984,0.86,
460985,0.81,
460986,0.91,
460987,0.79,
460988,0.93,
460989,0.96,
460990,0.8,
460991,0.89,
460992,0.8,
460993,0.91,
460994,0.93,
460995,0.97,
460996,0.86,
460997,0.94,
460998,0.93,
460999,0.9,
461000,0.9,
461001,0.96,
461002,0.9,
461003,0.94,
461004,0.9,
461005,0.87,
461006,0.82,
461007,0.84,
461008,0.75,
461009,0.86,
461010,0.83,
461011,1.0,
461012,0.84,
461013,0.89,
461014,0.85,
461015,0.87,
461016,1.0,
461017,0.93,
461018,0.89,
461019,0.97,
461020,0.92,
461021,1.57,
461022,1.03,
461023,0.84,
461024,0.9,
461025,0.92,
461026,0.94,
461027,0.87,
461028,1.09,
461029,0.86,
461030,0.83,
461031,0.82,
461032,0.91,
461033,0.82,
461034,0.87,
461035,0.87,
461036,0.98,
461037,0.9,
461038,1.03,
461039,0.89,
461040,0.89,
461041,1.0,
461042,0.86,
461043,0.94,
461044,0.93,
461045,1.1,
461046,0.96,
461047,0.94,
461048,1.02,
461049,0.93,
461050,0.96,
461051,0.93,
461052,0.91,
461053,0.95,
461054,0.97,
461055,1.0,
461056,1.05,
461057,1.03,
461058,1.02,
461059,1.0,
461060,1.03,
461061,0.99,
461062,1.16,
461063,1.13,
461064,1.18,
461065,1.15,
461066,1.3,
461067,1.32,
461068,1.24,
461069,1.02,
461070,1.03,
461071,0.95,
461072,1.01,
461073,1.0,
461074,0.95,
461075,0.98,
461076,1.12,
461077,0.91,
461078,0.9,
461079,0.94,
461080,0.98,
461081,0.92,
461082,1.31,
461083,1.3,
461084,1.22,
461085,1.17,
461086,1.13,
461087,1.28,
461088,1.17,
461089,1.23,
461090,1.07,
461091,1.12,
461092,1.08,
461093,0.95,
461094,0.99,
461095,1.09,
461096,1.06,
461097,1.08,
461098,0.99,
461099,0.97,
461100,1.02,
461101,1.03,
461102,1.05,
461103,0.0,
461104,0.93,
461105,0.9,
461106,0.88,
461107,0.91,
461108,0.96,
461109,0.92,
461110,0.79,
461111,0.83,
461112,0.87,
461113,0.87,
461114,1.01,
461115,0.93,
461116,0.91,
461117,0.9,
461118,1.05,
461119,0.94,
461120,1.12,
461121,1.22,
461122,1.1,
461123,1.26,
461124,1.08,
461125,1.19,
461126,1.24,
461127,1.13,
461128,1.05,
461129,1.1,
461130,1.06,
461131,1.21,
461132,0.99,
461133,0.96,
461134,1.07,
461135,1.22,
461136,1.07,
461137,1.09,
461138,1.11,
461139,1.2,
461140,1.08,
461141,0.94,
461142,1.06,
461143,0.93,
461144,1.11,
461145,0.98,
461146,1.14,
461147,1.12,
461148,1.12,
461149,0.91,
461150,0.95,
461151,0.89,
461152,0.91,
461153,0.96,
461154,0.91,
461155,0.88,
461156,0.73,
461157,0.86,
461158,0.91,
461159,0.9,
461160,0.92,
461161,0.97,
461162,0.96,
461163,1.2,
461164,0.92,
461165,0.99,
461166,1.08,
461167,1.14,
461168,1.18,
461169,1.18,
461170,1.15,
461171,1.11,
461172,1.11,
461173,0.96,
461174,0.93,
461175,0.94,
461176,0.93,
461177,0.94,
461178,0.94,
461179,0.92,
461180,0.98,
461181,1.03,
461182,1.15,
461183,0.98,
461184,1.1,
461185,1.01,
461186,0.93,
461187,0.89,
461188,0.92,
461189,0.98,
461190,0.9,
461191,0.91,
461192,0.92,
461193,1.01,
461194,1.04,
461195,0.93,
461196,0.89,
461197,0.96,
461198,1.0,
461199,0.93,
461200,0.87,
461201,0.83,
461202,0.9,
461203,0.93,
461204,1.04,
461205,1.04,
461206,0.92,
461207,0.87,
461208,0.81,
461209,0.84,
461210,0.96,
461211,1.01,
461212,1.06,
461213,0.97,
461214,0.93,
461215,1.34,
461216,1.02,
461217,1.1,
461218,1.0,
461219,1.1,
461220,1.04,
461221,1.05,
461222,0.99,
461223,1.01,
461224,1.16,
461225,1.32,
461226,1.09,
461227,1.06,
461228,0.95,
461229,0.97,
461230,0.97,
461231,1.15,
461232,1.26,
461233,1.1,
461234,1.18,
461235,1.13,
461236,1.33,
461237,1.16,
461238,1.11,
461239,1.16,
461240,1.88,
461241,1.66,
461242,1.14,
461243,1.27,
461244,1.45,
461245,1.09,
461246,1.25,
461247,1.32,
461248,0.94,
461249,0.91,
461250,0.83,
461251,0.94,
461252,0.95,
461253,1.0,
461254,1.09,
461255,0.99,
461256,1.01,
461257,0.92,
461258,0.94,
461259,0.95,
461260,0.9,
461261,0.85,
461262,1.03,
461263,0.87,
461264,0.91,
461265,0.88,
461266,1.0,
461267,1.09,
461268,1.07,
461269,0.98,
461270,0.93,
461271,0.98,
461272,0.99,
461273,0.96,
461274,0.94,
461275,1.0,
461276,1.14,
461277,1.05,
461278,0.98,
461279,0.88,
461280,1.14,
461281,0.85,
461282,0.78,
461283,0.81,
461284,0.8,
461285,0.96,
461286,0.9,
461287,0.99,
461288,0.9,
461289,1.03,
461290,1.02,
461291,0.93,
461292,0.84,
461293,0.87,
461294,0.89,
461295,0.87,
461296,0.83,
461297,0.86,
461298,0.81,
461299,0.89,
461300,0.89,
461301,0.87,
461302,0.87,
461303,0.87,
461304,0.86,
461305,0.86,
461306,0.89,
461307,0.82,
461308,0.93,
461309,0.97,
461310,0.87,
461311,0.9,
461312,0.84,
461313,0.87,
461314,0.9,
461315,0.79,
461316,0.76,
461317,0.79,
461318,0.85,
461319,0.93,
461320,1.0,
461321,0.92,
461322,0.88,
461323,0.94,
461324,0.84,
461325,0.83,
461326,0.82,
461327,0.86,
461328,0.99,
461329,0.85,
461330,0.81,
463003,8.5477078283411,
463013,7.33390832842297,
463022,6.37876814810951,
463032,5.85107615589376,
463042,5.95882531418626,
463052,5.50342119296752,
463062,4.96641542242087,
463072,4.46776122830479,
463082,4.19118481417966,
463092,4.10632905338225,
463102,4.09981408130585,
463112,4.13774842858866,
463122,4.24917047081104,
463132,4.06834545975826,
463142,4.08363904263301,
463152,4.34296835335351,
463162,5.56783807305758,
463172,5.61899967629586,
463182,5.67971010424302,
463192,5.51172075990439,
463202,5.36963581974525,
463212,5.6143599246817,
463222,5.63853513726915,
463232,5.31351778172774,
463242,4.99289202169752,
463252,5.08406188085729,
463550,15.1956,
463551,13.509,
463552,12.2707,
463553,12.3377,
463554,11.4177,
463555,12.0432,
463556,14.3763,
463557,12.5864,
463558,10.8378,
463559,11.6099,
463560,12.4797,
463561,10.4308,
463562,10.6139,
463563,11.3714,
463564,10.331,
463565,11.1299,
463566,10.382,
463567,10.9292,
463568,8.29183,
463569,11.269,
463570,8.05881,
463571,10.0655,
463572,9.40228,
463573,9.93566,
463574,11.2663,
463575,8.4842,
463576,8.01956,
463577,7.15809,
463578,7.20133,
463579,6.86594,
463580,7.75382,
463581,7.38798,
463582,8.10495,
463583,6.93367,
463584,6.44068,
463585,7.48109,
463586,6.6005,
463587,7.0136,
463588,7.43889,
463589,7.10771,
463590,7.51801,
463591,6.87016,
463592,6.78858,
463593,6.15459,
463594,8.00585,
463595,5.88033,
463596,5.58798,
463597,7.87043,
463598,8.32625,
463599,6.20516,
463600,7.03501,
463601,6.06062,
463602,6.23482,
463603,6.41913,
463604,6.45902,
463605,6.78572,
463606,7.3178,
463607,6.28433,
463608,6.26429,
463609,7.05898,
463610,5.6274,
463611,6.89955,
463612,6.45302,
463613,6.35235,
463614,6.05904,
463615,5.84673,
463616,7.35089,
463617,5.32748,
463618,6.40568,
463619,6.20735,
463620,7.21456,
463621,6.02891,
463622,7.20803,
463623,6.79826,
463624,8.10951,
463625,8.68728,
463626,8.42656,
463627,6.01278,
463628,6.25732,
463629,6.92997,
463630,9.10077,
463631,7.65462,
463632,7.52806,
463633,8.33621,
463634,8.06944,
463635,8.24378,
463636,8.61094,
463637,7.81845,
463638,6.5472,
463639,7.53546,
463640,6.94222,
463641,7.1334,
468768,15.3,0.612
468769,15.184631978358,0.60738527913432
468770,15.2373400319439,0.609493601277756
468771,16.4713974738853,0.658855898955412
468772,16.9808942690061,0.679235770760244
468773,17.4838432309273,0.699353729237092
468774,17.3920930760584,0.695683723042336
468775,18.450291425605,0.7380116570242
468776,19.1678692085049,0.766714768340196
468777,19.3961357960709,0.775845431842836
468778,24.833350987583,0.99333403950332
468779,14.5803725831436,0.583214903325744
468780,13.7990982959683,0.551963931838732
468781,14.1695727709828,0.566782910839312
468782,14.3104752319348,0.572419009277392
468783,15.2986365772669,0.611945463090676
468784,15.5467511672404,0.621870046689616
468785,15.1956616871559,0.607826467486236
468786,15.4705798622657,0.618823194490628
468787,15.1813713119389,0.607254852477556
468788,15.7458671244959,0.629834684979836
468789,15.7727449141417,0.630909796565668
468790,16.3953532413442,0.655814129653768
468791,16.7112941995255,0.66845176798102
468792,16.8800044603948,0.675200178415792
468793,18.9610621921727,0.758442487686908
468794,21.0606583044044,0.842426332176176
468795,15.3444317452972,0.613777269811888
468796,14.5638766766201,0.582555067064804
468797,15.2108531805055,0.60843412722022
468798,14.9942447003101,0.599769788012404
468799,15.5658554305475,0.6226342172219
468800,16.4175722040205,0.65670288816082
468801,15.9522685763379,0.638090743053516
468802,15.4266040943197,0.617064163772788
468803,15.0645781522354,0.602583126089416
468804,14.3190370802195,0.57276148320878
468805,13.7766911272076,0.551067645088304
468806,13.9358634517226,0.557434538068904
468807,14.4202325987016,0.576809303948064
468808,16.0065761496341,0.640263045985364
468809,15.750874819246,0.63003499276984
468810,15.4048542258306,0.616194169033224
468811,14.2287422120231,0.569149688480924
468812,14.6743688943016,0.586974755772064
468813,14.1413218572238,0.565652874288952
468814,14.1372171209189,0.565488684836756
468815,14.7031273897563,0.588125095590252
468816,14.9105210136474,0.596420840545896
468817,15.5168740497862,0.620674961991448
468818,14.167371802556,0.56669487210224
468819,14.4937310444957,0.579749241779828
468820,14.8395182335777,0.593580729343108
468821,13.8368361809682,0.553473447238728
468822,14.2118842910834,0.568475371643336
468823,13.8820085226233,0.555280340904932
468824,14.4450569989564,0.577802279958256
468825,14.352054769995,0.5740821907998
468826,14.5390085063744,0.581560340254976
468827,13.8028401553688,0.552113606214752
468828,14.0900575574919,0.563602302299676
468829,14.4818117959607,0.579272471838428
468830,14.9025430819679,0.596101723278716
468831,14.881432640234,0.59525730560936
468832,15.3070831595711,0.612283326382844
468833,14.8038024162653,0.592152096650612
468834,14.7946829664303,0.591787318657212
468835,14.773541560227,0.59094166240908
468836,14.130219439655,0.5652087775862
468837,16.3746342750026,0.654985371000104
468838,16.5586534104951,0.662346136419804
468839,17.8293080040112,0.713172320160448
468840,24.6211152860272,0.984844611441088
468841,18.1407456188218,0.725629824752872
468842,13.8833235692169,0.555332942768676
468843,13.1209870092198,0.524839480368792
468844,13.2507223665661,0.530028894662644
468845,12.153105226523,0.48612420906092
468846,11.6716129032553,0.466864516130212
468847,11.2741158146859,0.450964632587436
468848,11.4386558083834,0.457546232335336
468849,11.6613229070399,0.466452916281596
468850,11.4190157395121,0.456760629580484
468851,11.4683793064323,0.458735172257292
468852,12.8276537997072,0.513106151988288
468853,12.639192468982,0.50556769875928
468854,11.8240965164167,0.472963860656668
468855,12.9898857035494,0.519595428141976
468856,12.1857027107039,0.487428108428156
468857,13.6229519940429,0.544918079761716
468858,12.9239429391943,0.516957717567772
468859,11.6920103070283,0.467680412281132
468860,11.5638492257768,0.462553969031072
468861,11.0927137875555,0.44370855150222
468862,11.3598661534179,0.454394646136716
468863,11.4526667125924,0.458106668503696
468864,11.3453588311734,0.453814353246936
468865,12.8198347486122,0.512793389944488
468866,13.3519609745046,0.534078438980184
468867,14.1624900526735,0.56649960210694
468868,13.8394665135883,0.553578660543532
468869,13.8808484524375,0.5552339380975
468870,13.8930249447904,0.555720997791616
468871,14.9678927722787,0.598715710891148
468872,15.0016419673438,0.600065678693752
468873,14.3855700114452,0.575422800457808
468874,14.1998839644538,0.567995358578152
468875,14.5648053084984,0.582592212339936
468876,15.3640524389151,0.614562097556604
468877,15.5247858046166,0.620991432184664
468878,14.6077680105798,0.584310720423192
468879,14.7783293623173,0.591133174492692
468880,14.3918281757177,0.575673127028708
468881,14.2379840662868,0.569519362651472
468882,13.8855282325873,0.555421129303492
468883,13.285278738563,0.53141114954252
468884,5.55838888942168,
468885,5.78359273856865,
468886,4.98421417762204,
468887,4.23878545513365,
468888,4.69318628911575,
468889,3.2587327647016,
468890,2.61616462046692,
468891,2.51123439262365,
468892,4.62236133626853,
468893,4.14115721349245,
468894,5.16847684397568,
468895,4.72333882524038,
468896,4.47967387056526,
468897,4.73248759823145,
468898,4.30345417940966,
468899,4.69275769517075,
468900,4.15050106285678,
468901,4.32371098259927,
468902,4.44387823939608,
468903,4.32862036835695,
468904,4.04404400091062,
468905,3.74731876701162,
468906,4.58714968704524,
468907,4.37088971178051,
468908,4.67712484277482,
468909,4.4401076242111,
468910,5.0757569445385,
468911,5.4471628859357,
468912,5.01731222454689,
468913,5.36551065866793,
468914,4.98445787340278,
468915,4.52555713095027,
468916,5.32224838149669,
468917,5.06485411909351,
468918,4.76388040356194,
468919,4.78520170680715,
468920,5.98273408258634,
468921,5.31248147154428,
468922,3.86740354695929,
468923,4.15156497955329,
468924,4.30335582579,
468925,5.10555134854854,
468926,5.15489141185117,
468927,4.15177181445039,
468928,3.95848594342968,
468929,4.22779368961058,
468930,4.25088471230193,
468931,3.65714949253828,
468932,4.13628832415157,
468933,3.5676185884479,
468934,4.20106299435249,
468935,4.52598129657818,
468936,3.91962924348859,
468937,3.54657395395376,
468938,3.3920664368978,
468939,3.27553401360754,
468940,3.07067435138964,
468941,3.26223093960602,
468942,3.31370337468357,
468943,3.16786237543537,
468944,2.94934793678814,
468945,3.52234659619759,
468946,3.17046954817076,
468947,2.60077377311372,
468948,3.34397944779417,
468949,3.56637649053332,
468950,3.05149469508133,
468951,2.99035405854053,
468952,2.66339103550006,
468953,3.06886498255701,
468954,3.33009956864973,
468955,3.08774064013116,
468956,3.62645555790646,
468957,3.54949130701595,
468958,3.48462879677481,
468959,3.69816764043906,
468960,4.03055102248245,
468961,4.21983069666989,
468962,4.35899235440367,
468963,3.88909924730586,
468964,3.75755964172764,
468965,3.87247508300927,
468966,3.19526524290866,
468967,3.30013774637933,
468968,2.98991759753035,
468969,3.03144053960254,
468970,3.07366305236552,
468971,2.9533976358801,
468972,3.03873471827301,
468973,2.96435574422108,
472525,8.8446119863845,
472526,8.74480058392593,
472527,8.04518582449772,
472528,8.87490154208036,
472529,8.00180700602326,
472530,7.52724646753924,
472531,7.45973763564981,
472532,7.55646309451441,
472533,7.66937818173873,
472534,8.86628698892835,
472535,8.7471286191618,
472536,9.04832794179455,
472537,7.37842740016844,
472538,6.39836036676015,
472539,4.99568539601607,
472540,7.11409953609117,
472541,5.51251020128789,
472542,6.19234145017416,
472543,5.8257638843475,
472544,6.25003803160488,
472545,6.60548724737856,
472546,6.35279943547464,
472547,6.57405546880451,
472548,6.02813175651591,
472549,5.42016585782461,
472550,5.59404074112359,
472551,5.26525636174167,
472552,5.83849090796157,
472553,4.25502383065492,
472554,5.26578382386814,
472555,5.91725608092305,
472556,5.93631003342916,
472557,5.62998236446325,
472558,6.61370679609016,
472559,5.69448008543045,
472560,6.36009056940578,
472561,6.29127334567615,
472562,6.63882329342671,
472563,6.36685328020583,
472564,7.46631507973411,
472565,8.33210847788428,
472566,6.94056139591957,
472567,6.01206416615168,
472568,6.24497677081264,
472570,8.53665633738881,
472571,8.14248119693464,
472572,7.71619116368541,
472573,8.6442562545106,
472574,6.40468714837127,
472575,7.40006515875979,
472576,5.98395234632594,
472577,8.71364980526662,
472578,8.84450675381342,
472579,8.33503781407061,
472580,7.00574996392802,
472581,7.6564625541651,
472582,8.0760839197217,
472583,7.26049812807794,
472584,7.61576480109506,
472585,7.35179231976183,
472586,5.47805355315264,
472587,6.33878938173686,
472588,6.46729576648779,
472589,7.32614882417321,
472590,7.04487922397918,
472591,7.25740942968567,
472592,7.67704423951962,
472593,7.38581856380923,
472594,7.67547359983379,
472595,7.50587272934883,
472596,6.68130336172564,
472597,5.44521559079488,
472598,6.51681876258225,
472599,5.72280207996235,
472600,5.90192636796169,
472601,6.42992518542642,
472602,5.89882924219685,
472603,5.28976705123753,
472604,5.42656103346569,
472605,5.19208490333696,
472606,5.43079536982035,
472607,6.1446083719645,
472608,5.53581800610729,
472609,5.9224922648917,
472610,6.72151582240761,
472611,6.91317021493801,
472612,5.81023031342113,
472613,6.11427283004299,
472614,6.5548175790495,
472615,5.30545728724202,
472616,4.5417791599031,
472617,5.50272075505479,
472618,6.6799579693317,
472619,6.58302669897101,
472620,6.33705565025229,
472621,6.35719476804427,
472622,5.93244299082535,
472623,5.82621184855164,
472624,6.7990811918922,
472625,6.26144323529684,
472626,7.05241428755573,
472627,5.67981415655213,
472628,5.89158772359612,
472629,5.65743228094342,
472630,5.36728387152569,
472631,5.46033730159143,
472632,6.39165127871313,
472633,5.69867517857977,
472634,5.38339901187721,
472635,5.3683006764259,
472636,5.67399767028123,
472637,6.50679774256969,
472638,5.65147584206233,
472639,4.53500840317079,
472640,4.56127105189964,
472641,5.39952851166835,
472642,5.97444508230058,
472643,4.52921369016305,
472644,5.01469508149886,
472645,5.91714480151428,
472646,6.13095924015911,
472647,5.41196213891959,
472648,7.2879780586555,
472649,9.97501077972085,
472650,10.5392911655519,
472651,7.99055603057587,
472652,8.89812780527059,
472653,9.03619180436502,
472654,9.48521169658528,
472655,8.84666783973038,
472656,9.54021946738378,
472657,10.1273213098633,
472658,10.4049632570114,
472659,10.9913607548722,
472660,10.1234230518694,
472661,10.5347766271344,
472662,10.5825778718627,
472663,9.66713086902015,
472664,9.70943234192449,
472665,9.77350791196595,
472666,9.64944983179876,
472667,9.87503556094469,
472668,10.5049636799351,
472669,10.1096154477539,
472670,9.8842143587951,
472671,9.30175849733596,
472672,10.0814205934937,
472673,9.46629190746075,
472674,11.3317494224952,
472675,7.79981671997984,
472676,8.52185416421815,
472677,8.52098683099654,
472678,9.04908435176403,
472679,8.87803127092879,
472680,9.27104345485617,
472681,8.19781035184023,
472682,8.97297796982077,
472683,9.11837829627769,
472684,8.69891050147219,
472685,8.72252072546501,
472686,8.04549443447914,
472687,9.35190207730625,
472688,9.41810134416401,
472689,9.13732998067173,
472690,8.82373816513023,
472691,9.04211987624809,
472692,9.68571592440012,
472693,10.3860969450331,
472694,10.3287927855757,
472695,10.4073466894827,
472696,10.519630419421,
472697,11.1215199017856,
472698,10.976825670122,
472700,11.6378077705648,
472701,9.4705524215919,
472702,10.7471097745645,
472703,7.73095199103873,
472704,7.62456400084775,
472705,7.41798114741402,
472706,8.21108758236986,
472707,9.8033653922446,
472708,10.7735950592233,
472709,7.75708089708898,
472710,8.35812476221938,
472711,7.91067329187984,
472712,8.49823611810285,
472713,8.88721383632551,
472714,8.20692447071704,
472715,8.4592986404143,
472716,7.42160383445076,
472717,8.77980637126544,
472718,7.7914331531288,
472719,7.68900835908122,
472720,7.75405584507772,
472721,7.41606763414256,
472722,6.94627512449464,
472723,6.24868435808808,
472724,6.94900215617685,
472725,6.91351530087709,
472726,6.82608058108698,
472727,6.27660007439613,
472728,6.41954718861196,
472729,6.74741615434401,
472730,5.2308211914992,
472731,7.14671156262256,
472732,7.48189045771939,
472733,7.26841763196129,
472734,6.93526615200106,
472735,6.65803598929473,
472736,7.63387042913957,
472737,7.87444689528652,
472738,9.29205986577661,
472739,8.15390623760378,
472740,8.34892946007976,
472741,7.10068008417066,
472742,7.44798856373961,
472743,7.0630526011662,
472744,7.66501289951827,
472745,6.38865260208906,
472746,5.45960968495925,
472747,5.36089817146266,
472748,6.83046376099319,
472749,6.19999946327067,
472750,5.54534793824882,
472751,7.66534252474671,
472752,7.58140859299136,
472753,7.41285051748222,
472754,6.29855812682846,
472755,5.43514513420145,
472756,5.75178202983985,
472757,5.81204898033032,
472758,6.66650422902389,
472759,6.33706699583785,
472760,6.45618757062104,
472761,6.39089511551917,
472762,6.37330339704704,
472763,5.83545203368055,
472764,5.96006823710403,
472765,6.21047895216986,
472766,7.98616005420247,
472767,7.32270341462302,
472768,7.13376899575201,
472769,6.50909493457483,
472770,5.30216996679069,
472771,7.12472104972127,
472772,8.1311209594261,
472773,7.26303981361887,
472774,7.90915615666946,
472775,8.64369844379648,
472776,7.96247045560336,
472777,7.58724159230164,
472778,6.46071151119315,
472779,7.47249854772592,
472780,8.15721443912988,
472781,6.51429649322127,
472782,6.67579719805632,
472783,8.31922647136787,
472784,6.26085111568402,
472785,7.86210931377059,
472786,7.52549877418691,
472787,7.20521097281733,
472788,6.89901730482021,
472789,7.61764550843065,
472790,7.23946178298241,
472791,7.6351084667921,
472792,6.74013348367044,
472793,6.62159662748478,
472794,7.2775625156086,
472795,8.19118825550749,
472796,8.54142375709555,
472797,6.52063030608521,
472798,9.86501673168528,
472799,9.20522071630903,
472800,10.242377676224,
472801,9.80989756677083,
472802,10.3952992079979,
472803,11.3510361169204,
472804,10.3779246721005,
472805,11.1283085758792,
472806,8.84695074929756,
472807,10.1416748140225,
472808,11.2007950037454,
472809,10.8660906038633,
472810,9.0317442825993,
472811,9.41771563593418,
472812,8.5674403039843,
472813,10.5622017828491,
472814,9.06526313644786,
472815,7.94508351098404,
472816,8.39942544638549,
472817,7.85951152410422,
472818,9.58206992004597,
472819,11.0084105361755,
472820,10.1143101895249,
472821,9.59205902891678,
472822,10.2533498434137,
472823,12.8905481487069,
472824,8.56280842275518,
472825,10.2119843431655,
472826,10.1918664312582,
472827,10.0030361298159,
472828,9.93825872388519,
472829,11.4875114447656,
472830,10.0150893191013,
472831,9.84327156125172,
472832,9.74508623322796,
472833,10.0286246106601,
472834,10.0346948183936,
472835,8.88150404062562,
472836,11.0810953807779,
472837,10.238984778722,
472838,10.9739647863428,
472839,11.0269390212545,
472840,10.7004454968845,
472841,10.5018308973625,
472842,9.97633098826425,
472843,11.1325055341761,
472844,9.93334982079509,
472845,11.0167372830209,
472846,11.7597891699721,
472847,11.8670431279364,
472848,10.9607989084831,
472849,11.1539346649054,
472850,11.877717550046,
472851,10.9805180828832,
472852,12.2712157864182,
472853,14.2092798915572,
472854,13.698755792176,
472855,13.433782625484,
472856,12.1005161743805,
472857,10.9602631780476,
472858,11.4400744506379,
472859,11.2483108378557,
472860,11.3218730878544,
472861,11.3588838676143,
472862,10.7273578740225,
472863,12.112351560768,
472864,10.5823212995324,
472865,10.862887897163,
472866,10.9192181342791,
472867,10.0549573349049,
472868,6.02998660620485,
472869,6.39774133903893,
472870,7.32459900346507,
472871,9.30047137115798,
472872,10.2527619269977,
472873,9.45084311907204,
472874,9.86128407301621,
472875,9.01943138001893,
472876,8.11076522777985,
472877,7.57409141961702,
472878,7.75364435400994,
472879,7.57983601281865,
472880,7.45448842766117,
472881,7.4848000364606,
472882,6.93051211116907,
472883,7.06262513817979,
472884,7.80654684568947,
472885,7.19483805171262,
472886,6.56413776735591,
472887,6.9472708327827,
472888,7.53037083670355,
472889,8.61205600728924,
472890,8.99884007845411,
472891,7.27975010069618,
472892,7.8445508630565,
472893,7.09716658158361,
472894,7.06880785422803,
472895,8.17520330023395,
472896,7.84732598454674,
472897,7.40947504328031,
472898,7.58060064382386,
472899,7.63828346691102,
472900,7.05946933070023,
472901,6.72241105656761,
472902,5.94843037804383,
472903,6.99249741630887,
472904,7.03214111042548,
472905,7.09127437729648,
472906,7.15518033323709,
472907,7.19891049037793,
472908,8.33958791738203,
472909,7.91745706185098,
472910,7.70881079965577,
472911,7.69455500434007,
472912,7.07973747722929,
472913,7.55852111009192,
472914,8.56643368060497,
472915,8.11910108752951,
472916,7.3211296708916,
472917,8.19048742420078,
472918,7.36408855653788,
472919,8.37174492978371,
472920,6.97784905919599,
472921,7.43649385532693,
472922,7.79961457069879,
472923,7.54295610715631,
472924,7.62541144239036,
472925,7.63437399222931,
472926,8.15254718187407,
472927,8.48184962328657,
472928,8.85126204547628,
472929,7.51541957450989,
472930,6.85267219623536,
472931,7.07692387172689,
472932,6.93854712322235,
472933,7.96816803191265,
472934,9.72224668874542,
472935,10.318085714708,
472936,8.62934778243731,
472937,9.02282398753602,
472938,9.4164261024764,
472939,9.51946461329532,
472940,9.99482522564385,
472941,9.54025928630116,
472942,9.40773134959887,
472943,9.59013214841259,
472944,10.7237419543806,
472945,10.6392827518347,
472946,10.6209152230842,
472947,11.4139934531199,
472948,9.83244341191421,
472949,8.70674231563509,
472950,9.25507595079848,
472951,9.75076440772067,
472952,9.70082104280439,
472953,9.81914822177726,
472954,17.3456582837618,
472955,16.7621078046346,
472956,15.3957834670055,
472957,16.4426285016702,
472958,16.5806648035893,
472959,15.7631405609957,
472960,15.6441316765437,
472961,16.3571944666637,
472962,15.1968504207085,
472963,13.8548015892833,
472964,13.7536344293171,
472965,14.2526529399643,
472966,13.6742858966983,
472967,15.4094347076142,
472968,15.0209843078106,
472969,15.6998163745117,
472970,12.8985226636414,
472971,13.2512216606808,
472972,12.8625766456953,
472973,16.0025491527436,
472974,16.1515589233983,
472975,11.9953491274267,
472976,10.9201811059598,
472977,10.5021618771287,
472978,9.80243691694611,
472979,9.86954443911716,
472980,7.94127389497876,
472981,8.33220802007633,
472982,7.54109714276702,
472983,7.63241345572846,
472984,7.94291330804398,
472985,8.80634847320262,
472986,7.78829999812007,
472987,6.32670609722678,
472988,6.86018876782034,
472989,6.78181848619767,
472990,6.79565834700504,
472991,8.11806556890121,
472992,11.6532577777725,
472993,10.2087267070123,
472994,8.5114147093227,
472995,8.27201952247849,
472996,8.51782131868897,
472997,8.34159991508961,
472998,9.37690216741079,
472999,8.47047055629116,
473000,7.9317314181997,
473001,9.11954134854349,
473002,10.417134483823,
473003,7.74425607409692,
473004,7.67134231769143,
473005,7.3794224858085,
473006,8.23710829858461,
473007,7.52271000107169,
473008,7.45772091198143,
473009,8.67925865298731,
473010,9.43115315246798,
473011,6.72230426425143,
473012,8.19630852540836,
473013,7.8518162605709,
473014,7.11198878168626,
473015,6.86273192820491,
473016,5.80731211346241,
473017,5.75706944338098,
473018,5.60241067778058,
473019,5.77894632181249,
473020,6.33011952834478,
473021,7.03917139717776,
473022,7.73727204351181,
473023,5.50653546086583,
473024,5.65370662653162,
473025,5.44857037741052,
473026,5.75144891379702,
473027,6.18447550993579,
473028,7.13745959673013,
473029,7.49133086901925,
473030,7.91473429052832,
473031,6.09158222096264,
473032,7.82445781228167,
473033,6.53145486029367,
473034,5.2334093289872,
473035,5.62778755633254,
473036,6.40547015908172,
473037,9.34732530563224,
473038,5.88694352886965,
473039,6.6786898458999,
473040,5.35115342990487,
473041,5.35645702888016,
473042,6.23447417126499,
473043,5.4552810411672,
473044,5.49934773508065,
473045,5.54537746643118,
473046,5.7423361984959,
473047,7.48537105694079,
473048,5.89108923979001,
473049,7.38295700863235,
473050,9.72114584009038,
473051,7.72429378951958,
473052,6.20604266600148,
473053,6.31446009892367,
473054,5.68831448322532,
473055,5.72330831294975,
473056,7.55392733188375,
473057,6.56313414575569,
473058,5.42787519803518,
473059,5.34376932179665,
473060,6.36672595546392,
473061,5.37755026068069,
473062,8.09445234415475,
473063,7.12092906790803,
473064,5.87920929672087,
473065,6.40039044332556,
473066,6.11314107242459,
473067,5.88298090257917,
473068,5.59185199085012,
473069,7.21413496799628,
473070,5.33062259470835,
473071,5.62676747797677,
473072,5.35487378206964,
473073,5.27549943967876,
473074,5.2764487196576,
473075,5.18924197991844,
473076,5.22771246168361,
473077,5.15676232719915,
473078,8.3434920020587,
473079,5.58118033786484,
473080,5.75758266661889,
473081,5.2754370523209,
473082,5.43007338309868,
473083,5.56782527092104,
473084,5.57963502506812,
473085,7.0744678660812,
473086,6.13645315410306,
473087,5.61243321936016,
473088,7.50912870743618,
473089,6.46837661725747,
473090,5.46012638979748,
473091,5.992886207335,
473092,6.18525414197964,
473093,5.6132525994044,
473094,5.28979059896735,
473095,6.56762251450444,
473096,5.52606120213361,
473097,6.79325518975515,
473098,5.65738091706053,
473099,5.87189164157902,
473100,6.67086241384098,
473101,8.16666440153899,
473102,5.77370757392201,
473103,6.68032211363162,
473104,5.82673354429216,
473105,5.0698974328488,
473106,5.01097015804368,
473107,5.2134145639473,
473108,6.63064111073737,
473109,5.30973769784657,
473110,5.39777412016621,
473111,5.43446782321112,
473112,5.02350712313699,
473113,5.31223226702228,
473114,5.79504751591513,
473115,5.23063682540124,
473116,7.31718023827738,
473117,5.21282702554233,
473118,5.26512463456286,
473120,5.19905523619536,
473121,5.28288681145191,
473122,5.23101178556579,
473123,5.32502755806081,
473124,5.34883062693153,
473125,4.93602332031692,
473126,5.71257222087551,
473127,5.32219269562043,
473128,5.75981910130658,
473129,5.35934132697047,
473130,6.51742015114342,
473131,5.0466524866692,
473132,5.01563784779082,
473133,5.15858949969916,
473134,5.58944042324176,
473135,5.12101473611843,
473136,7.06842949434357,
473137,5.54093929421401,
473138,5.16269216388942,
473139,5.38103503622272,
473140,4.99457820062612,
473141,5.38018117218997,
473142,5.59528538103224,
473143,5.52691382938022,
473144,4.99344403449282,
473145,4.8791220688123,
473146,5.1433597550178,
473147,5.08926193449307,
473148,4.90044988223314,
473149,6.18575988832727,
473150,5.11062780238762,
473151,5.49402251360681,
473152,5.68542916013743,
473153,4.93269474237379,
473154,5.56156743079701,
473155,5.27829677250764,
473156,5.57504741465118,
473157,6.62958515720147,
473158,6.04584229338736,
473159,5.27853316587902,
473160,5.10839924684791,
473161,5.57960142995597,
473162,5.85923068901731,
473163,5.31687539181025,
473164,6.0365935297995,
473165,5.86700585236895,
473166,5.79249637694,
473167,5.70821071145197,
473168,5.72151617987778,
473169,5.03716782329626,
473170,5.28835489742783,
473171,5.07244758730268,
473172,6.55978795361382,
473173,6.88723353007418,
473174,7.1840407226968,
473175,7.61852210666334,
473176,8.73413171741549,
473177,6.75560810153494,
473178,6.8830725070481,
473179,6.0719861902774,
473180,6.75897181617844,
473181,6.16381473628726,
473182,5.60744096776954,
473183,6.28729545779711,
473184,6.97644488386302,
473185,6.5830936488826,
473186,7.56040598442811,
473187,5.46980972415953,
473188,5.55955092148575,
473189,5.90497622132957,
473190,5.43167630046648,
473191,5.45965355383733,
473192,6.82633831992884,
473193,5.19072796058682,
473194,5.29072022412267,
473195,5.55121936346275,
473196,5.95271288624674,
473197,5.84619991090481,
473198,5.37840597081995,
473199,6.32220136509583,
473200,5.63906193479882,
473201,6.08129857379046,
473202,5.81959153170183,
473203,5.24677479897757,
473204,5.58376401352491,
473205,6.3812438416431,
473206,5.52345744769623,
473207,5.40619874980974,
473208,6.20310641368072,
473209,7.60814069647538,
473210,5.31313389298286,
473211,6.03177675771584,
473212,5.68896121147924,
473213,4.8852743435116,
473214,5.57229811815927,
473215,6.1641856062733,
473216,5.95356727843434,
473217,5.46123055023495,
473218,5.34089354575798,
473219,6.16132468079119,
473220,5.67081280895375,
473221,5.88975530544072,
473222,6.12009654051967,
473223,5.46646444015776,
473224,6.10100352933038,
473225,6.94797446328869,
473226,6.41119918945949,
473227,6.41794362996203,
473228,5.32705426390232,
473229,5.67881929556107,
473230,6.00214900976032,
473231,6.98096355382231,
473232,5.82868945054059,
473233,6.00355088767859,
473234,6.32454954216714,
473235,6.44919654691474,
473236,7.13088821744923,
473237,5.92941073877889,
473238,5.63534664402942,
473239,6.04519632348305,
473240,5.96319615243714,
473241,6.34104066324672,
473242,5.76941777193154,
473243,5.73071603559506,
473244,6.23297933735788,
473245,6.00893680634673,
473246,5.88492281814473,
473247,6.16478772073736,
473248,6.89657302377786,
473249,8.09021550449467,
473250,5.62667993189668,
473251,5.73965849686437,
473252,5.51178135102,
473253,5.55852767761223,
473254,6.05080560500006,
473255,5.697514608172,
473256,5.66898814779187,
473257,5.76689712648374,
473258,5.97788545182831,
473259,5.90004393428769,
473260,5.92752756523739,
473261,5.85435113215553,
473262,6.04210199448065,
473263,5.86103627672147,
473264,6.0032586566303,
473265,6.19351619187475,
473266,6.81838104964829,
473267,7.52680483994429,
473268,7.15245210143337,
473269,7.10296875075938,
473270,7.88250214231811,
473271,10.3899990541603,
473272,11.4901949613917,
473273,11.3344737137777,
473274,11.7437864665602,
473275,11.1323341919618,
473276,7.8106035963115,
473277,7.22801669018519,
473278,6.81605019083252,
473279,6.63570742889409,
473280,6.98214129907526,
473281,7.27421994064762,
473282,8.04722715465757,
473283,7.14114598699908,
473284,5.93091889092649,
473285,7.11056493400257,
473286,7.18982030174299,
473287,8.04663803688756,
473288,6.89380743982808,
473289,6.61643075542493,
473290,6.54471530313473,
473291,6.59728995740129,
473292,6.11303663450798,
473293,6.232130597587,
473294,6.67630681026259,
473295,6.59018581744192,
473296,6.43175748040965,
473297,6.69098158181358,
473298,6.79539391794664,
473299,7.36733470565925,
473300,6.79432600977818,
473301,6.68174800816563,
473302,7.61105805207067,
473303,6.32298835072366,
473304,6.72246788629034,
473305,6.42802341958001,
473306,7.8508684978351,
473307,8.20961897886564,
473308,7.7815935320604,
473309,9.63199366028528,
473310,9.23428850268084,
473311,9.76643283244777,
473312,8.99896992883527,
473313,6.75137759625869,
473314,6.87819405258525,
473315,7.00176038253153,
473316,6.73508212626543,
473317,7.40085886924417,
473318,7.69448151242683,
473319,8.18472080268196,
473320,7.38041417874346,
473321,7.6734460567281,
473322,8.59685067453644,
473323,7.93140923445039,
473324,8.59479393401627,
473325,7.09678494514324,
473326,6.88697401981926,
473327,6.74335564935473,
473328,7.62764630306751,
473329,8.08569275825136,
473330,7.64391961318734,
473331,7.16882607285586,
473332,8.04264539466658,
473333,7.75384091634103,
473334,9.44102177598696,
473335,8.13907756020532,
473336,6.90176668015167,
473337,6.67064455182564,
473338,10.1198541878962,
473339,9.51547204291972,
473340,7.27886613813654,
473341,7.2310029705419,
473342,8.51019859860716,
473343,7.77953974108896,
473344,7.96650209073509,
473345,7.49891944905678,
473346,7.56495849342469,
473347,8.2337035444084,
473348,8.47463897798826,
473349,8.98119545325689,
473350,9.34253988356706,
473351,8.94903148225951,
473352,7.79849294758886,
473353,8.03087498268945,
473354,7.36733453398988,
473355,6.88149592494675,
473356,6.51718587857484,
473357,7.8346832045053,
473358,7.70428060734061,
473359,8.1166819599946,
473360,7.37954046418263,
473361,6.60919160249149,
473362,6.40368135333003,
473363,6.74546176278418,
473364,7.07945079336742,
473365,6.70365959962177,
473366,7.45888938231381,
473367,7.75888633613353,
473368,6.45018641833371,
473369,6.32446799780558,
473370,6.52450141580802,
473371,6.28308582136563,
473372,6.87280266388924,
473373,6.74888989788659,
473374,6.86167452999558,
473375,7.73933728616461,
473376,7.68309310094354,
473377,7.3767719733835,
473378,7.7410756273721,
473379,7.57607193136741,
473380,6.84723551758572,
473381,6.75386472032914,
473382,6.89072134127958,
473383,8.17770764237059,
473384,7.89520554789051,
473385,6.04707049530498,
473386,7.5388876637561,
473387,6.01164130608442,
473388,5.86254188404043,
473389,6.6120402059883,
473390,6.02047855696003,
473391,5.74464482855251,
473392,5.63635604477945,
473393,7.66222674944275,
473394,7.60476061583339,
473395,6.91732513377213,
473396,8.80591360779343,
473397,5.5349642082556,
473398,6.38157153076674,
473399,5.16592390036751,
473400,5.96660107964821,
473401,4.65866641567657,
473402,4.7781647951322,
473403,5.73706823437577,
473404,5.13660856592099,
473405,4.29469236256111,
473406,4.0506897121947,
473407,4.06500470381258,
473408,4.05533777275896,
473409,3.99146532804572,
473410,3.83751210426763,
473411,4.86137379804281,
473412,4.71800043416849,
473413,4.84958370409953,
473414,4.26277344727475,
473415,4.62175319594655,
473416,3.97603767337217,
473417,4.02857910271478,
473418,4.11118659315923,
473419,4.35413625123476,
473421,4.48969142245273,
473422,4.51407999087476,
473423,6.61723276312099,
473424,4.33049278116496,
473425,4.78184464787664,
473426,4.9946019826904,
473427,5.07978245563842,
473428,4.57666216547921,
473429,4.62439457829436,
473430,4.5476847193391,
473431,4.62054904709769,
473432,4.45571918798148,
473433,4.18265481393205,
473434,4.76202014913704,
473435,4.91163477668245,
473436,6.09799655534892,
473437,6.80997295857853,
473438,6.42413463720829,
473439,5.02292167250632,
473440,5.08303320819481,
473441,5.17565381551166,
473442,6.16463202516788,
473443,5.85512056691933,
473444,6.3368491780782,
473445,5.86552096084547,
473446,5.10722530758253,
473447,5.1388872209438,
473448,4.50991729448117,
473449,4.14374586294132,
473450,4.47795066968257,
473451,5.60607837239908,
473452,4.71750490330278,
473453,4.21244525653823,
473454,4.48138254686349,
473455,5.20276806790608,
473456,5.26114704141094,
473457,5.33269544912421,
473458,5.51489505629422,
473459,5.23119389421993,
473460,5.12978310426944,
473461,4.86620282837992,
473462,4.90504242244195,
473463,5.02835188375982,
473464,4.45268124153295,
473465,4.35938392101187,
473466,5.59981061205111,
473467,6.04499398114611,
473468,5.88414964284897,
473469,5.80686678713277,
473470,6.0461802694628,
473471,7.95379353328297,
473472,9.57240670881596,
473473,8.23289296056024,
473474,8.57652119194624,
473475,8.51610022559272,
473476,8.70346456064486,
473477,8.5506553059698,
473478,7.81339617863762,
473479,7.26427674894504,
473480,7.34127368257223,
473481,7.21591876416494,
473482,5.43174070713534,
473483,5.20262526583358,
473484,5.1371007066852,
473485,5.0411030549969,
473486,4.83397562303486,
473487,4.77910779539943,
473488,4.87647848551832,
473489,4.27564257729055,
473490,4.2091601600866,
473491,4.2666615659672,
473492,3.84277260139451,
473493,3.93006183639871,
473494,3.93229190604174,
473495,3.77529235316242,
473496,3.86008198397792,
473497,3.92379160173301,
473498,3.83884510944906,
473499,4.17399512037189,
473500,4.07764423423068,
473501,3.89811362905584,
473502,3.98080309868971,
473503,4.20412521419558,
473504,4.18269906532866,
473505,4.01078981239679,
473506,3.94307287811691,
473507,3.89585394503943,
473508,3.78157365783038,
473509,3.96672409854405,
473510,3.84676839347663,
473511,4.28550848579626,
473512,4.13578157050134,
473513,4.01623448318556,
473514,4.57768895443455,
473515,3.81907598543628,
473516,4.25017972332321,
473517,4.16078188835063,
473518,4.1954649901199,
473519,4.15316033194846,
473520,4.22628256660761,
473521,4.32121451389314,
473522,4.36645322248929,
473523,4.24497424172942,
473524,4.23440364015552,
473525,4.30174098504227,
473526,4.15606917396408,
473527,4.24601386265053,
473528,4.50684708272107,
473529,4.42244323892148,
473530,4.35277803056981,
473531,5.25543859657037,
473532,4.62814873232023,
473533,4.34922391288825,
473534,4.05510257813743,
473535,4.56304006710708,
473536,5.4039061921364,
473537,3.5029104251914,
473538,3.81913533956703,
473539,3.48347752377321,
479781,21.2090862249392,0.636272586748175
479784,18.1390642309201,0.544171926927604
479787,23.6223828208456,0.708671484625368
479790,22.9456295552719,0.688368886658157
479796,18.2316681099363,0.546950043298089
479799,15.3670913473736,0.461012740421207
479802,19.2526990570474,0.577580971711422
479805,21.8995467854025,0.656986403562076
479808,18.4993684041871,0.554981052125613
479811,13.8940057616937,0.416820172850812
479812,22.468867256226,0.674066017686779
479813,21.6130993182843,0.648392979548528
479814,19.519232822245,0.58557698466735
479815,21.5032641911145,0.645097925733436
479816,18.6476054649402,0.559428163948205
479817,17.8014236943973,0.534042710831918
479818,18.6609835054582,0.559829505163747
479819,18.4537380752751,0.553612142258254
479820,18.4126855421751,0.552380566265254
479821,16.3454675273798,0.490364025821395
479822,17.9370878284339,0.538112634853017
479823,13.642029711433,0.409260891342991
479824,12.7375204290933,0.382125612872798
479825,11.7777920020969,0.353333760062906
479826,10.4186398578893,0.312559195736679
479827,11.5359991258982,0.346079973776947
479829,9.92703621247771,0.297811086374331
479830,10.3041002501549,0.309123007504648
479831,8.27885715447522,0.248365714634257
479832,6.56621140767954,0.196986342230386
479833,8.85454369093039,0.265636310727912
479834,7.96659882968565,0.238997964890569
479835,6.48336931417044,0.194501079425113
479836,11.3090316604054,0.339270949812162
479837,9.52461567401796,0.285738470220539
479838,8.68575679865455,0.260572703959636
479839,10.4338889572991,0.313016668718973
479840,10.1034340842001,0.303103022526002
479841,9.96320096448815,0.298896028934644
479842,12.181528432292,0.36544585296876
479843,12.7579303936671,0.382737911810014
479844,8.63675291121483,0.259102587336445
479845,7.6873073798856,0.230619221396568
479846,7.61484152253816,0.228445245676145
479847,8.15509336503592,0.244652800951078
479850,10.6804181044859,0.320412543134576
479851,17.0603267820145,0.511809803460436
479852,20.1173395671171,0.603520187013514
479853,20.5636386451266,0.616909159353798
479854,21.5192492839333,0.645577478517999
479855,22.7425887775314,0.682277663325942
479856,20.9292711176989,0.627878133530967
479858,18.8705937458573,0.566117812375719
479859,15.4991188313199,0.464973564939596
479860,14.3827876090932,0.431483628272797
479861,12.2875908048932,0.368627724146797
479862,15.7195237036508,0.471585711109523
479863,19.4264417986548,0.582793253959645
479864,20.4963737525929,0.614891212577786
479865,19.2359441238465,0.577078323715396
479866,19.81717276717,0.5945151830151
479868,16.0750239823803,0.482250719471409
479869,16.7690796558062,0.503072389674186
479870,17.6058270471899,0.528174811415696
479871,17.679571620415,0.530387148612451
479872,18.1046071466504,0.543138214399513
479874,22.090974429515,0.662729232885449
479877,18.971565223299,0.569146956698971
479879,21.0883273130489,0.632649819391466
479880,21.5809354440224,0.647428063320673
479881,19.1375603331415,0.574126809994244
479882,16.5989931993768,0.497969795981303
479883,15.9358339439684,0.478075018319051
479884,16.6309999662119,0.498929998986358
479885,15.305152276671,0.45915456830013
479886,12.854934512589,0.385648035377669
479887,12.1951797813666,0.365855393440999
479888,15.3869462239708,0.461608386719123
479889,16.831094728902,0.504932841867061
479890,15.9796703156466,0.479390109469398
479891,15.5200382539585,0.465601147618754
479892,13.8513293927624,0.415539881782872
479893,14.759702738943,0.442791082168291
479894,13.7680931137428,0.413042793412283
479895,13.2246245010438,0.396738735031315
479896,13.9734790344081,0.419204371032244
479897,12.1990806925813,0.36597242077744
479898,10.8760145901055,0.326280437703166
479899,11.0118395822868,0.330355187468605
479900,11.8278456055587,0.354835368166762
479901,18.6632113497275,0.559896340491825
479903,18.2258909558865,0.546776728676595
479904,16.9228946729039,0.507686840187117
479905,16.3029182288461,0.489087546865383
479906,16.1037264403288,0.483111793209864
479907,16.0271093997139,0.480813281991417
479908,15.6522540878816,0.469567622636446
479909,14.8901249892386,0.446703749677156
479910,14.1963089699013,0.425889269097039
479911,14.9594716814591,0.448784150443774
479912,14.8942388229723,0.446827164689169
479913,11.9373760559822,0.358121281679467
479914,15.0676655105927,0.452029965317782
479915,16.7362223604633,0.502086670813898
479916,17.2728504104739,0.518185512314216
479919,17.0822686109107,0.512468058327322
479922,17.2577479805945,0.517732439417835
479925,17.5052070465819,0.525156211397456
479928,15.7330067233894,0.471990201701682
479931,16.4790864680933,0.494372594042799
479934,16.3733673545768,0.491201020637304
479937,16.1940739668285,0.485822219004856
479940,15.876657825458,0.476299734763741
479943,13.3154213014123,0.39946263904237
479946,10.8196134730358,0.324588404191075
479952,9.48670626062023,0.284601187818607
479955,8.92369498397222,0.267710849519167
479958,10.7330032079453,0.32199009623836
479961,9.45322063177857,0.283596618953357
479964,9.00555277846496,0.270166583353949
479967,8.30552077530384,0.249165623259115
479970,8.72610131190743,0.261783039357223
479973,7.97401755596678,0.239220526679003
479976,8.61093665137199,0.25832809954116
479979,9.61157530838775,0.288347259251633
479982,10.1617018231848,0.304851054695543
479985,10.2177030674989,0.306531092024967
479988,9.92536447956173,0.297760934386852
479991,10.086859290662,0.30260577871986
479994,9.06699689081076,0.272009906724323
479997,11.0258720094852,0.330776160284557
480000,7.22179674115527,0.216653902234658
480001,8.3514361262247,0.250543083786741
480006,8.70157480538439,0.261047244161532
480009,5.9978748902907,0.179936246708721
480012,7.35474252187832,0.22064227565635
480015,11.1620656713289,0.334861970139867
480017,9.18759192922552,0.275627757876765
480020,8.52826844779227,0.255848053433768
480024,9.74023487545858,0.292207046263757
480026,8.49470242791578,0.254841072837473
480029,8.13345894044527,0.244003768213358
480032,8.96335514792473,0.268900654437742
480036,6.97537672075587,0.209261301622676
480039,8.1507845904905,0.244523537714715
480042,9.55139883019471,0.286541964905841
480045,8.15348902319929,0.244604670695979
480048,8.52909591014878,0.255872877304463
480050,8.39569244557072,0.251870773367121
480053,10.8149283170658,0.324447849511974
480057,9.1000699822364,0.273002099467092
480060,10.6349587021263,0.319048761063788
480063,12.1032400251212,0.363097200753635
480066,13.134423917473,0.394032717524191
480069,13.1428844086251,0.394286532258754
480072,11.7930525191844,0.353791575575532
480075,13.6759064268066,0.410277192804197
480078,12.3721092481789,0.371163277445367
480081,5.66467390423537,0.169940217127061
480084,6.936402844421,0.20809208533263
480087,6.46191610870611,0.193857483261183
480090,5.94260421269193,0.178278126380758
480093,6.71243560562643,0.201373068168793
480096,11.0824741440752,0.332474224322256
480099,9.32693619766602,0.279808085929981
480102,12.7257682836256,0.381773048508768
480105,8.22633653275817,0.246790095982745
480108,10.7729102266397,0.32318730679919
480111,12.1694670341496,0.365084011024488
480114,15.0934222448685,0.452802667346054
480117,12.2838303119188,0.368514909357565
480120,12.9599343814332,0.388798031442995
480123,13.6233441188748,0.408700323566245
480129,18.0511890723535,0.541535672170605
480132,11.2689408424812,0.338068225274437
480135,11.5467651484082,0.346402954452245
480138,11.9497300477309,0.358491901431926
480141,12.2194121895149,0.366582365685447
480144,9.27350123870476,0.278205037161143
480147,8.18416692245287,0.245525007673586
480150,10.5007740509892,0.315023221529675
480153,8.5233885227388,0.255701655682164
480156,8.20155227292639,0.246046568187792
480159,13.2931800238837,0.398795400716512
493779,5.63036753733894,
493780,6.62004932975363,
493781,5.82966919561703,
493782,5.93426187978663,
493783,6.41806869457103,
493784,5.23804393767328,
493785,4.63561654213059,
493786,5.00331995860325,
493787,5.20341473504386,
493788,6.43014570990586,
493789,7.08402065461716,
493790,6.68161453001559,
493791,6.2405067510358,
493792,4.73635543797001,
493793,4.60994632155306,
493794,5.75807273896083,
493795,5.32469197338971,
493796,4.2020417796922,
493797,4.58904642258416,
493798,4.85058380776182,
493799,4.83917838973294,
493800,5.30341079295318,
493801,4.4049898048994,
493802,4.32908975567163,
493803,4.55405862842,
493804,4.35654943366102,
493805,5.63254741807887,
493806,5.4118530651387,
493807,4.37792170326554,
493808,4.16344953938239,
493809,4.0307399104014,
493810,5.31076826106641,
493811,6.03096822686266,
493812,4.88430207753178,
493813,4.54387500768509,
493814,4.07557517662131,
493815,5.30392928468652,
493816,4.76213832580054,
493817,4.71777477134343,
493818,6.11970151270961,
493819,6.06391726261,
493820,5.37875677131508,
493821,5.9540649202209,
493822,5.2178244072548,
493823,4.70034124348389,
493824,4.92790850475441,
493825,4.77087135565316,
493826,4.91891814388426,
493827,5.13099238130212,
493828,4.86001643701543,
493829,5.11700335821008,
493830,4.8869585292216,
493831,5.40410546195425,
493832,5.36077114920815,
493833,5.69336339758025,
493834,4.70107765740395,
493835,5.24723455470253,
493836,5.43640781402432,
493837,5.7934730286927,
493838,6.10851035188735,
493839,6.17015144606278,
493840,5.37305216804127,
493841,5.97361787723872,
493842,6.33027034926209,
493843,6.30458081547488,
493844,7.31011792943662,
493845,6.10129808287282,
493846,6.05875923552368,
493847,7.01507793180037,
493848,7.19838619349512,
493849,7.92610628663316,
493850,7.07530310827591,
493851,6.74201546081708,
493852,7.25666020045995,
493853,8.10944020318852,
493854,7.94483087579235,
493855,7.89398067719827,
493856,10.3334464385883,
493857,10.0159296945958,
493858,9.08430637537326,
493859,7.65875661365443,
493860,8.54054571617836,
493861,8.37617156520099,
493862,8.32177543660399,
493863,6.24122912272878,
493864,9.68015282560597,
493865,10.6169375074585,
493866,14.33881,
493867,15.91066,
493868,13.012362232639,
493869,13.6419745150237,
493870,14.1411964419493,
493871,15.1256829809631,
493872,13.2379091015727,
493873,13.3866481592446,
493874,13.728433042444,
493875,14.0752349539453,
493876,12.4838787340877,
493877,11.7250780038144,
493878,11.3253802583172,
493879,11.5335928832901,
493880,12.3518474558591,
493881,12.4391862785525,
493882,11.1883525003829,
493883,12.7772152572157,
493884,12.7210421486109,
493885,10.7695269767374,
493886,10.5191386668804,
493887,10.6090813549763,
493888,10.9926259684098,
493889,10.8458015539864,
493890,12.4007906706012,
493891,12.0628920663982,
493892,13.6095129216279,
493893,15.7583678755854,
493894,14.302010044183,
493895,12.8779784489905,
493896,13.1758079494476,
493897,12.3086732903889,
493898,10.652044186988,
493899,13.4181298852118,
493900,13.091606637965,
493901,11.6653706190199,
493902,15.0294894840218,
493903,12.3197248113519,
493904,12.5310930253587,
493905,9.72648640980839,
493906,10.5806585696356,
493907,10.171070895965,
493908,13.4091606906311,
493909,10.6084537374314,
493910,9.99732382608373,
493911,9.42410175089944,
493912,9.57718459238523,
493913,9.25914622701354,
493914,12.0796118702706,
493915,12.4088143003196,
493916,9.32743493619288,
493917,8.63161894768204,
493918,9.16461127768982,
493919,8.94225738882288,
493920,10.7759982609017,
493921,9.82666810513602,
493922,8.99293323319576,
493923,8.7080506249201,
493924,8.82931089729072,
493925,8.45107712825925,
493926,8.43242468567435,
493927,7.96712309657811,
493928,9.98518961235182,
493929,8.25428079271685,
493930,7.42189586883493,
493931,7.54503602891257,
493932,7.8155509269403,
493933,8.09423523029883,
493934,7.57926908425624,
493935,6.96949920995709,
493936,7.20292269761016,
493937,8.91382504982629,
493938,8.73681577705217,
493939,7.26033613430706,
493940,7.90165209821238,
493941,9.72203551798099,
493942,8.81750999084892,
493943,9.31506146926657,
493944,10.6532537951347,
493945,10.1279449105701,
493946,11.8046800535454,
493947,10.5492770746969,
493948,10.2014805534875,
493949,9.89665201173376,
493950,9.81088488898371,
493951,8.62915151013376,
493952,11.391076673548,
493953,12.4488112574913,
493954,12.988684155226,
493955,12.2856852175413,
493956,10.6141699533387,
493957,9.46232148098609,
493958,7.46175800415491,
493959,8.69546248899165,
493960,7.16011568902144,
493961,8.6040797931582,
494980,28.0222121923493,1.15221340108506
494981,24.4659808608224,1.15221340108506
494982,25.1083918972723,1.15221340108506
494983,25.3271334799543,1.15221340108506
494984,20.5200804937438,1.15221340108506
494985,16.9416801231168,1.15221340108506
494986,24.616783207033,1.15221340108506
494987,24.542976194219,1.15221340108506
494988,25.7581489405942,1.15221340108506
494989,23.3865252357947,1.15221340108506
494990,27.0487486038655,1.15221340108506
494991,24.541397621175,1.15221340108506
494992,25.440707623714,1.15221340108506
494993,26.6825222732703,1.15221340108506
494994,22.3386535366887,1.15221340108506
494995,18.7711512833446,1.15221340108506
494996,20.5243384227213,1.15221340108506
494997,19.5228384678937,1.15221340108506
494998,22.7393759503378,1.15221340108506
494999,22.4824296226487,1.15221340108506
495000,20.5920774304338,1.15221340108506
495001,23.0142206178259,1.15221340108506
495002,23.9773977090115,1.15221340108506
495003,21.5034548886592,1.15221340108506
495004,23.5217891971242,1.15221340108506
495005,23.8283731176032,1.15221340108506
495006,23.8494158285442,1.15221340108506
495007,24.7117321133162,1.15221340108506
495008,25.2900716150989,1.15221340108506
495009,28.2618179412505,1.15221340108506
495010,22.3791428867645,1.15221340108506
495011,28.128658200363,1.15221340108506
495012,23.3679270885805,1.15221340108506
495013,20.943477293537,1.15221340108506
495014,26.6051104080989,1.15221340108506
495015,26.9233112761714,1.15221340108506
495016,23.6580022740024,1.15221340108506
495017,26.1813896664886,1.15221340108506
495018,24.8275212498516,1.15221340108506
495019,22.5414569169837,1.15221340108506
495020,28.0302848912442,1.15221340108506
495021,23.26030330394,1.15221340108506
495022,25.0466325077333,1.15221340108506
495023,20.7069385750229,1.15221340108506
495024,23.195750904042,1.15221340108506
495025,25.0164369774371,1.15221340108506
495026,18.0795129861902,1.15221340108506
495027,21.8018788729161,1.15221340108506
495028,19.069183175147,1.15221340108506
495029,21.7455258565487,1.15221340108506
495030,23.45181884453,1.15221340108506
495031,20.1947865911047,1.15221340108506
495032,19.3976688915706,1.15221340108506
495033,21.3718994446168,1.15221340108506
495034,24.5663647832444,1.15221340108506
495035,21.5913842589173,1.15221340108506
495036,20.8968246719616,1.15221340108506
495037,23.4596836226267,1.15221340108506
495038,22.482272011687,1.15221340108506
495039,23.1946243002826,1.15221340108506
495040,26.3854241596725,1.15221340108506
495041,16.3428111538786,1.15221340108506
495042,18.664938029592,1.15221340108506
495043,23.6863472759771,1.15221340108506
495044,20.4880582302168,1.15221340108506
495045,23.2196468405272,1.15221340108506
495046,26.4335631966877,1.15221340108506
495047,19.2024910852767,1.15221340108506
495048,22.1229363299013,1.15221340108506
495049,21.5829019793211,1.15221340108506
495050,16.6439219477581,1.15221340108506
495051,18.6184733884408,1.15221340108506
495052,21.9767793777398,1.15221340108506
495053,19.0535700215056,1.15221340108506
495054,22.5598596134733,1.15221340108506
495055,22.0308356071985,1.15221340108506
495056,19.4722113792752,1.15221340108506
495057,21.3914645546118,1.15221340108506
495058,24.9346795191063,1.15221340108506
495059,23.7766726262174,1.15221340108506
495060,25.4967028948818,1.15221340108506
495061,20.7351383026946,1.15221340108506
495062,19.0407191814948,1.15221340108506
495063,12.6550693126294,1.15221340108506
495064,14.3456843347214,1.15221340108506
495065,16.7081673146344,1.15221340108506
495066,22.18312005471,1.15221340108506
495067,27.879993069271,1.15221340108506
495068,29.0822979444706,1.15221340108506
495069,25.4796516487018,1.15221340108506
495070,21.501815679601,1.15221340108506
495071,23.5150617954365,1.15221340108506
495072,13.2678728975941,1.15221340108506
495073,20.9786616309747,1.15221340108506
495074,17.5979792532134,1.15221340108506
495075,13.8219353711361,1.15221340108506
495076,23.6712062045191,1.15221340108506
495077,31.6835851731801,1.15221340108506
495078,26.7551785102375,1.15221340108506
495079,19.3377336885362,1.15221340108506
495080,16.3862674658086,1.15221340108506
495081,25.8240576875371,1.15221340108506
495082,25.0853306185569,1.15221340108506
495083,22.2516873398027,1.15221340108506
495084,23.2789536614681,1.15221340108506
495085,21.0231441763273,1.15221340108506
495086,19.9790967617729,1.15221340108506
495087,19.4216194323945,1.15221340108506
495088,21.7340036696717,1.15221340108506
495089,20.5038085223675,1.15221340108506
495090,18.4724100335406,1.15221340108506
495091,15.266122353854,1.15221340108506
495092,24.633267628336,1.15221340108506
495093,28.3436163301644,1.15221340108506
495094,20.4641988307968,1.15221340108506
495095,24.3124024627386,1.15221340108506
495096,24.1919052363393,1.15221340108506
495097,17.7298089595644,1.15221340108506
495098,16.8314086942025,1.15221340108506
495099,14.6006851277302,1.15221340108506
495100,14.3112751589313,1.15221340108506
495101,19.6219985745829,1.15221340108506
495102,27.7296468845409,1.15221340108506
495103,23.3544092786232,1.15221340108506
495104,12.7017711938585,1.15221340108506
495105,19.5347581013084,1.15221340108506
495106,25.1139956782832,1.15221340108506
495107,20.2903407031686,1.15221340108506
495108,16.5928636696183,1.15221340108506
495109,16.4791156849949,1.15221340108506
495110,18.5489661234801,1.15221340108506
495111,12.3836637511555,1.15221340108506
495112,14.0778339000011,1.15221340108506
495113,18.4297442823161,1.15221340108506
495114,17.088964263632,1.15221340108506
495115,16.4870859377891,1.15221340108506
495116,23.5618830194847,1.15221340108506
495117,16.963324737757,1.15221340108506
495118,14.0890313141317,1.15221340108506
495119,15.6430922600013,1.15221340108506
495120,23.3571429323748,1.15221340108506
495121,28.5913168828912,1.15221340108506
495122,18.3776145574725,1.15221340108506
495123,17.9488782997779,1.15221340108506
495124,20.6035731440578,1.15221340108506
495125,17.6868447570816,1.15221340108506
495126,22.4788219723795,1.15221340108506
495127,28.0129004040416,1.15221340108506
495128,26.331890404923,1.15221340108506
495129,20.4814211599689,1.15221340108506
495130,35.866503797518,1.01657668761563
495131,25.1877375802039,1.01657668761563
495132,21.1080883970797,1.01657668761563
495133,17.7358659141582,1.01657668761563
495134,20.7225075620603,1.01657668761563
495135,15.6496253410024,1.01657668761563
495136,12.6258247718352,1.01657668761563
495137,12.5754602274391,1.01657668761563
495138,18.5715826340339,1.01657668761563
495139,21.8379481810668,1.01657668761563
495140,19.6229759645373,1.01657668761563
495141,23.4743782696673,1.01657668761563
495142,21.7883306852411,1.01657668761563
495143,23.7616187431731,1.01657668761563
495144,22.5093286602972,1.01657668761563
495145,17.0540856893264,1.01657668761563
495146,24.8322438691385,1.01657668761563
495147,28.5946231855404,1.01657668761563
495148,28.7641192966566,1.01657668761563
495149,27.4025000711585,1.01657668761563
495150,22.8743545585498,1.01657668761563
495151,22.5196720488062,1.01657668761563
495152,21.4837491942757,1.01657668761563
495153,25.0957862674169,1.01657668761563
495154,20.5908134803507,1.01657668761563
495155,21.0510697481573,1.01657668761563
495156,18.4605857240742,1.01657668761563
495157,20.7893758505336,1.01657668761563
495158,19.8955438781456,1.01657668761563
495159,18.6461221560882,1.01657668761563
495160,24.2965956336127,1.01657668761563
495161,24.2422339957408,1.01657668761563
495162,16.7975703536064,1.01657668761563
495163,27.9860996265349,1.01657668761563
495164,25.5728360612132,1.01657668761563
495165,27.440463103502,1.01657668761563
495166,23.6029440281287,1.01657668761563
495167,25.3834470876002,1.01657668761563
495168,24.3958242396081,1.01657668761563
495169,23.1413408930747,1.01657668761563
495170,25.1517318086586,1.01657668761563
495171,24.4972160029734,1.01657668761563
495172,28.273300413276,1.01657668761563
495173,26.2578152011369,1.01657668761563
495174,22.4983320043803,1.01657668761563
495175,23.6023948132552,1.01657668761563
495176,16.4770193522679,1.01657668761563
495177,11.8957381441296,1.01657668761563
495178,21.7614074752407,1.01657668761563
495179,26.8090261392337,1.01657668761563
495180,29.0851851211014,1.01657668761563
495181,26.0460079511854,1.01657668761563
495182,18.0252622453485,1.01657668761563
495183,15.7800513681836,1.01657668761563
495184,16.4460179917543,1.01657668761563
495185,21.3171775246795,1.01657668761563
495186,21.0166163237251,1.01657668761563
495187,17.4252070054435,1.01657668761563
495188,15.6022210040427,1.01657668761563
495189,11.1515643556464,1.01657668761563
495190,10.4951018013175,1.01657668761563
495191,13.0035173425427,1.01657668761563
495192,12.2045665085993,1.01657668761563
495193,11.5992926844067,1.01657668761563
495194,12.5671516555093,1.01657668761563
495195,11.5204975290379,1.01657668761563
495196,20.0888193743205,1.01657668761563
495197,10.9717064818826,1.01657668761563
495198,21.0316759367404,1.01657668761563
495199,18.5108621490779,1.01657668761563
495200,22.828463649097,1.01657668761563
495201,18.129304063892,1.01657668761563
495202,14.7608981142446,1.01657668761563
495203,11.6389305971756,1.01657668761563
495204,9.43526189890549,1.01657668761563
495205,8.41813494964481,1.01657668761563
495206,14.727889647995,1.01657668761563
495207,20.8175215924167,1.01657668761563
495208,18.5704833983472,1.01657668761563
495209,16.1508400307046,1.01657668761563
495210,12.3246223545157,1.01657668761563
495211,12.2371254939842,1.01657668761563
495212,17.7416961425024,1.01657668761563
495213,15.8299363370054,1.01657668761563
495214,13.5601907832283,1.01657668761563
495215,16.2675817641268,1.01657668761563
495216,20.414031702835,1.01657668761563
495217,21.8287718106173,1.01657668761563
495218,21.5341218438438,1.01657668761563
495219,19.3017194311317,1.01657668761563
495220,12.706046579191,1.01657668761563
495221,18.3845881296171,1.01657668761563
495222,20.048179622266,1.01657668761563
495223,23.1874274481154,1.01657668761563
495224,23.4189188015723,1.01657668761563
495225,24.5853639869211,1.01657668761563
495226,21.0422910116635,1.01657668761563
495227,18.0936477357754,1.01657668761563
495228,17.2884592112974,1.01657668761563
495229,17.1826167574066,1.01657668761563
495230,21.6395155588989,1.01657668761563
495231,20.4276398361953,1.01657668761563
495232,17.3560189358067,1.01657668761563
495233,13.5424195039893,1.01657668761563
495234,20.1534916385127,1.01657668761563
495235,23.7132786874915,1.01657668761563
495236,17.4284567198528,1.01657668761563
495237,18.0627017562223,1.01657668761563
495238,14.4258221797559,1.01657668761563
495239,11.4411521777273,1.01657668761563
495240,18.6080379127014,1.01657668761563
495241,24.4384679965307,1.01657668761563
495242,19.6400829133422,1.01657668761563
495243,16.432063787186,1.01657668761563
495244,17.2554177934286,1.01657668761563
495245,11.6816123542746,1.01657668761563
495246,9.77563791685837,1.01657668761563
495247,10.7367979685655,1.01657668761563
495248,17.7681822501694,1.01657668761563
495249,13.4609892433103,1.01657668761563
495250,20.5558752538899,1.01657668761563
495251,24.1511654125177,1.01657668761563
495252,19.8566596846272,1.01657668761563
495253,12.1947298620631,1.01657668761563
495254,11.0013819379902,1.01657668761563
495255,16.3393803544479,1.01657668761563
495256,23.6654198105978,1.01657668761563
495257,23.0038617763552,1.01657668761563
495258,21.7878868776076,1.01657668761563
495259,20.5259349769632,1.01657668761563
495260,18.2129968669924,1.01657668761563
495261,14.3149190592485,1.01657668761563
495262,14.4540689637636,1.01657668761563
495263,14.6413640306419,1.01657668761563
495266,36.5403833333333,2.77283193950196
495267,33.8238666666666,2.1266187933483
495268,40.8135833333333,5.94442634950776
495269,46.3177833333333,6.11822811153051
495270,35.5136666666666,2.01661821181457
495271,43.7680166666666,3.28270483159678
495272,39.4079999999999,2.91963350097234
495273,34.526,3.30903477064435
495274,26.5593166666666,0.678152427351124
495275,23.1223333333333,1.20794612968551
495276,29.4766333333333,2.30208730768887
495277,37.5696166666666,1.4007400275291
495278,34.7487166666666,1.39566700591111
495279,30.4515,0.858932306218985
495280,25.3389666666666,0.834319208829703
495281,26.21965,0.449278138610519
495282,25.8586666666666,0.772870119892224
495283,27.7249833333333,0.209007443381543
495284,28.7617666666666,0.249218369217751
495285,29.7221833333333,1.95916712016158
495286,32.1893166666666,1.60270867327436
495287,30.707725,0.828780480711469
495288,29.58125,0.547386897754534
495289,33.9893,1.21887680126691
495290,28.1355333333333,1.37484204264425
495291,27.6198166666666,0.396398652102765
495292,27.6963166666666,1.43493509773864
495293,28.9645833333333,1.44485895207417
495294,28.50175,0.567816530668137
495295,26.0524333333333,2.99645405345125
495296,23.9777166666666,1.28276113574932
495297,28.5470915761538,1.13308600086109
495298,27.1910346466666,1.5100820836709
495299,30.4874442533333,1.90415850807282
495300,32.5703964266666,0.529243579242546
495301,28.7329166883333,1.51626630368806
495302,27.8576007090909,1.09871816176118
495303,30.134879865,0.676944917420706
495304,28.168609775,0.313628156382108
495305,28.71421553,0.623470173787577
495306,29.71589765,0.222238151145185
495307,28.9241336216666,0.486181031262882
495308,30.485542225,0.763282928701612
495309,30.0448410549999,1.56116625351576
495310,30.1712632316666,1.22742304344356
495311,31.32648224,0.151056186709211
495312,29.4052301899999,0.479440483686213
495313,24.5497136116666,1.96589427581865
495314,24.7836860016666,1.01634371491762
495315,22.1960048533333,0.943178654300386
495316,26.765197075,0.741145188443879
495317,27.289313765,0.916120259999903
495318,26.9169067933333,0.772834047521947
495319,26.8652726783333,0.551274122031858
495320,28.5273483433333,0.431019506793212
495321,26.818546395,1.40951087904288
495322,23.6712296066666,0.615718825936239
495323,25.76816509,1.47674514467398
495324,27.2112819,0.120300504125097
495325,25.2111989483333,1.06261492925198
495326,25.17304016,1.68994082419513
495327,26.6901008849999,1.00256234973788
495328,25.3287035733333,0.30287061718971
495329,24.423504005,1.20506770040717
495330,24.72586668,0.994874295191875
495331,25.7305588583333,1.38144840461346
495332,28.44689807,0.320064211240374
495333,28.7880312683333,1.2230741428736
495334,26.7211420216666,0.984173535283072
495335,24.9058326916666,1.00295272003057
495336,22.0572409383333,1.55235519202026
495337,19.4853547533333,0.254264468624145
495338,16.38065037,0.763446219671055
495339,17.3619082599999,0.804938156070763
495340,22.2693937233333,1.85530562960933
495341,26.6540004883333,1.37125884950251
495342,22.54046688,0.377612367442378
495343,23.2227836783333,0.076892121423801
495344,25.2413346716666,1.32739760911688
495345,25.9196232616666,0.527786173627839
495346,25.3278741666666,0.581819324966543
495347,25.6569824066666,0.458629084454281
495348,26.1114425833333,0.559694198606158
495349,23.636503715,0.774849665727102
495350,21.96094908,0.531573459111846
495351,24.36053829,0.282853117508083
495352,25.8127210083333,0.694340227912499
495353,23.6959890283333,2.45741604062793
495354,19.2902106433333,0.481811902685843
495355,20.9289221833333,1.00299355372834
495356,21.2835671566666,1.19310151142861
495357,19.1015613533333,0.0533224653812989
495358,20.2376154833333,0.752350803743907
495359,23.078242315,0.972815928852847
495360,24.7396648616666,0.942681943521984
495361,22.6510349083333,0.277378055809773
495362,22.3257987083333,0.117782827657054
495363,23.184756395,0.628106917361964
495364,30.1308112366666,4.80418983452868
495365,31.7111969916666,4.54544340077243
495366,24.4370010183333,0.259271040707489
495367,24.3202016483333,0.343190331257854
495368,19.9504079666666,1.63329713469923
495369,20.975693935,2.14529446661143
495370,23.7113668833333,0.672924251104671
495371,24.3013523866666,0.609100814676529
495372,20.437367375,0.854874258112822
495373,21.9877018849999,0.808133996153638
495374,22.5731182066666,1.16765820679311
495375,17.7305301216666,0.673592286370013
495376,20.953827695,1.32816425144956
495377,23.6088142283333,0.539521850032138
495378,22.9506748216666,1.23598082472943
495379,21.3136511783333,0.283331883240274
495380,19.725007095,0.317613439823736
495381,20.783392245,0.510868137023454
495382,22.5068580083333,0.19986156923455
495383,22.8680091183333,0.27271138372217
495384,23.5390478583333,0.162197856939165
495385,21.3847608799999,1.06485099652478
495386,22.7343693183333,1.84575195938464
495387,23.2479504516666,0.996430999749317
495388,21.6558386216666,0.357748900003014
495389,22.969876205,1.78291868225615
495390,35.6831731483333,3.08643516392152
495391,36.0538086816666,0.588719074795651
495392,38.79224687,1.811067546644
495393,31.9154811016666,2.96004515833663
495394,30.9094251614285,2.42746900319966
495395,23.6135470749999,1.00645100383943
495396,23.430623725,1.52316741346578
495397,22.4949501283333,0.901434298502385
495398,25.2898665966666,1.0789233006612
495399,26.6490051883333,1.01950716731531
495400,27.5812838383333,1.32718425908098
495401,28.9848753666666,0.718016504479706
495402,31.4937938216666,1.76715338838817
495403,27.3572745,1.04724722877701
495404,20.9806474466666,2.07195165764616
495405,20.28203968,0.846047864543165
495406,22.6402086866666,2.34247914667446
495407,27.5018152083333,0.987785270420019
495408,24.4408013366666,0.839949430160691
495409,29.3079689083333,1.72447515992924
495410,22.81873023,1.25471967306449
495411,27.6268875083333,2.06613319019585
495412,25.8722905816666,1.39726062732284
495413,27.8915343683333,1.20377520661213
495414,24.6342974333333,2.20460156970569
495415,26.0560007,1.73841570245998
495416,26.9263116733333,0.635367353539843
495417,23.7424448616666,2.64341851104397
495418,24.8756960366666,1.77328794629262
495419,26.01267727,1.73459915696984
495420,24.04605406,0.547172913258785
495421,27.1239532183333,1.17793238893501
495422,25.2569538933333,0.357177967713943
495423,23.1879238716666,0.748000596578216
495424,24.926029935,0.873385123567786
495425,25.3599683799999,1.33072579060387
495426,23.85987654,0.702047617894485
495427,25.9516297849999,0.476631154831753
495428,21.7168195516666,1.15548740444766
495429,26.8195996683333,1.12610612900711
495430,30.5946716383333,1.41289714782361
495431,23.7848807666666,1.51792116898971
495432,22.9011654666666,2.10071145365862
495433,22.4999973233333,2.86185461286795
495434,22.2550899466666,1.52384821411114
495435,22.9682411449999,0.906737796197123
495436,26.20854974,0.407231439356735
495437,23.1214094016666,0.672168757806035
495438,25.1241054016666,0.902555325704917
495439,24.05596476,0.752140244695653
495440,28.6028075033333,1.83307150308517
495441,28.4246551316666,0.687834757889774
495442,26.026500105,2.36996825937588
495443,25.5780551099999,2.78023690908151
495444,24.0519007316666,3.92469239299175
495445,24.9981520816666,1.96462481004294
495446,24.8159965316666,1.04206441565394
495447,21.1636110933333,0.526905267686055
495448,21.0449409133333,1.70147721199654
495449,24.1167645416666,0.674476321502586
495450,22.6413438766666,2.26622082008763
495451,23.54230916,3.20796378192215
495452,28.1583807733333,1.79900425622355
495453,27.0088307233333,2.60158647360531
495454,16.3920319083333,1.39328428499036
495455,17.0187706216666,0.198099538721762
495456,22.7658150283333,2.37336487928107
495457,27.2649181666666,1.05222554096097
495458,24.9613353933333,1.21017970992508
495459,23.37948891,0.888044926156836
495460,21.8074464766666,2.91304450623492
495461,14.6651641916666,0.916710212574372
495462,20.2707328449999,1.18285803465597
495463,21.0461292166666,0.72089035193938
495464,25.28980603,1.16959441859709
495465,20.3222250333333,1.59290796880394
495466,25.6654075133333,1.68736428286846
495467,23.2251838499999,2.53406067031546
495468,24.0065278666666,1.89190119550694
495469,24.39663361,1.49345355580089
495470,17.1204830566666,2.35580982738267
495471,12.6376424633333,0.492722778072562
495472,11.5748946749999,0.176041051308081
495473,12.4308991349999,1.00799738114385
495474,17.4150699583333,0.964354229032826
495475,19.2615314266666,1.749234074198
495476,19.649868345,2.59279306757568
495477,15.7349310866666,0.764410183354257
495478,20.4482598783333,1.30435618666117
495479,20.1020419249999,1.60758246937323
495480,16.8132331733333,0.813709517079454
495481,15.926774195,1.51986031523061
495482,17.7042752766666,2.07586649747169
495483,14.2885808516666,0.921511180285552
495484,18.675861425,1.85821894067665
495485,19.3514484,2.4175575615408
495486,18.114145875,1.40728872457199
495487,15.4778325366666,1.27580720771488
495488,14.8742201016666,0.871040581024601
495489,20.39108726,1.19025553066464
495490,18.32043088,0.913954218101067
495491,15.88749357,0.617595242832531
495492,16.1763877833333,1.03703243641941
495493,20.6257514416666,2.16138006174474
495494,22.876424305,1.45233615953826
495495,17.8157724316666,2.02714744345872
495496,17.8056757433333,0.634513200998239
495497,21.6748432733333,0.795106170631379
495498,16.9787157799999,2.54953270501447
495499,13.7759860933333,1.28149874180077
495500,18.222448285,0.810642705059968
495501,18.5219660866666,1.14487644413076
495502,19.5360387716666,0.894765838530869
495503,20.9719971233333,0.401335735504222
495504,22.1423249633333,0.810170383186987
495505,17.2998125916666,1.22843246875081
495506,18.7844550399999,2.03921582786406
495507,21.67223981,0.545920931270194
495508,21.8351610883333,0.424038724879414
495509,17.80492087,1.08510581268694
495510,15.4453742916666,0.608934951986548
495511,14.2031197166666,0.522076071464276
495512,15.1851112116666,0.617172926671877
495513,16.2851869449999,0.886536175522364
495514,14.8345377466666,1.1869378919716
495515,18.6837818683333,0.547508594657359
495516,15.8794323566666,1.10670738271031
495517,14.4604725766666,0.617239785998032
495518,18.3320987516666,0.801822661706189
495519,20.1576990516666,1.10811699467608
495520,19.5675867266666,0.635946134207
495521,21.9113219016666,0.92925348845274
495522,18.95021026,0.279773426734157
495523,15.7356894166666,0.731097118325642
495524,15.9230485,0.906995525353823
495525,16.4896597033333,0.796248256695026
495526,17.8762980733333,0.786172780180649
495527,14.3836677066666,0.567483600145244
495528,14.5709770833333,0.308275493703374
495529,15.1602691116666,0.487111509621657
495530,17.8262436083333,1.53692542963219
495531,18.1191054783333,1.0405567595598
495532,17.7675979316666,0.360909383569796
495533,20.0166487116666,1.11886100704691
495534,17.2446012849999,1.64476815324385
495535,14.330379535,0.505511520703261
495536,17.0294626616666,0.662109560389348
495537,16.6284806033333,0.852687236533175
495538,17.4719761316666,1.31473264139473
495539,19.5584517183333,1.4165132817671
495540,16.029721245,1.12042274128266
495541,13.71665283,0.196968153011671
495542,14.2664640583333,0.852909261106615
495543,15.26116225,0.366822308432826
495544,14.93651686,0.63286089860897
495545,13.4239865099999,0.272215514839474
495546,14.0643978166666,0.867270329437231
495547,13.8206631766666,0.77132044912996
495548,13.7098912683333,0.597205439893963
495549,14.67901733,0.105342410304491
495550,14.3815668616666,0.144467100815018
495551,13.27114646,0.413692614324851
495552,14.414166035,0.925008072670624
495553,15.28320741,0.573799797225104
495554,14.38204515,0.0
495555,28.2005968042857,0.441541063770512
495556,28.2651510233333,0.37052880052052
495557,28.86766049,0.395974120824578
495558,28.7945768383333,0.305772203312025
495559,30.2887851483333,0.639265226296499
495560,30.0473991416666,0.748459595765396
495561,27.722177985,1.19850526489054
495562,25.4567981866666,0.178561367001538
495563,24.7397297183333,0.242730508938864
495564,27.1843509366666,0.739367492003341
495565,27.1692362583333,0.345559321296734
495566,28.008253505,0.542258388195114
495567,31.4773422566666,0.771179626769364
495568,29.890846275,0.930782155673173
495569,29.076929556,1.01946413350498
495570,23.5320099433333,1.31195257754303
495571,19.7019990283333,0.353692365627115
495572,20.7056474616666,0.40994830416868
495573,24.5735560133333,2.37784619241703
495574,29.80069702,0.322713442623052
495575,30.9590346666666,1.23896431447118
495576,30.1869405133333,1.799108046878
495577,22.5818488,1.35144451289856
495578,23.3786421416666,1.51118262858251
495579,28.9491184183333,1.14044998054499
495580,22.7292227583333,1.25314624443367
495581,23.226329606,1.23377811516656
495582,29.8179343266666,1.39289423263996
495583,28.679884845,0.774839103671405
495584,33.58439388,1.0513802801408
495585,30.612247345,1.41307578646713
495586,24.37227837,2.25885425747436
495587,19.5478245283333,0.286212239103214
495588,20.707177645,0.480899796488796
495589,21.1177023766666,1.01092715113186
495590,26.3737554999999,1.33897142671646
495591,27.1562832666666,0.44848052939278
495592,27.86541719,0.806659318477637
495593,29.2655904683333,0.165174987341856
495594,25.1087904483333,2.0341545475137
495595,22.007454215,0.299313500287392
495596,23.9665329433333,0.428567216154167
495597,23.08792817,0.427941393980614
495598,21.6001892233333,0.386347773762143
495599,21.6706645383333,0.205285530664334
495600,21.9290126916666,0.962837317957709
495601,26.3538666666666,0.878333063978779
495602,27.5427818416666,0.11329699333902
495603,27.2301051166666,0.684551236285366
495604,26.42986998,0.917342518956008
495605,26.3937157316666,0.96786217248518
495606,27.3269304366666,1.27549854133237
495607,25.0380779116666,0.945286593803628
495608,24.63691157,0.180554246522099
495609,27.3456976145454,0.887819811043806
495610,27.68660228,0.152543193726276
495611,26.2570044383333,0.443328303572563
495612,28.105653925,0.721241333556896
495613,29.5167786716666,0.211940632601858
495614,27.2742405883333,0.974998117954887
495615,26.82959386,0.856798311774325
495616,30.81659934,0.898543622781309
495617,30.7566700716666,0.708399414899543
495618,27.3819220533333,0.787060690383717
495619,25.7062351799999,0.266710359648375
495620,27.953473784,0.53445736441267
495621,23.1663215584615,2.59147187781503
495622,20.469085525,0.28098940110349
495623,23.727651612,1.48951237815356
495624,28.3684076933333,0.673107191110506
495625,22.9873132599999,2.71320792265509
495626,19.7793130783333,0.297436918252231
495627,20.002538265,0.251757892462327
495628,20.0997912266666,0.296482778988401
495629,20.2776316133333,0.103127535448673
495630,20.576556495,0.411366118796918
495631,24.3389228833333,1.65307811827385
495632,28.9039149066666,0.833494032918302
495633,24.1406831416666,1.04969721029384
495634,20.7912923466666,1.26954707384776
495635,19.899442064,0.426629894666892
495636,20.3072718016666,0.18886147851225
495637,22.4230212716666,0.917484998584295
495638,24.3288065283333,0.63330523168756
495639,21.78211946,0.46259584102666
495640,21.4579087866666,0.161981706494943
495641,21.240113495,0.255014917609796
495642,20.5814739183333,0.178312176646236
495643,20.7732190216666,0.24709215182887
495644,22.425555755,0.387772933278238
495645,25.3234582083333,1.59446440683979
495646,24.0950634816666,2.11218404490823
495647,21.88813482,0.241383819195334
495648,25.1743651683333,1.61280575942998
495649,23.7747872683333,2.19309080589949
495650,21.833982125,1.22774237384224
495651,22.4776124766666,0.870188622117291
495652,22.120832765,0.403738554738319
495653,19.0241618916666,0.864513974772109
495654,19.4125281183333,0.454831269296722
495655,19.9185999916666,0.0857260270642614
495656,20.2476477533333,0.218882448003031
495657,21.19149603,0.236594963910284
495658,21.1841175933333,0.214290010712283
495659,21.3724820216666,0.658133036648083
495660,21.8591757766666,1.04426445534977
495661,20.3435854466666,0.325504500379494
495662,24.35380787,2.04616760805313
495663,27.201179895,0.319115057537077
495664,23.766126604,0.914433563386708
495665,24.4001160533333,0.92050421929449
495666,23.7078409083333,1.45824110693721
495667,19.5223493083333,1.00753625244864
495668,18.9305501183333,0.192171105247519
495669,18.2203552333333,0.543486402260889
495670,18.7337641633333,1.36723194121915
495671,22.1132224683333,0.513054195228896
495672,21.0727495166666,0.986506989080861
495673,19.6990007633333,0.759525801674089
495674,24.1721751716666,0.937856278332628
495675,23.7894751716666,1.53810222031434
495676,24.304111466,1.47494501214759
495677,19.74637316,0.592024103313173
495678,20.3092336316666,0.345813616677969
495679,20.5901442866666,0.175751384624941
495680,20.5131897966666,0.22934972406888
495681,20.381823725,0.307953168322646
495682,20.9881715366666,0.0792502539983887
495683,21.6788241333333,0.346533858918844
495684,22.3620055783333,0.0927202614990675
495685,24.7899434716666,1.50467428165667
495686,23.4219966016666,1.59614764514484
495687,20.4582709083333,0.45082562300607
495688,20.352176606,0.223101845506802
495689,20.709027785,0.0418675847249275
495690,20.3448485714285,0.25984456750444
495691,19.1071638766666,0.453267162451242
495692,17.732208628,0.190598785462188
495693,17.9880373066666,0.0811861356978939
495694,19.2982705383333,0.570893734048906
495695,20.6015693483333,0.516747935282309
495696,21.2758463566666,0.0999938356260211
495697,21.25706067,0.528124971333242
495698,18.2663302966666,0.526364602420438
495699,17.1690710583333,0.146367985575066
495700,17.4208160466666,0.0748730072503585
495701,17.5334640683333,0.0609377259536674
495702,19.785827075,1.28475062162095
495703,20.5631427516666,0.997319856891769
495704,17.77081519,0.539622238458651
495705,15.8101926716666,0.314159659823464
495706,15.7961173616666,0.101426821030084
495707,16.0756215483333,0.151987992316051
495708,16.0117732583333,0.112763953684594
495709,16.5966235,0.24687370414423
495710,15.8206021566666,0.267830280521744
495711,14.4012099383333,0.330242754928161
495712,14.9682908433333,0.137736672744635
495713,15.3384336566666,0.146197357210719
495714,14.8253208533333,0.149066909222718
495715,14.5800365666666,0.177478766138221
495716,14.331306328,0.10401852828579
495717,14.2306369016666,0.164611575084559
495718,13.7240678366666,0.0708920846355429
495719,14.1934754483333,0.170606708468339
495720,15.1111792616666,0.700024176245383
495721,17.307526435,0.460313697852186
495722,18.780995965,0.224195901507227
495723,17.01673935,0.677602863285757
495724,16.59259938,0.166100113002162
495725,16.7141055716666,0.113873332760648
495726,15.8489222833333,0.247950599115056
495727,14.970861155,0.360221814365032
495728,14.0176157533333,0.223181650211584
495729,14.2646354833333,0.227807275694036
495730,14.3668370816666,0.582941511958809
495731,16.0416981,0.203644626468729
495732,16.571717826,0.0692817757238182
495733,17.0407040283333,0.253851227456561
495734,16.9145348316666,0.299970552379981
495735,16.175135155,0.122209681110911
495736,16.2020084066666,0.249187730000748
495737,16.6597375933333,0.219583434391191
495738,17.2635162283333,0.146571771093339
495739,19.2987500849999,1.33153813132804
495740,17.3211570733333,1.58448974634213
495741,16.30239017,0.603361846152169
495742,16.4725619216666,0.502215594606613
495743,16.485306675,0.400045305211319
495744,19.674299664,0.743439102515713
495745,19.665473805,0.202153262756586
495746,18.56447404,0.116479100330893
495747,16.7577136166666,0.919422618738654
495748,13.887631155,0.572488782815305
495749,12.9114469166666,0.427835284694397
495750,13.8147377483333,0.0468126537065332
495751,13.71564257,0.132811420484862
495752,13.6411608516666,0.223957047678204
495753,14.3251512583333,0.176051940566818
495754,13.4538604183333,0.334745237251547
495755,13.09671251,0.211890150128482
495756,13.6763733383333,0.126832982259846
495757,13.9298553959999,0.20294110451621
495758,14.3004623714285,0.184619263903435
495759,14.5247172533333,0.0744406407092946
495760,15.51274044,0.786366107156421
495761,18.661179252,0.404433473647444
495762,15.5135633266666,0.773220510468387
495763,18.1472084283333,0.709906582563865
495764,20.11354415,1.30842212443418
495765,20.2776983816666,1.22332274778958
495766,19.6588636216666,0.973886759943722
495767,22.4659773433333,1.34536770324025
495768,23.896097185,1.17650753960834
495769,19.8867265583333,0.60009604789147
495770,20.74200227,0.25761736419176
495771,23.86896418,1.30088361180396
495772,22.8397136216666,1.24014940624813
495773,22.359461192,0.244556300178627
495774,22.952861915,0.478584802886178
495775,23.5307590383333,0.941237056745677
495776,21.2058850366666,0.381569064696824
495777,20.141698305,0.174723069378944
495778,20.9410376083333,0.181624078660993
495779,22.3705141349999,1.17318305209892
495780,21.2173862866666,1.78993573978121
495781,19.0825932516666,0.138543472102882
495782,19.9382268766666,0.620891541267656
495783,23.3974901383333,1.88242692967267
495784,26.0720464766666,0.742105709961996
495785,21.741280902,0.885673608941761
495786,20.8680275483333,0.276253467050376
495787,23.09670125,1.46178677779533
495788,27.4886365783333,0.559548534651285
495789,26.5072379733333,0.512544695621291
495790,22.1976121233333,0.998029938615828
495791,22.4642403383333,0.665275790056224
495792,20.413952485,1.2800621249676
495793,18.8153666449999,0.0814429160668269
495794,18.0861494066666,0.308070464905671
495795,18.8541139216666,0.367248332347073
495796,18.3951654483333,0.358111738134374
495797,17.46509484,0.214552475719521
495798,19.9273000766666,1.15481680642225
495799,26.052585245,1.7722739511554
495800,27.1370435333333,0.258364838182744
495801,22.441389744,1.92651081920611
495802,20.8891314416666,0.470266583265421
495803,25.7390221483333,2.37705231348473
495804,26.966265305,2.39493614205202
495805,22.1979256166666,0.825409776358132
495806,25.2237429783333,0.747015543165907
495807,21.60069227,1.57195058111858
495808,21.7115759116666,0.32587016847398
495809,24.849519535,0.964242743244341
495810,28.2318711266666,0.809263653116455
495811,25.20944767,0.908513088541705
495812,24.1031355483333,0.34724124564845
495813,22.663126252,0.5012458009687
495814,24.4332530316666,0.100319551236862
495815,26.3903528599999,1.18171893837241
495816,26.4729544816666,0.685408599152033
495817,23.9447656066666,0.981595313778619
495818,25.1967036816666,0.724946489040137
495819,25.5067085216666,0.199884448260415
495820,28.255823725,0.821608592915179
495821,26.788345115,0.951166871601507
495822,24.891696935,0.595485453236819
495823,23.0135152066666,0.263755837354901
495824,24.4056127866666,0.507872735934725
495825,23.145116662,0.264741545006983
495826,24.1021941799999,0.130335668201447
495827,23.528277345,0.306221254481439
495828,24.6085655283333,0.345377159931342
495829,25.51819888,1.52053729774518
495830,30.4028287216666,0.935461188037718
495831,33.1064850766666,0.413830587378661
495832,29.5772355866666,1.21865022991388
495833,23.6259696666666,1.50270816258662
495834,21.5627959316666,0.16210902420315
495835,20.6539103583333,0.469917345179992
495836,23.6418430933333,0.791992829212907
495837,25.7363689599999,0.762855665098394
495838,23.2707438483333,1.3475836972579
495839,22.628707385,0.602057948714034
495840,24.4732281116666,0.28843295067797
495841,24.997320502,0.185144765068588
495842,24.6585415716666,0.780322923495527
495843,28.5389892583333,1.05797396830067
495844,28.4129720283333,1.72781319884686
495845,27.3119015366666,1.06298573422791
495846,24.9011137833333,1.11581719651098
495847,28.169457415,0.919760560778428
495848,26.97407626,1.45093304232069
495849,22.401020985,0.331519685226093
495850,23.4807394399999,0.697504286971309
495851,29.4457990749999,1.96864887182202
495852,30.2808988216666,0.807370569562121
495853,26.8094120299999,2.00284023827258
495854,21.86050048,0.300740922189466
495855,25.1478151383333,2.13529075959393
495856,28.8615646733333,0.197453734990975
495857,27.1647286816666,0.783061999954043
495858,26.23884035,0.302998081316753
495859,25.5994859049999,1.10526707445979
495860,29.2085974516666,0.470421983450128
495861,27.9614149366666,0.457237303396864
495862,25.8367086966666,0.270826420575096
495863,28.0173934966666,1.69569459001008
495864,29.5915181383333,2.14935770179452
495865,24.5331452549999,1.06311968228329
495866,28.0633862983333,0.315542370419586
495867,29.2350397983333,0.23196266021909
495868,29.4848829216666,0.863012894356803
495869,26.4630078816666,0.215146135947038
495870,26.189409698,0.455670636689287
495871,27.5779100416666,0.631985160786287
495872,25.9528471916666,0.394150066816747
495873,25.92354381,0.534887689376888
495874,27.8638835033333,0.806299408883346
495875,31.7725069833333,1.93362203810775
495876,27.0791016783333,2.54995804714542
495877,25.6208734683333,0.585869520350837
495878,25.3212845683333,0.833475172368414
495879,21.934424515,0.822111188122839
495880,25.84732901,3.03922315323087
495881,31.9254720683333,0.699333436913266
495882,29.956158316,1.06820206604022
495883,25.9559943183333,0.728490611835249
495884,25.4721683516666,0.301701690477679
495885,26.5942522233333,0.378049372963829
495886,26.1332039999999,0.491289008823299
495887,29.1384113983333,0.81514806646701
495888,29.1923916666666,0.459475327774548
495889,27.4296699566666,0.873713652413318
495890,24.5136352216666,0.586410428852997
495891,27.01242444,0.145027584284166
495892,27.657419355,0.306281989877367
495893,27.54744852,0.477103284857859
495894,29.55561692,0.534928240877702
495895,31.7315050683333,0.5627951226715
495896,27.6646191783333,1.30099632123749
495897,28.4940658216666,0.5454891084726
495898,28.200473388,0.279587432537237
495899,27.0822548866666,1.32368101552647
495900,30.7928383999999,1.60422988995712
495901,24.5305396166666,1.19355454078557
495902,22.9330259216666,0.231528552231574
495903,25.5595312416666,0.902148233963351
495904,27.3956002949999,0.394053451128254
495905,25.0746800483333,0.366982061307237
495906,26.9915432349999,1.43072009992723
495907,29.86550484,0.208629516374406
495908,29.7575294299999,0.247374098169415
495909,28.863112866,0.554141225974651
495910,28.7129234566666,0.842068897546087
495911,28.7902114733333,0.886228727658693
495912,25.5596323833333,1.00629164126212
495913,23.7925673883333,0.29697504805322
495914,25.5050055333333,0.471182029417794
495915,24.313760645,0.9017212841655
495916,24.0215648316666,1.04460266738059
495917,28.017749965,1.89710330150867
495918,33.3547018866666,1.22859911551929
495919,31.7892998283333,1.45213715786632
495920,32.8445988899999,0.62667580602621
495921,34.083902606,0.366602738382322
495922,32.7601499833333,0.328675388374329
495923,32.7976117466666,0.235222659460269
495924,31.071215685,1.26145868229744
495925,25.8518870733333,1.21479766911995
495926,22.6372904566666,0.716808748354626
495927,22.867365205,0.240285100342678
495928,27.9797612466666,1.89878391068279
495929,29.16703825,0.154510548960049
495930,28.9926052333333,0.717260248454303
495931,30.5884049316666,0.612963529208638
495932,32.9927769166666,0.312985778117269
495933,30.3574376183333,0.972700314267419
495934,29.23212983,1.2158610926011
495935,26.3355042949999,0.120794026989022
495936,24.59739901,0.577156272561302
495937,23.864989148,0.399584967007289
495938,27.3806875833333,1.21655652866537
495939,27.5103187716666,0.424775032476997
495940,30.30629145,1.005380028772
495941,30.5054249216666,1.3992679971321
495942,26.8004804766666,0.999966939147729
495943,29.5292506383333,0.924329239018708
495944,28.4722770466666,0.219249476901155
495945,28.3267625116666,0.171510966337155
495946,28.1648404533333,0.446297539226467
495947,29.1056754016666,0.616482497243885
495948,26.7300375433333,0.215317238955078
495949,26.2403500619999,0.224768411429121
495950,25.7965815583333,0.71960573700885
495951,23.85533925,0.357305650307102
495952,22.5354878733333,0.342903894173003
495953,22.9972990033333,0.424257730841847
495954,22.9342695816666,0.318701195443676
495955,22.1039003966666,0.724329187227664
495956,21.551072435,1.09271205375006
495957,25.93490684,0.785876043307386
495958,30.017816085,0.929390793187079
495959,29.1831940933333,0.649047349638984
495960,29.5350528233333,0.973993659266464
495961,28.5334369699999,0.111982341155519
495962,30.6200342683333,1.37909579435849
495963,31.2728690333333,0.618036026583208
495964,31.2117064866666,0.79203623311737
495965,32.1115876849999,0.299787968547214
495966,33.409190602,0.581234189514023
495967,32.060202625,0.84495564681432
495968,34.3730913633333,0.650197554909986
495969,32.4890944533333,1.53922418896137
495970,24.1116974733333,1.92750082124164
495971,28.008576515,1.66638598576391
495972,30.487638005,1.03877362235234
495973,26.4382310233333,0.812779795932792
495974,25.157237865,1.47752890625964
495975,26.0093229049999,1.56604455618487
495976,24.1549457733333,1.88399594796892
495977,24.71211886,1.88028917065544
495978,24.666116748,1.60222770875371
495979,26.7552855966666,3.01807451395076
495980,29.664042495,1.10244097979577
495981,28.9072163716666,1.24905879706565
495982,27.2550324966666,0.845513619061108
495983,26.24922734,0.69369765372809
495984,28.5014330733333,0.975728737634671
495985,27.1357415816666,2.46792516187346
495986,25.6115887116666,2.16247439269251
495987,29.9261490266666,0.267505406655464
495988,23.72109369,2.68087281779543
495989,22.112463,1.50446660556663
495990,25.455089968,0.917769483928996
495991,22.6988352866666,1.04431326929056
495992,21.3688001166666,1.31856253998452
495993,27.7468574816666,1.10412647319885
495994,27.75857902,0.282910776684516
495995,24.3289995966666,1.63518002069246
495996,23.0437607916666,0.282933296484046
495997,24.3726750416666,1.01934169821728
495998,21.0655151516666,0.450504482432245
495999,24.9068986066666,1.04660744645074
496000,22.2059763633333,0.82849675605535
496001,20.9198988516666,1.62615272817142
496002,25.8779974616666,0.895809360612536
496003,24.660322455,0.998797893122039
496004,26.6555023599999,1.50566675955077
496005,25.1224357933333,0.505004967286816
498751,0.906803846153846,0.066786012934361
498752,0.91398679245283,0.0924902688154851
498753,0.883457692307692,0.0691031930302952
498754,0.957445998113207,0.0843812957657522
498755,0.922469826923077,0.077956066668704
498756,0.975305925,0.0740038884227191
498757,0.984166235849056,0.111281700410414
498758,0.918639107692307,0.102244889071359
498759,0.869905933962264,0.0798628749553362
498760,0.925391751923076,0.111078834107636
498761,1.00384657272727,0.101897711995054
498762,1.04333235454545,0.0905988775837012
498763,0.852002731481481,0.0833001308857778
498764,0.946555801818181,0.117370067185277
498765,0.969269467272727,0.0888565617121069
498766,0.990385998181818,0.12820663328803
498767,1.00398135555555,0.0879184057228162
498768,0.99915185090909,0.0837406196733241
498769,0.998687843636363,0.0857570375639706
498770,0.931749479629629,0.124450521499053
498771,1.03690600545454,0.0796287521568056
498772,0.97101575090909,0.079398149853768
498773,1.05715295185185,0.0642439623018777
498774,1.04337544181818,0.0714171805436394
498775,0.964119311111111,0.0903193326580394
498776,0.967977911111111,0.0740862903252678
498777,0.920078418867924,0.125253737642358
498778,0.869638685185185,0.0981225944599924
498779,0.944217049056603,0.131440272214838
498780,0.990375229629629,0.0793137062335957
498781,0.870376171698113,0.10620639549588
498782,0.969514022222222,0.0875010890710968
498783,0.987373626415094,0.0991857585002174
498784,1.02302619259259,0.0731856023646268
498785,0.999211360377358,0.0586279186281485
498786,0.935896074074074,0.078296623334211
498787,0.876464194444444,0.0897593022844004
498788,0.745082833962263,0.0760752969134018
498789,0.766928562962962,0.0804627793225775
498790,0.817352428301886,0.131876061902021
498791,0.961384677777777,0.0744843429560937
498792,0.856594575471697,0.132950216814466
498793,0.832224949056603,0.186390930837691
498794,0.889394958823529,0.0774535389569726
498795,0.916288416,0.134796565807691
498796,0.950638982352941,0.119158437194396
498797,1.003905796,0.0951480500218117
498798,0.976663723529411,0.0746102276835397
498799,1.0277700372549,0.0705270508886024
498800,1.005015622,0.0758019516387336
498801,0.930380458823529,0.0626084527393072
498802,0.883235897619047,0.106198441973217
498803,1.06560858352941,0.0798206834074313
498804,1.01998602619047,0.0854803951002566
498805,0.830830036521739,0.132376631329978
498806,0.839105425409836,0.101268675904759
498807,0.787383495081967,0.0745580312715734
498808,0.734813670247933,0.121964696675514
498809,0.942421502459016,0.105370215784595
498810,0.918557363114754,0.10680080828459
498811,0.911214710743801,0.072769395427597
498812,0.840568780327868,0.0664970356303339
498813,0.827649720491803,0.0717992122140168
498814,0.836055795867768,0.0638802354692501
498815,0.789562104918032,0.0833623202408724
498816,0.804289942477876,0.0743523871178023
498817,0.839323544210526,0.154131626845027
498818,0.753334018085106,0.0857404913269686
498819,0.899959065957446,0.113853439366711
498820,0.844306796666666,0.105418664448496
498821,0.827857856043956,0.0650085311880049
498822,0.873021321111111,0.143963602319578
498823,0.890057098901098,0.12802361163582
498824,0.801090711111111,0.127104690963782
498825,0.783669778021977,0.0921836660210638
498826,0.82754333,0.195293610346727
498827,1.17938697083333,0.198655402712224
498828,1.03882163199999,0.105514498010498
498829,0.9542956152,0.110022442936693
498830,0.804313641269841,0.125315790479576
498831,0.801659888799999,0.0911698614028291
498832,0.9193558416,0.0904736797106139
498833,0.998645900990099,0.104585105551741
498834,0.997091010204081,0.0729824755404875
498835,0.924000082653061,0.104192221637138
498836,0.995882242268041,0.149351727251395
498837,1.02845369999999,0.125767665445425
498838,0.97744287113402,0.111164021293861
498839,0.913416386734693,0.0838206742204106
498840,0.989478321428571,0.0825090228522376
498841,0.975627908247422,0.102641913120024
498842,0.983721080612244,0.0673872307998297
498843,0.955556022680412,0.090802800998303
498844,1.08033407244897,0.108904872902333
498845,0.939688854081632,0.118560863538322
498846,0.854906938144329,0.118558068461348
498847,0.905959564285714,0.151340237599792
498848,0.921046507216494,0.0800733959851168
498849,0.913266871428571,0.0761981245061631
498850,0.86059466632653,0.0836652084177204
498851,0.984749860824742,0.0679913336739665
498852,0.955540597959183,0.0824248589794142
498853,0.945667262065217,0.119715128159796
498854,0.981703038043478,0.0726741289101395
498855,1.06722432527472,0.101496194488336
498856,0.939011928260869,0.129237271147303
498857,1.01246089010989,0.0848501652612403
498858,0.995793579347826,0.0929477442552529
498859,0.842186973626373,0.115802919247387
498860,0.989530358241758,0.0784455329908902
498861,0.979652458695652,0.0900492533178264
498862,0.887268318681318,0.126098653310686
498863,0.916358110869565,0.0959278579892229
498864,0.937393747252747,0.0718766161877702
498865,0.924852564130434,0.0818212131029329
498866,0.905701337362637,0.0700365017661813
498867,0.902506017391304,0.0722572252947407
498868,0.809186169230769,0.0906014511867302
498869,0.840788697802197,0.0918549740260203
498870,0.826235499999999,0.0757293553871054
498871,0.917194007692307,0.105997274245017
498872,0.894077155434782,0.0819195939114297
498873,0.939890365934066,0.0756159171159455
498874,0.950725736956521,0.0625589316564506
498875,0.980081296703296,0.0743933148517199
498876,0.999364418478261,0.0756944924156853
498877,0.977811184375,0.0700104792507481
498878,0.934162178947368,0.0841883811683147
498879,0.951878297916666,0.0795168064368129
498880,0.966148257291666,0.0942145228866523
498881,0.921940891578947,0.119890137538862
498882,1.0674690875,0.338018992029233
498883,0.856223326315789,0.319805076643917
498884,1.01900415520833,0.306284165409629
498885,0.957642824210526,0.0678757698643472
498886,0.986177694791666,0.0694763536388136
498887,0.869935015789473,0.0734495948945488
498888,0.931141498958333,0.0955591545913691
498889,0.918866404210526,0.0942608974453473
498890,0.976458458333333,0.0725192105530732
498891,0.928422848958333,0.0771162826898174
498892,0.824208244210526,0.105539046732386
498893,0.868808217708333,0.0578905560486912
498894,0.914518890526316,0.0704777218472141
498895,0.942033575,0.0732876901305965
498896,0.858556244210526,0.0890966667127336
498897,0.929651739583333,0.0840070528481568
498898,0.910500685263158,0.141951999454598
498899,0.939986510416666,0.109475072406918
498900,0.891804642708333,0.085994039799366
498901,1.21045661789473,0.665320271817178
498902,0.925378872371134,0.150315675002393
498903,0.995546410309278,0.0902979557934895
498904,0.90965629484536,0.0900914042217896
498905,0.910508162886597,0.0973004352457852
498906,0.897027636082474,0.125788155451973
498907,0.927102593814433,0.107648272550929
498908,0.996725491752577,0.0880185985866198
498909,0.943453005154639,0.087047035599896
498910,0.891388516494845,0.10513275619479
498911,0.951613002061855,0.111220783660388
498912,0.857443130927835,0.0871502514026578
498913,0.854868789690721,0.0970488688353519
498914,0.893231567010309,0.106018568789834
498915,0.904196044329897,0.0661349411281409
498916,0.869148941836734,0.122544764551171
498917,0.957030182474227,0.129063495504165
498918,0.834650110309278,0.0578903088577569
498919,0.846446734020618,0.0866079831882135
498920,0.872312012371134,0.0986951311559676
498921,0.89446870927835,0.0556534137936685
498922,0.901638648453608,0.0771019821394628
498923,0.819960386597938,0.0881871008264751
498924,0.800915310309278,0.12281145585879
498925,1.0592999484536,0.0764178579915461
498926,1.03183994432989,0.0962096073803614
498927,0.9056571,0.119708071484074
498928,0.972663539175257,0.0708739649452471
498929,0.929057515463917,0.11234631978093
498930,0.812436945360824,0.0884797215361849
498931,0.940101777319587,0.0897987641404482
498932,0.941383560824742,0.0890269836447095
498933,0.904455317525773,0.0665724917220752
498934,0.907854482474226,0.105801535809921
498935,0.867826397916666,0.0875887863345162
498936,0.935702255670103,0.0667627704082301
498937,0.920281729896907,0.0705583321597835
498938,0.906872876288659,0.0666673694201491
498939,0.82076860927835,0.0648432735678613
498940,0.935961376288659,0.069137665355984
498941,0.903318253608247,0.0629838486934188
498942,0.930638349484535,0.0779854848781293
498943,0.887730648453608,0.0767611963935872
498944,0.937144862886598,0.0645948266253053
498945,0.90518971875,0.173363649152416
498946,0.8636638375,0.0927553177488305
498947,0.789330298958333,0.0511659307466332
498948,0.810919863541666,0.0770455694703589
498949,0.8149153875,0.0955602770487529
498950,0.767135471875,0.0538875172348571
498951,0.764316514583333,0.0537637465273901
498952,0.738905708333333,0.0475365263957461
498953,0.769594979166666,0.0570076826611936
498954,0.743735777894736,0.0574310818372497
498955,0.744334907291666,0.0660936846055771
498956,0.815602280208333,0.052840386765774
498957,0.798979412499999,0.0805354694494195
498958,0.831708482291666,0.0680244101081093
498959,0.793134049999999,0.095549337532672
498960,0.79604569375,0.0586625227929918
498961,0.839407076041666,0.0736581506832432
498962,0.807182567708333,0.0575598397338197
498963,0.849068941666666,0.0616783949022512
498964,0.846320564583333,0.119229559656925
498965,0.831236830526315,0.062771415754855
498966,0.872771905208333,0.070718950316547
498967,0.651201186868686,2.23587506212904
498968,0.87529748095238,0.0496045070368449
498969,0.832955247169811,0.0533049344213495
498970,0.844551015238095,0.043886349773746
498971,0.854034559433962,0.0670377936094552
498972,0.853654416190476,0.0670953022652024
498973,0.848573722857142,0.0861804871913361
498974,0.870835233018867,0.0705881885465637
498975,0.849170218095238,0.059661181750055
498976,0.826607408,0.110528586338178
498977,0.883200512280701,0.0736680580909477
498978,0.842052995575221,0.0834649236365711
498979,0.882253318421052,0.0551925683463363
498980,0.887412227192982,0.0702752681894091
498981,0.907182655752212,0.0673860657246713
498982,0.880958246491228,0.0715622798433977
498983,0.870996436842105,0.0579545581178837
498984,0.885869115044247,0.0612903021271908
498985,0.865712802678571,0.0572430072408528
498986,0.939116637755102,0.0737822219550038
498987,0.932280184693877,0.0862539309805236
498988,0.920527762244898,0.0596721278789566
498989,1.00263517244897,0.294463377150998
498990,0.936089761616161,0.0822049545187259
498991,0.850765196938775,0.0503395578619339
498992,0.838091756122449,0.0590975936922658
498993,0.870255922448979,0.0508563302321203
498994,0.9087777,0.0596989979924799
498995,0.899850754081632,0.048055468929109
498996,0.836681440816326,0.0638999261550894
498997,0.871085740816326,0.0658051893026447
498998,0.895473698979591,0.0538566085499291
498999,0.880005147959183,0.0550662503697586
499000,0.918389406060605,0.0462494568237299
499001,0.905474370408163,0.0701276109764937
499002,0.934121545918367,0.0704817118000488
499003,0.898179103061224,0.0641842728332554
499004,0.88530318490566,0.0687867298163731
499005,0.871877071698113,0.0663784892999198
499006,0.841704144859813,0.0484781152056433
499007,0.912169833644859,0.0513611427968798
499008,0.902395216037735,0.0539736789256458
499009,0.84577899906542,0.0624147719512866
499010,0.882580436448598,0.0617204745329475
499011,0.796499708411215,0.0417958279249673
499012,0.806702198113207,0.0486351582098929
499013,0.842561642990654,0.0638324360394178
499014,0.812224393457943,0.0721418807183316
499015,0.87436056981132,0.0604442325693429
499016,0.818943656074766,0.0796025355727273
499017,0.852922077570093,0.108256939726787
499018,0.792168567924528,0.0652636493952285
499019,0.783153458823529,0.0545034029258928
499020,0.775358401960784,0.0430719979953219
499021,0.80851758627451,0.0713355764750386
499022,0.843178958252427,0.052438227997335
499023,0.806406796078431,0.0613533000870111
499024,0.816615852941176,0.0581902488428237
499025,0.773204848039215,0.055758365515525
499026,0.783209534313725,0.0564463014070782
499027,0.774738842156862,0.047979866858258
499028,0.79561032330097,0.0681757901585992
499029,0.824151825742574,0.082652607569755
499030,0.832241903999999,0.081747472555326
499031,0.793730786,0.0708521800246471
499032,0.835320150495049,0.0606752899259406
499033,0.807431512999999,0.0540082011532297
499034,0.868092001,0.0794579559909937
499035,0.889382428,0.0705055000286815
499036,0.889725428,0.0599649861830753
499037,0.802400335,0.0717484616534924
499038,0.841769565682692,0.111212520231189
499039,0.829144526315789,0.0825637346151168
499040,0.829475330088495,0.0650946332459569
499041,0.757476984070796,0.0554444651856452
499042,0.752541880701754,0.0488873001514329
499043,0.85330013539823,0.102578071755906
499044,0.773064557894736,0.0572098520695102
499045,0.731742995575221,0.0462703174726163
499046,0.789596796460176,0.0511418193318836
499047,0.812050394642857,0.056689813702304
499048,0.826481699090909,0.0434247847516295
499049,0.783672341284403,0.0593368915192109
499050,0.793627246363636,0.0677226998525721
499051,0.842614569090909,0.0532229295975261
499052,0.818435977272727,0.040055557312857
499053,0.811403522727272,0.0576796306997345
499054,0.869690765454545,0.0884048617226866
499055,0.885326741284403,0.0845104800526003
499056,1.03376101531531,2.41206536890797
499057,0.825864028125,0.0611213370214231
499058,0.887764647244094,0.101723744165964
499059,0.902118876377953,0.0682238125385106
499060,0.890876203125,0.0820242802607147
499061,0.862156538582677,0.0925912735137485
499062,0.903861220312499,0.115294604478933
499063,0.832761522834645,0.0666923069511942
499064,0.900499703937008,0.0807793167765129
499065,0.877703273983739,0.157284552975496
499066,0.781875847321428,0.0896463357650265
499067,0.937981651351351,0.139937000934213
499068,0.978377213392857,0.0628183926827984
499069,0.966277688392857,0.0823370221825079
499070,0.9166587125,0.0828642868196753
499071,0.876497266071428,0.0706681372162462
499072,0.868897532142857,0.0996031490353227
499073,0.872433147747747,0.103130074687265
499074,0.879530975,0.0858803408792311
499075,0.955822819642857,0.0874105774051583
499076,0.867999182142857,0.0825332122045662
499077,0.804031943636363,0.0737042969627915
499078,0.82152180825688,0.0756961453219505
499079,0.80779236972477,0.0697947698908913
499080,0.838559322727272,0.0861221486802159
499081,0.921256379816513,0.0519343864134895
499082,0.855258211818182,0.0848832671379238
499083,0.887341030985915,0.12913480667728
499120,7.94441403043478,0.393599220315332
499121,6.587594075,0.335156857968935
499122,7.61159600434782,0.405189618643658
499123,7.14483550434782,0.300176647623128
499124,7.03233065833333,0.37882666758745
499125,6.61886567826086,0.941390004609965
499126,7.23148096086956,0.420350884345638
499127,6.88991296086956,0.458613933515188
499128,5.74763367083333,0.846560625323335
499129,6.90607236956521,0.489766892383058
499130,7.01120851304347,0.377735407217821
499131,7.40160394166666,0.537178251825022
499132,6.09747386521739,0.986232571075024
499133,6.21684948695652,0.374966086965643
499134,5.55217769565217,0.424805215571674
499135,5.64286033333333,0.405304412408328
499136,5.25381185652173,0.903718114145928
499137,5.24353800869565,0.625468437098045
499138,5.84007005833333,0.428000074083007
499139,5.83764542173912,0.33297363948247
499140,6.26313087391304,0.84215298859986
499141,6.4963657347826,0.522359637418623
499142,5.91864431666666,0.498872147019791
499143,5.48831717826087,0.255341462553647
499144,5.80903750434782,0.419651121214547
499145,6.25912077499999,0.366625349177325
499146,6.34915707826087,0.570512227378596
499147,6.14310376521739,0.662643979035785
499148,5.97848626666666,0.366699639214624
499149,5.41780749565217,0.722492747314615
499150,5.95338311304347,0.454621955976328
499151,7.57794437916666,1.02301926346178
499152,7.37644329999999,0.77437415395421
499153,7.42763366956521,0.462226650972932
499154,6.00220272499999,0.745839429253692
499155,6.69640102173913,0.608607786576368
499156,6.13816686086956,0.697910884403101
499157,6.85019047391304,0.254401934237156
499158,7.16083810833333,0.239354894433821
499159,6.60030184130434,0.788094601682278
499160,5.61146469166666,0.817692892073757
499161,7.05547303913043,0.63823338454757
499162,6.63970830869565,0.466341122424644
499163,6.55190389565217,0.443099459468473
499164,7.13088920833333,0.624803491071314
499165,7.26414795217391,0.811847709504716
499166,6.45221730434782,0.486765364990859
499167,5.98304612173913,0.33483416530533
499168,6.5260564125,0.314996683784172
499169,6.76546960434782,0.464672609034814
499170,5.73101648695652,0.602004026504471
499171,5.66269749166666,0.496914853848757
499172,5.97073919565217,0.434600315077025
499173,6.0404812347826,0.619571498502858
499174,5.8341593347826,0.219669664511075
499175,5.74208045416666,0.312220411792325
499176,6.29827155652174,0.43248205703943
499177,5.32892557826087,0.329154101048404
499178,6.03728929999999,0.232593059824165
499181,8.64115867,0.837371633497252
499182,7.0278737875,0.616568124113734
499183,5.5375019347826,0.504247191778043
499184,5.62277506956521,0.479372449890124
499185,7.07418085806451,0.648625422386516
499186,6.89265974583333,0.409028335124482
499187,6.27127288260869,0.532892963029926
499188,6.5624650347826,0.601304678517375
499189,7.36744494999999,0.874003531414287
499190,7.2136843173913,1.63168172880888
499191,6.84804748260869,0.957856196002952
499192,6.6700398680851,0.881259350589896
499193,6.62473710434782,0.951172582301324
499194,5.88899673043478,0.627487898729554
499195,6.164133475,0.981957031423418
499196,7.25257524347826,0.481101408734863
499197,6.07006439565217,0.674286946081521
499198,6.38916934782608,0.396356212226278
499199,6.45362538085106,0.546777510968046
499200,7.0493082,0.225733978372454
499201,7.10703295416666,0.567027485351262
499202,7.17759182173913,0.437160684988644
499203,6.31686536521739,0.244321741220039
499204,5.73890154347826,0.470112279980042
499205,7.29953789583333,0.556183595095255
499206,7.13763817826087,0.590934242153364
499207,6.56107136956521,0.382130183885515
499208,6.18871005416666,0.706871788918176
499209,7.89068683913043,0.767495271289488
499210,8.76678348695652,0.544406640490131
499211,7.68845599130434,0.822371432791665
499212,6.74167015416666,0.587709910880411
499213,5.85876115217391,0.319424942110942
499214,5.90523431304347,0.711472532426696
499215,6.0368563375,0.499642421664924
499216,5.63234049130434,0.236228073960281
499217,5.90062436956521,0.653780005349743
499218,5.61173503043478,0.837956630221777
499219,6.04847967916666,0.322720904867618
499220,6.2260475173913,0.457954789873428
499221,5.99297990869565,0.571806701134294
499222,5.90235781276595,0.741743501975001
499223,6.61364661304347,0.639444111687434
499224,5.93310595217391,0.731567212995603
499225,5.53964405833333,0.576576877099438
499226,5.95263228695652,0.296468043453457
499227,6.40796252608695,0.355632729856932
499228,6.37427420869565,0.428903757675618
499229,6.3096340125,0.540523218233512
499230,6.33460163913043,1.02378811296404
499231,7.25728930869565,1.12155103609565
499232,6.02142007083333,0.56797267485828
499233,6.15321644782608,0.565810187458797
499234,6.25825788695652,0.537599237350458
499235,6.35031873043478,0.27713090387431
499236,6.77831673333333,0.535981994078687
499237,6.45974763043478,0.454203124717441
499238,6.15157369565217,0.470787107872878
499239,6.75980770416666,0.399611686117893
499240,6.75569927608695,0.458549269522448
499241,6.03113199565217,0.47332072120196
499242,6.844395925,0.544562122204661
499243,8.43534100869565,0.86791246171969
499244,6.47663949333333,0.729736924060411
499250,9.11418668571428,0.276305813448062
499251,7.03642442083333,0.518263019876104
499252,5.75524777826086,0.603395501207109
499253,6.58464483913043,0.886184360499992
499254,4.92872630434782,0.875646219333252
499255,5.87442130416666,0.722550932185482
499256,7.28833293913043,1.20785698688344
499257,7.63118177391304,2.8591619261735
499258,6.52172881666666,1.64629217631518
499259,6.51863869130434,0.727369805323155
499260,8.60702935652173,0.456516635666901
499261,7.42932048695652,0.784431298350929
499262,7.00269897083333,0.576816704596617
499263,5.80248525217391,1.14898961035836
499264,6.25311418461538,0.227301795806662
499281,1.78793553588421,0.487279167918607
499282,1.66547395019999,0.464174086990501
499283,1.724329312,0.441531611080842
499284,1.83885508665263,0.510830667351241
499285,1.94475554046315,0.483161088310377
499286,1.895475432375,0.453018712348505
499287,1.8002984146421,0.424678817891201
499288,1.85597879376842,0.478121917174179
499289,1.857672445125,0.417548856535838
499290,1.79084996066315,0.408804031148105
499291,1.70707837827368,0.429127966204835
499292,1.80448129053125,0.399090743949455
499293,1.73920834931579,0.424153356815371
499294,1.77282001753684,0.402610256827454
499295,1.83611949438541,0.4908888508939
499296,1.79592208265263,0.428485071437668
499297,1.72678428085863,0.458507249066965
499298,2.84906442974736,11.1891569688676
499299,1.7624393054421,0.421483926563543
499300,1.68596811218947,0.36622595847764
499301,1.65135826273958,0.368169438794497
499302,1.70572695074736,0.363809392339016
499303,1.64998588293684,0.37133664094171
499304,1.60417700354166,0.339873420178726
499305,1.66108369707368,0.381530088252727
499306,1.62756918531578,0.326257441358485
499307,1.67340253035416,0.452685041781571
499308,1.70939426836842,0.368399230369914
499309,1.68801430779999,0.288219665490998
499310,1.65354758707291,0.377561077366181
499311,1.68556484097894,0.386038376523342
499312,1.6542378162,0.284527504368697
499313,1.7533870096875,0.394695402514027
499314,1.65100070488421,0.330768358203108
499315,1.63593222802105,0.451492779417809
499316,1.80750506810526,0.423848405229316
499317,1.61887187044791,0.396228357736376
499318,1.44546357272631,0.326763637293609
499319,1.78809641834951,0.450248543421375
499320,3.16898468743478,2.49074513094905
499321,1.77893647474166,0.491265188389219
499322,1.61630141828333,0.368237502317084
499323,1.4574997980168,0.440558913137732
499324,1.4477332235,0.300276611943546
499325,1.345848609625,0.391455326959846
499326,1.36847356285,0.34204709976844
499327,1.42374492129411,0.511991819497534
499328,1.35118011916666,0.421646541118116
499329,1.4028390116597,0.460493993913033
499330,1.42313878767045,0.331191588419293
499331,1.7337625075875,0.459252113831491
499332,1.68164376223611,0.53970933382633
499333,1.40382118702083,0.325241735727278
499334,1.22135412640963,0.321998046576168
499335,1.19298437871875,0.312281355937811
499336,1.200748598725,0.357852494901102
499337,1.27490462097368,0.398146558603397
499338,1.51254103706818,0.409186605903228
499339,1.54231104858333,0.371218429234676
499340,1.36348850435164,0.432359256980441
499341,1.51724276999382,0.610746663822196
499342,1.3664692534817,0.432859875725069
499343,1.49626155090243,0.5230609702136
499344,1.39131994611042,0.340044978529266
499345,1.70841707168902,0.515172583346612
499346,1.32022749765243,0.421965526574212
499347,1.32059076073006,0.44611451817442
499348,1.43587459126543,0.396999434347117
499349,1.36654760121341,0.422913419519342
499350,1.37178862083536,0.411472855902583
499351,1.17127107141975,0.413565717848
499352,1.3171162850625,0.333608413511238
499353,1.44640817110119,0.528547366313842
499354,1.24273009763114,0.382099509887574
499355,1.07420552774683,0.291832949218408
499356,1.1599025799637,0.36921065721803
499357,1.176240008125,0.364581341710493
499358,1.87174241417682,7.73992613532103
499359,1.18159714244512,0.314673505053631
499360,1.20579176909937,0.868575740799015
499361,1.29904607100609,0.342117273431596
499362,1.22076549567073,0.320515526131499
499363,1.13858346752419,0.295610589516314
499364,1.10711729196249,0.308951626472681
499365,1.20838303855214,0.378617179659825
499366,1.09624544693902,0.559935528191255
499367,1.34534766731097,0.32777177811578
499368,1.27027464895718,0.320360584066456
499369,1.20381571165476,0.304001444158294
499370,1.1750360945119,0.29248778050555
499371,1.62535622537999,0.420664109377489
499372,1.44344695959999,0.421409596980611
499373,1.3970343314625,0.302868948167523
499374,1.33837596886999,0.378792683432621
499375,1.50049021896638,0.346097373958382
499376,1.68030562007692,0.535597826918863
499377,1.57435482747435,0.376197673608556
499378,1.61059737286029,0.401244643740102
499379,1.75099326123076,0.435560371901085
499380,1.31683600194736,0.247088116945871
499381,1.52680787569642,0.349896119934273
499382,1.4919317808351,0.38358775776739
499383,1.28377846920999,0.309046283639008
499384,1.34819795088148,0.308257729837886
499385,1.87983106156854,0.544837290173972
499386,1.85004820875724,0.454362314275241
499387,1.60831014029017,0.354186748094598
499388,1.38114315006511,0.309756184793828
499389,1.48851694645,0.579827605263508
499390,1.8701859740052,0.334546733249791
499391,2.02660090355729,0.346878388101282
499392,2.23376403833333,0.43713033664751
499393,2.2061297387972,0.307035947817018
499394,2.0512896903875,0.287510957682356
499395,2.22247875415714,0.345141664907842
499396,2.5005906529375,0.454527196532602
499397,2.5016846068125,0.435353371551954
499398,2.17768675061538,0.464778545558455
499399,2.27309825285185,0.483429377385995
499400,2.40248042493,0.545068745526736
499401,2.53955886680172,0.583093856944631
499402,2.52813369047368,0.477747776667249
499403,2.48949183771969,0.527247182719175
499404,2.49117593822127,0.541752440808203
499405,2.84821530913888,0.816487507631757
499406,2.56952153990384,0.790061074482561
499407,1.6075610972459,0.4034889751384
499408,1.33389434685116,0.338016508213738
499409,1.81401067143292,0.518119122043626
499410,1.53898439445673,0.570946718073067
499411,1.66902761093837,0.666662287902434
499412,1.2296796129423,0.348332844956932
499413,1.23676927860839,0.305417554279053
499414,1.79400959735606,0.362391635907631
499415,1.63507571433928,0.324870234472672
499416,1.51622006824603,0.504438811403965
499417,2.26705123730555,2.52527758865823
499418,1.08472999505729,0.307664877953668
499419,1.10999030878571,0.228381397333949
499420,1.27530472402962,0.303465005146768
499421,1.25613216562,0.281672378602274
499422,1.28982279367441,0.261678578209956
499423,1.84386417001886,0.357568868280928
499424,1.55296478440875,0.492671815848179
499425,1.24716626001449,0.286049192220514
499426,1.24790720967841,0.365955516031279
499427,1.26835619497297,0.435824288030564
499428,1.26354523938622,0.352862571235183
499429,1.374342815326,0.413327239459844
499430,1.32915084822962,0.393604159280714
499431,1.45681661140363,0.411693758385136
499432,1.65200020526022,0.432337715250209
499433,1.75352975398909,0.503754044409046
499434,1.74133152894074,0.405797158623311
499435,2.17007882158759,1.79220186078399
499436,1.6073417930109,0.416114903746595
499437,1.67077604586245,0.420692082920825
499438,1.43647966441818,0.482175995700299
499439,1.65550486027777,0.531380124492915
499440,1.56688794176727,0.456765679146593
499441,1.50390097294852,0.461748354184068
499442,1.60619688555762,0.54252476376818
499443,1.45752412846181,0.601180368080971
499444,1.56230150536802,0.505530165937383
499445,1.48840037670437,0.487482119829563
499446,1.53477653574626,0.52764621347119
499447,1.53080970826373,0.55589011127678
499448,1.37687652155223,0.564345708477193
499449,1.53816537530036,0.588953458030173
499450,1.47461403352205,0.525071270435265
499451,1.45819373839179,0.499297210923903
499452,1.59226315851838,0.504041811314868
499453,1.31406568158801,0.436848207178837
499454,1.52235148222344,0.565728529191916
499455,1.47772048332234,0.43560188184317
499456,1.72462827592537,0.504702577425863
499457,1.64373466868864,1.88957346265222
499458,1.40224899786142,0.320540276498723
499459,1.49787633882051,0.429968386145892
499460,1.42396365106343,0.357757192703236
499461,1.48641330857142,0.356111382491939
499462,1.72015940093916,0.427437483787359
499463,1.61998734264179,0.403139214440884
499464,1.65891383642971,1.10095919066267
499465,1.7009212142317,0.486841681036366
499466,1.52898982665476,0.652768799000014
499467,1.76522690178787,0.340225283845487
499469,1.9977802777,0.456015901414799
499470,1.86652215811428,0.425323740029191
499471,1.96862349559482,0.35759475218563
499472,1.82456905537333,0.318522724281992
499473,1.62039934982474,0.308325096623437
499474,1.77125451572916,0.315207671100852
499475,1.98513199015555,0.393674569434514
499476,1.83192714061764,0.562878701519139
499477,1.64495018331632,0.308712926812053
499478,1.79528871030303,0.360669247895413
499479,1.78823607945679,0.443366548115656
499480,1.95922174327722,0.505156216318185
499481,1.83524267785869,0.436499712779072
499482,1.78562611782243,0.455027240395701
499483,1.62867349225,0.400754261617688
499484,1.72465946199999,0.36565665224506
499485,1.76599996982456,0.432449889391709
499486,1.3219750247619,0.254154213495433
499487,1.60074680952173,0.49105918473624
499488,1.66681464573913,0.458575859431679
499489,1.65280827237362,0.49790650590146
499490,1.69736682572826,0.423720306461423
499491,1.80326115421978,0.452061156218027
499492,1.68388406683673,0.419566296915334
499493,1.68152370126249,0.411329687101419
499494,1.65094114435514,0.462322185573867
499495,1.59485868362921,0.455082698108079
499496,1.59430449688607,0.352394004146915
499497,1.7430001917653,0.383886456761898
499498,1.66565144896774,0.382526082191659
499499,1.66063081805813,0.389754518040809
499500,1.685414206,0.41714435115481
499501,1.65115887841052,0.388219267174619
499502,1.59560764795454,0.38557747072605
499503,1.70483387949999,0.395875227438206
499504,1.85604209251136,0.420894348784202
499505,1.81398100472857,0.500760253448441
499506,1.79422694447619,0.475061544376151
499507,1.75625205825,0.42562802645778
499508,1.82198116838202,0.405675305547843
499509,1.8254464596024,0.465830253309955
499510,1.77574777705434,0.405498659433655
499511,1.80474612354285,0.631418170180679
499512,1.81293064501801,0.43722818506373
499513,1.75980091068493,0.480376441730503
499514,1.62588533391578,0.454938223178765
499515,1.79740633627118,0.450174066838558
499516,1.8402820833421,0.559184546217719
499517,1.94583364963636,0.425091671357409
499518,1.88480602251485,0.465224690548186
499519,1.76381100412048,0.421104519229143
499520,1.87429022295098,0.466686062959324
499521,1.8509525098764,0.447478631415686
499522,1.71592762245544,0.358669068893572
499523,1.770034725,0.446947434601027
499524,1.78453285144144,0.418016656720997
499525,1.74731018730232,0.395488348312425
499526,1.82437043696842,0.463332373578559
499527,1.81171614089899,0.452977133764277
499528,1.74759057692592,0.436639091288862
499529,1.69257480131632,0.47417883814864
499530,3.14310524566233,12.4086500019754
499531,1.77774922484761,0.431964759265404
499532,1.71673002954081,0.408634449346951
499533,1.65865772090697,0.337811242982363
499534,1.68593501074736,0.371849331865715
499535,1.62740358799047,0.326146815341826
499536,1.66489774434177,0.397398738166477
499537,1.66391469531313,0.372105468429449
499538,1.61205112773913,0.364022541368935
499539,1.62921651362105,0.322064540988308
499540,1.73141806476033,0.420216612726632
499541,1.65716700273972,0.386704380950189
499542,1.69738968488235,0.345137578130073
499543,1.65110928794382,0.375073837391807
499544,1.67251902328712,0.305495765087763
499545,1.714383164517,0.37448304319819
499546,1.6499385397551,0.333884354376247
499547,1.67974435547619,0.460433878951853
499548,1.77014139846511,0.414895429953355
499549,1.62047842576086,0.403285639710732
499550,1.43657908173873,0.322541591975933
499551,1.86244474052873,0.434604191748268
499552,2.9461456467037,2.36614711104515
499553,1.77376676900892,0.488748104242482
499554,1.62615652173214,0.375126452606348
499555,1.45285072417322,0.431719917445805
499556,1.43163058478906,0.30363223971074
499557,1.36183849160185,0.400525428768897
499558,1.34889989827142,0.343711440675125
499559,1.43612272690654,0.525989771544201
499560,1.40520719683593,0.497246865979037
499561,1.473182151025,0.459758470806794
499562,1.47094444344444,0.49413141734547
499563,1.4000921649758,0.441834911297429
499564,1.30652299173831,0.413674894092449
499565,1.32674164391666,0.352612920522893
499566,1.65292909170833,0.409797258404038
499567,1.6407769312931,0.498364104212517
499568,1.30055725204545,0.300736153052913
499569,1.24788263154838,0.356011750405532
499570,1.21073810219999,0.333696112902498
499571,1.21807840281481,0.367044407699303
499572,1.52765943217241,0.41219746585585
499573,1.39767743615322,0.408271509163464
499574,1.661595891547,0.611541682572319
499575,1.27860141962096,0.428095497512293
499576,1.40371344090178,0.460225410673087
499577,1.52860143274285,0.541969853171151
499578,1.41049398386554,0.359836192062786
499579,1.52356628203846,0.415108053330456
499580,1.79999005226315,0.566336328691392
499581,1.39748213416666,0.42941668520777
499582,1.26493033682352,0.446033007874633
499583,1.35213703359677,0.424466374965627
499584,1.4486204858305,0.435510788126007
499585,1.38296197473333,0.341546034439326
499586,1.354968279025,0.437938203882089
499587,1.36972778257352,0.417914273390655
499588,0.981142080912621,0.297143735420024
499589,1.33826861887903,0.444063485645997
499590,1.30570410267187,0.365700679096864
499591,1.48309675966666,0.581400649384721
499592,1.34749601781034,0.364519067348565
499593,1.19573878315151,0.402976948052492
499594,1.16447957565106,0.327067489019913
499595,1.13667939144067,0.389073090856827
499596,1.19290391276785,0.333620847308478
499597,1.153178147875,0.311068325034969
499598,1.29450658182051,1.00520588563872
499599,1.29332020797413,0.310825745555516
499600,1.21025796104032,0.326491029385338
499601,1.196718099375,0.326183315053364
499602,1.12353489985185,0.302595866004627
499603,1.1358458981174,0.264133161575555
499604,1.18407418678846,0.663998758958112
499605,1.1414229868,0.430408291148846
499606,1.40695692011538,0.335150930965549
499607,1.18095370204838,0.300303901698191
499608,1.29636713520312,0.359681221414798
499609,1.31780030441121,0.26143661311569
499610,1.18358570022413,0.290925221744047
499611,1.25076522808536,0.31685704661878
499612,1.25805894838281,0.347587657480069
499613,1.20723682764166,0.288647983686613
499614,1.26381240254,0.308795220194215
499615,1.23571195545185,0.312353817825941
499616,1.32379675962931,0.34826300609433
499617,1.5881398209813,0.548098332929893
499618,1.84421045514655,0.474281952071939
499619,1.53459403391666,0.400143466841183
499620,1.44014147416666,0.421152676883214
499621,1.3061391033362,0.260153124030903
499622,1.64455480778048,0.491120269654479
499623,1.57786975564024,0.39514229662212
499624,1.58755153621428,0.387933382632662
499625,1.64604966373394,0.386854386620971
499626,1.53276592895384,0.437271635668316
499627,1.56390392040625,0.363249757980091
499628,1.40595754003289,0.35502339818295
499629,1.2640370054659,0.307291021085212
499630,1.39940789792499,0.362759819640218
499631,1.40577854753488,0.261482319554681
499632,1.34618727415625,0.284648480307006
499633,1.322028745575,0.302820858724706
499634,1.88049143583333,0.508952266204559
499635,2.510591248,0.37951734236913
499636,1.92623438894999,0.418321494223392
499637,1.87363479903571,0.422797251045878
499638,1.45693905009375,0.247463286336571
499639,2.10775266408333,0.6589134485715
499640,2.09298283259374,0.426358435565343
499641,1.89297780857499,0.371012270645366
499642,1.73115289652777,0.293777520524063
499643,1.67107800411111,0.300687510848319
499644,1.60084566940909,0.311708946854229
499645,1.83930835361363,0.38419704577496
499646,1.62014042210526,0.322819945144549
499647,1.48776234116666,0.344246884682285
499648,1.23393800834999,0.210518903437255
499649,1.76365911111111,0.335166816893064
499650,1.72027453308333,0.333702887277354
499651,1.4093528863125,0.223287030533323
499652,1.408858702675,0.275047105114306
499653,1.39816583553409,0.372785364390334
499654,1.27404846214285,0.242382417433349
499655,1.17073544891666,0.278251843442486
499656,1.19728458083,0.257291481128581
499657,1.8643195947,0.631702062380647
499658,2.21129919308333,0.475260610434898
499659,2.20142829145,0.325734514977652
499660,1.87508522866666,0.412804472097881
499661,1.75636571996428,0.195506938121038
499662,1.80852672586538,0.278534916106651
499663,1.74509288753125,0.253443020232518
499664,1.902225368725,0.27397810936033
499665,1.90817088963888,0.301687422433546
499666,1.99012614502777,0.322812448268155
499667,2.01905322467307,0.361490361514203
499668,2.22039723747727,0.334810574729105
499669,2.02054368974999,0.270968469481345
499670,1.88134360411111,0.228892574929656
499671,1.93677800792187,0.320618015638368
499672,1.87557509551785,0.244834954838339
499673,1.832546612375,0.248840664672418
499674,1.95197360016129,0.333290601217389
499675,1.90873147153571,0.288735886490697
499676,1.84099982575,0.271769961936737
499677,1.9034766285,0.293247372687149
499678,1.8411360700909,0.348650470417481
499679,1.7026606862826,0.287143302710023
499680,1.68251190069999,0.303609427492426
499681,1.87492584270312,0.293706396004132
499682,1.78591980822115,0.286297931434973
499683,1.62736274382291,0.274211956771709
499684,1.511306484625,0.350245369098966
499685,1.60673840697674,0.289547088662297
499686,1.74786222877499,0.289419410464808
499687,1.99822469296428,0.439538150054508
499688,2.04305968052272,0.805258894797022
499689,2.07756588863636,0.305743026985952
499690,1.87732297708333,0.394469080439854
499691,2.024509579075,0.389923687230911
499692,2.05603608802777,0.441695441257093
499693,1.87634347451785,0.273074622637235
499694,2.02573835189285,0.478879380154197
499695,2.0194390635625,0.391574173010196
499696,2.25307839436538,0.30468386628929
499697,2.24928169194444,0.327941917863669
499698,2.47198731058333,0.243489116564544
499699,2.31428885034615,0.416369641591273
499700,2.16237643010714,0.370542477740105
499701,2.22687818605769,0.298456625403313
499702,2.2150944718387,0.270847575464668
499703,2.16411915824999,0.307769626028518
499704,1.99552085020454,0.238700003667151
499705,2.10778473731818,0.300871216591149
499706,2.102557712125,0.306102175201729
499707,2.242539519,0.374552692492557
499708,2.31316347917857,0.365032455651599
499709,2.37392462804166,0.393601285360289
499710,2.52118555807608,0.468410022826698
499711,2.50144766723437,0.414121626537803
499712,2.51358911234615,0.449879486245269
499713,2.17768675061538,0.464778545558455
499714,2.16394075826506,0.42788515990192
499715,2.41792314716176,0.47180536274164
499716,2.38495226977777,0.473355214796139
499717,2.72661294596428,0.77475475970455
499718,2.52652905225,0.53711146311812
499719,2.4588074934625,0.527080312454269
499720,2.54462586884374,0.489075217052524
499721,2.426839838825,0.529032967619584
499722,2.74832638815909,0.507128483623275
499723,2.33714490402272,0.489066667267087
499724,2.39019652151282,0.484931729127935
499725,2.62033281793181,0.530679098487821
499726,2.4976613134,0.648439664546407
499727,3.13757142422727,0.839791172517918
499728,2.948937399125,0.741212647879323
499729,2.80582334088461,0.703447665029562
499730,2.8207234318,0.89810081923064
499731,2.25999078080555,0.475660009000588
499732,1.72948657043181,0.554230127558916
499733,1.54381590705555,0.327351791021665
499734,1.68655510846153,0.453909433179772
499735,1.50997641796874,0.295877646806806
499736,1.49932195591666,0.454397912055686
499737,1.62675803189999,0.330405286711106
499738,1.72745477493181,0.343367829673613
499739,1.523649673225,0.439286939233958
499740,1.28877194503225,0.217372747651042
499741,1.21830371330555,0.315524643866679
499742,1.3001132385,0.258039322406655
499743,1.41103584615909,0.393513743420137
499744,1.67392428747727,0.522029649680733
499745,1.932396866375,0.504876279645324
499746,1.84612450915909,0.517984334567212
499747,1.86178719624999,0.470082025151023
499748,1.76050536218181,0.563903562058523
499749,1.778735213,0.710160128421398
499750,1.7033464448,0.519017724204855
499751,1.327574707425,0.342376277841326
499752,1.22005785063636,0.324209092387769
499753,1.28946376715625,0.410947181846883
499754,1.46480870307142,0.382762466836876
499755,1.85847983296153,0.536096962841324
499756,1.83815601830232,0.556206105416286
499757,2.0355397960909,0.868122858317189
499758,2.02217184575,0.757162456325479
499759,1.78979609839285,0.65695304813973
499760,1.48626307304545,0.519534814939079
499761,1.16622055953571,0.46853511428241
499762,1.19994103740909,0.283741552133809
499763,1.24065589662499,0.41336211150431
499764,1.16814715368181,0.302035623476876
499765,1.32666492497222,0.360678488928673
499766,1.09288672382142,0.236108404052812
499767,1.13815892433333,0.286750807121906
499768,1.23476685403124,0.28192172021394
499769,1.54284449041071,0.351992175922677
499770,1.765324419275,0.372518810732592
499771,1.87292344775,0.328678098737364
499772,1.73126977201315,0.38723053254343
499773,1.58454839935714,0.296721613805673
499774,1.650977684825,0.242700583096235
499775,1.46422287446511,0.520185517487479
499776,1.51827252520253,0.511858887811298
499777,1.46727923189062,0.655500263353829
499778,2.09252287163636,1.97139266501782
499779,4.32333093681818,3.93633133953991
499780,1.05713934886111,0.346185827095456
499781,1.15728303952272,0.331130819802203
499782,1.03107652205,0.324142353026748
499783,1.0786612316413,0.272817834246337
499784,1.1085054505921,0.233481224846146
499785,1.2126189726,0.362547452064308
499786,1.17937954232142,0.283749059886383
499787,1.27432623227906,0.237173806540395
499788,1.432200773375,0.251144258144358
499789,1.38893659922727,0.340453535758074
499790,1.11700364215,0.184028816718315
499791,1.2717753933492,0.280746557913408
499792,1.1656701750204,0.18062386896217
499793,1.18351825367619,0.194749645932399
499794,1.47431167161224,0.302579025697691
499795,1.38848874648529,0.251851655963542
499796,1.78123889333333,0.377439436250166
499797,1.15005005046666,0.18640997780766
499798,1.52149413865306,0.330054548186765
499799,1.97506758289285,0.695811537480433
499804,1.25860375505555,0.402701067718111
499805,1.229578856649,0.267618463687347
499806,1.15969035211111,0.328534141678831
499807,1.26369284504,0.363987224016744
499808,1.32314807946296,0.388314988613646
499809,1.33753223452542,0.43215422462508
499810,1.23645279787878,0.323699729055773
499811,1.32581612909734,0.417690402792393
499812,1.2672082214074,0.464802889171737
499813,1.1295895711875,0.46728230724889
499814,1.17131432826153,0.406320317762307
499815,1.09651659869491,0.416199390790684
499816,1.31637722793023,0.33583603804544
499817,1.24992509001851,0.258524834627494
499818,1.34927782419195,0.350379319910792
499819,1.25114065690697,0.329261874351962
499820,1.32610891794285,0.445864370443251
499821,1.31352328453488,0.371269124733983
499822,1.2725268006923,0.330089947225259
499823,1.27106034773584,0.29932772749943
499824,1.40964847866666,0.435021002409404
499825,1.3816172956875,0.381231268117157
499826,1.36855770076315,0.475842906193195
499827,1.11043384583333,0.343772974811882
499828,1.14983697492592,0.313601736863394
499829,1.40766397774509,0.418464767450416
499830,1.2920004509322,0.365173762855289
499831,1.10617734047368,0.281719231870762
499832,1.3850286873125,0.47211081127518
499833,1.25292834897674,0.318019930524612
499834,1.26924666932307,0.344926878636432
499835,1.31618727789855,0.354588712471302
499836,1.29417381313846,0.333880256149939
499837,1.20594009198305,0.330270430606714
499838,1.1415483570909,0.296371719654681
499839,1.08485127707407,0.370196239618297
499840,1.24494555932203,0.354050045912195
499841,1.33750314544,0.430489024937848
499842,1.2911767053421,0.369484401330505
499843,1.42726966640659,0.612084970556206
499844,1.44547536155102,0.370045246361897
499845,1.38786375011428,0.323773501892578
499846,1.33695067652542,0.363458566290366
499847,1.30513634524074,0.335529292850365
499848,1.29069515439473,0.325185775948456
499849,1.38062172552542,0.264332927242798
499850,1.17307127951851,0.27521179385913
499851,1.2717509270625,0.25288734585379
499852,1.45537360373684,0.302909856054401
499853,1.35876200124074,0.303338049423799
499854,1.35404816545283,0.302393863551891
499855,1.20568507144736,0.278173249869095
499856,1.26079193650617,0.317197709995288
499857,1.36974396654237,0.291298780731509
499858,1.40806649194915,0.358248129837658
499859,1.50675657744186,0.360482663544164
499860,1.11818724930612,0.242444992909489
499861,1.11588898047916,0.255251028337078
499862,1.06398787355714,0.262815016285885
499863,1.15626757220338,0.258190784618854
499864,1.09611366411111,0.260151325986986
499865,1.10070315216326,0.253118706702064
499866,1.18857354054237,0.264813646795352
499867,1.20829549596923,0.337696145721073
499868,1.43276141070833,0.339993324151656
499869,1.53450511075609,0.40281253877155
499870,1.30367561898333,0.316185400407073
499871,1.2773116266279,0.31581685629685
499872,1.36594163890666,0.350769986641408
499873,1.49498013365625,0.36521977782653
499874,1.50222384646913,0.374371459454653
499875,1.47194266863636,0.366541525949585
499876,1.31061918361016,0.299887711073356
499877,1.32921477816923,0.351801589258035
499878,1.33928537851351,0.281272048425982
499879,1.35475495182716,0.387808191145293
499880,1.31375612463636,0.326140489614566
499881,1.28586387298305,0.307097508239581
499882,1.40398704132894,0.388853821833994
499883,1.23084276597297,0.281388641745044
499884,1.3157334140909,0.549107497044854
499885,1.46806189775,0.420822055746485
499886,1.41068640553703,0.401786378162625
499887,1.4198674938,0.358549675501508
499888,1.39941417351351,0.429165358916871
499889,1.56011614237209,0.387283838007832
499890,1.33176586894736,0.371329880069079
499891,1.26215515276923,0.358506459212091
499892,1.21003278760937,0.310516256762125
499893,1.29971870312244,0.411037250564348
499894,1.41635502131428,0.401540182193751
499895,1.48746904344897,0.404941062708387
499896,1.555589284,0.388017928369565
499897,1.45034763569736,0.426656258402749
499898,1.4730909605,0.436320417778168
499899,1.62719537844186,0.351204034534049
499900,1.58517774515254,0.286526320434368
499901,1.77125368498333,0.441778373228451
499902,1.67610208648437,0.513559500760351
499903,1.53709022266666,0.401574672049859
499904,1.58580022924074,0.499510536804688
499905,1.53278559040677,0.384012455406703
499906,2.050461376875,0.525660072281927
499907,1.88127557326315,0.473991206360577
499908,1.72183519085185,0.472292066774198
499909,1.7675701448983,0.381550375934257
499910,1.74923902808571,0.414697745791512
499911,1.66966733938888,0.370335051150972
499912,1.70465436999999,0.349268182216319
499913,1.79268892315151,0.503089872152953
499914,1.6384471914125,0.391077427354821
499915,1.8731780005,1.37637599123896
499916,4.51503202572916,3.07283685398391
499917,1.62524256199999,0.429532554549112
499918,1.67962533084745,0.451902148689919
499919,1.74616551134999,0.45530332648864
499920,1.55785166914018,0.436538846120874
499921,1.60068109833846,0.359858387903687
499922,1.58319849024242,0.3698647826339
499923,1.68017108054666,0.440004511002822
499924,1.77220203366666,0.37822556621098
499925,1.6798257524186,0.436445841345076
499926,1.62392726620408,0.398886427888922
499927,1.61395212511627,0.397253151669203
499928,1.54655377272222,0.458368064607372
499929,1.55790015037037,0.598665005098491
499930,1.2700694885,0.401324431855879
499931,1.54776563086363,0.447159824176061
499932,1.42888549440697,0.417006533419455
499933,1.82905290624999,0.59727389613263
499934,1.55001961427027,0.384498944356614
499935,1.4433353390923,0.443725913925977
499936,1.69133724010204,0.508786276173484
499937,1.749154074,0.554744064108814
499938,1.60566566955813,0.477059549402078
499939,1.54150582781578,0.380930521373178
499940,1.54889354604285,0.43084555654325
499941,1.55810329760937,0.465336863843923
499942,1.58503034262962,0.514579495437617
499943,1.65831018642105,0.428939179933709
499944,1.37694644076712,0.373753146159468
499945,1.53358986103703,0.545958145921342
499946,1.66339212495918,0.487489968814824
499947,1.41794783951562,0.396163605122881
499948,1.64643062975757,0.489247240128328
499949,1.71833729540625,0.575275853304977
499950,1.39487204877777,0.540775871516221
499951,1.60074985951612,0.525221832575428
499952,1.50531844947368,0.515530043127923
499953,1.40257809661333,0.356340741006067
499954,1.62754406694444,0.930705955747885
499955,1.34616085086486,0.45935417491824
499956,1.4872416958,0.59319155406823
499957,1.35573135597674,0.403010148420073
499958,1.59745615072857,0.443288334505941
499959,1.56984389915254,0.529458657720333
499960,1.53702293138271,0.482535399687527
499961,1.63331711024285,0.579490946357647
499962,1.62628765981578,0.538298898295055
499963,1.36670470042666,0.398897333850538
499964,1.39279860482474,0.461386192571749
499965,1.65284037049999,0.487823006804807
499966,1.63108099637037,0.619127411242571
499967,1.46599981210416,0.416989679176134
499968,1.48799093384375,0.563654971788386
499969,1.5149239339661,0.475970179066931
499970,1.52948183803703,0.520574381733556
499971,1.50039722696875,0.681409069863456
499972,1.51891266424637,0.527059511140646
499973,1.65970423728813,0.486224116190772
499974,1.5079537584074,0.620819946763448
499975,1.53894757118644,0.593782528631608
499976,1.42056544451351,0.487531359723497
499977,1.2958906219661,0.476512573116228
499978,1.40907543059375,0.570972015473694
499979,1.09694547827907,0.465790042576982
499980,1.55015729201694,0.564257367005659
499981,1.42743410567441,0.557884213029056
499982,1.53746755206896,0.596856568635833
499983,1.55507022992592,0.611879001747151
499984,1.60789556298437,0.64039809720949
499985,1.42184243433333,0.537992873341421
499986,1.5006610529375,0.612095562416916
499987,1.49279987646511,0.509229513313435
499988,1.5614590595862,0.441208893820484
499989,1.38162877231578,0.404347806570111
499990,1.48428393434666,0.552350359244376
499991,1.58290431326415,0.565686037752085
499992,1.41932252613953,0.505217821165025
499993,1.50582620540625,0.4553577227763
499994,1.3574364934186,0.480322531453558
499995,1.40431087755555,0.486202233700364
499996,1.50706564888135,0.454020541757521
499997,1.6987225111923,0.631572079827374
499998,1.57257906658139,0.411221337754373
499999,1.64819699514999,0.516901608595232
500000,1.41971570551851,0.385468048786479
500001,1.16888567645945,0.411854666918377
500002,1.45695387438983,0.482023082879574
500003,1.37867597073584,0.451980062745896
500004,1.21313219081538,0.358067645416947
500005,1.33106933539583,0.418112286551387
500006,1.31850441672881,0.430217812139427
500007,1.37874469118918,0.405244817424836
500008,1.25960776008333,0.41311456467614
500009,1.51246791488372,0.523925245371396
500010,1.90002745852542,0.607847244139298
500011,1.67414356077678,0.513882518194629
500012,1.38637243081443,0.401587298112609
500013,1.42877322257333,0.418445633961969
500014,1.72722736054717,0.492825149307524
500015,1.79472232852631,0.502811395053168
500016,1.89404592225675,0.519015098493536
500017,1.72356281054545,0.335769614672521
500018,1.46977884144827,0.331092842223247
500019,1.54389368871428,0.531759104819989
500020,1.36233258932812,0.281845660068361
500021,2.09005258446296,4.14737826902227
500022,1.66776443894594,0.44785405715126
500023,1.52666975152542,0.345458934258397
500024,1.3665407980625,0.239346073063624
500025,1.46447002742372,0.411251139843126
500026,1.35680923179166,0.223484230065959
500027,1.49104923620143,0.38658608639506
500028,1.53987196261333,0.321542184454096
500029,1.3060142174186,0.264100892422429
500030,1.5027931526415,0.665036867800992
500031,1.52341086503389,0.26239562939205
500032,1.43720160318571,0.354141247587229
500033,1.1482343244054,0.225980169785085
500034,1.44170178643062,0.374828747769414
500035,1.49564077375,0.228824895736046
500036,1.53952383509756,0.379127572876982
500037,1.66232968429629,0.379742791969155
500038,1.6847215052093,0.334757074388276
500039,1.87124022923636,0.391318410116534
500040,1.48692150349999,0.493074455001607
500041,1.60798429024324,0.348484092300214
500042,1.54658331334482,0.380344112762526
500043,1.50555932045588,0.360952633441108
500044,1.64400975587234,0.48430375444415
500045,1.66074961078723,0.355310433301424
500046,1.93158247239655,0.350026013782515
500047,1.87980007088135,0.419362649038876
500048,1.50182120670652,1.71211516085688
500049,1.50583692929411,0.342302763169947
500050,1.63403427966666,0.406851781960386
500051,1.75958874715789,0.3504605933256
500052,1.84625123752459,0.491410040160858
500053,1.67344701364285,0.422721744621092
500054,1.05139265377631,0.301940525375628
500055,1.98927692026666,0.509160281253867
500056,1.78190335060465,0.342974795570584
500057,1.73264469321374,0.333713107476813
500058,1.74149810671831,0.32566287979423
500061,1.84094604468,0.361361733145488
500062,1.93205081965714,0.599503184825785
500063,2.1967013514539,0.55438266992557
500064,2.56178521362595,0.873605744053113
500065,1.96973657454347,0.660356157173584
500066,1.60673614496296,0.563768005579586
500067,1.42765537809677,0.440865926047455
500068,1.47160934968181,0.442465236349569
500069,1.65773417473076,0.578472127022594
500070,1.445974592,0.440493715945829
500071,1.56716793326351,0.42751611977311
500072,1.70682366516814,0.492318358819501
500073,1.96472171419685,1.00375790100542
500074,2.22815560840579,0.938753939925526
500075,2.0636422265,0.915929730904588
500076,1.83984042239215,0.798363268856225
500077,1.6702110642,0.605120431622112
500078,1.75092369067741,0.752561487247916
500079,1.82719434716666,0.783670302489507
500080,1.84499413102272,0.799030166409155
500081,1.3998496598106,0.45673553386191
500082,1.61643753783892,0.540927761021094
500083,1.7073370165,0.644748318043353
500084,1.87659733953097,0.795945572707524
500085,1.63673936013636,0.546349994978713
500086,1.79574991766666,0.697083691353112
500087,1.62853064213008,0.512260851025234
500088,1.70918674748854,0.58306043377361
500089,1.33250431282481,0.370847363516171
500090,1.53488906680152,0.297372042393127
500091,1.7587337743125,0.35166753164083
500092,2.00725761969291,0.547860686509385
500093,1.79613943739007,0.554121355115521
500094,1.79115691044137,0.524651480706221
500095,1.76695304237121,0.437869395446485
500096,1.80715592060294,0.518504155134744
500097,1.92241379066386,0.464100843140201
500098,2.27780752354471,0.460510781343094
500099,2.27816171965909,0.47724027921582
500100,2.24390736460824,0.402270319156731
500101,2.24381214242519,0.470550264867137
500102,2.20008001943089,0.443755623628241
500103,2.16336751597163,0.406375858789726
500104,2.13729433792727,0.463054305891613
500105,1.95745784728758,0.391945721770484
500106,1.93284466568749,0.452975462176743
500107,1.87209724054237,0.434572366776198
500108,1.75634970158156,0.410294647146564
500109,1.6163022410813,0.367456979665611
500110,1.6936124413617,0.644402377307303
500111,1.68835598317985,0.421130787397389
500112,1.64470097747244,0.345122011894115
500113,1.64514207025984,0.380417895293261
500114,1.61224437711111,0.44556614835959
500115,1.66203110186725,0.400592212612117
500116,1.77568079629545,0.437168373352754
500117,1.8126185771832,0.492479733386702
500118,1.83373662010135,0.504060271572022
500119,1.75415048065354,0.334170337105353
500120,1.88702386326315,0.457518873006946
500121,1.66824819868382,0.403259836180338
500122,1.37668408380152,0.286532781337984
500123,1.38346940044094,0.266026035233311
500124,1.29877968485826,0.281907705614341
500125,1.29593059150793,0.334823443401339
500126,1.25290454975308,0.433805874225555
500127,1.40542331222772,0.344998305918209
500128,1.3568604683307,0.347603459557295
500129,1.44133944172972,0.351468464746079
500130,1.31270296239285,0.254908360721206
500131,1.27723176473684,0.277750714719132
500132,1.27725389526016,0.222438429683675
500133,1.46909891551449,0.378773908960386
500134,1.61690952725,0.419102157268779
500135,1.44824757337719,0.351199971507742
500136,1.4199711629367,0.363107946869759
500137,1.33617461695901,0.30897755152733
500138,1.3039154625,0.364445427567936
500139,1.36649391270992,0.344569330305093
500140,1.38283968794656,0.331918711040556
500141,1.32931962860402,0.416229203613911
500142,1.27635944911111,0.381740212137472
500143,1.42240820097637,0.367904817543295
500144,1.32237330007874,0.37379234095135
500145,1.32190682932584,0.322631556204453
500146,1.32506965580152,0.316434289588047
500147,1.33595545729629,0.36297268254826
500148,1.30269439222834,0.292545395635895
500149,1.25591526450393,0.246186594629503
500150,1.39734668191911,0.32580487399068
500151,1.39837051396721,0.229044146877952
500152,1.39351631368461,0.248154737727645
500153,1.38014991497541,0.242774716297071
500154,1.32810529662091,0.242988984232122
500155,1.44928926167716,0.307576967346538
500156,1.3813424019322,0.288460616054549
500157,1.41951326854861,0.321061065964217
500158,1.38563514080082,0.38374229949217
500159,1.3330880294892,0.260617472593681
500160,1.30062894612413,0.195984144639809
500161,1.29594454521186,0.19014426720663
500162,1.36985389882876,0.280119817972996
500163,1.40986156514912,0.390016458628341
500164,1.38509401914285,0.276098314102395
500165,1.36736155441666,0.323351094535072
500166,1.37169693317543,0.422532279629712
500167,1.29971208769444,0.381349028038618
500168,1.34262421013793,0.363325692764689
500169,1.40966295816101,0.362869395481038
500170,1.32864665632679,0.314545234286217
500171,1.38834806253508,0.357230739692129
500172,1.38164248654999,0.374611755755195
500173,1.37256283768702,0.373263926272593
500174,1.4411054718943,0.385687234411197
500175,1.46396605607857,0.353335745842845
500176,1.46581573274809,0.373637763344269
500177,1.45225727535555,0.338541197354153
500178,1.51405249896644,0.301719077116188
500179,1.44458025212,0.450001638185293
500180,1.45037731824576,0.368052184542342
500181,1.42098787538983,0.377429532280769
500182,1.39001492755681,0.358347192378834
500183,1.53083349090769,0.357767309870567
500184,1.52159603982352,0.405398497792334
500185,1.51436901149532,0.407354589796119
500186,1.53574562459285,0.407598182280309
500187,1.46239932228897,0.380548405404602
500188,1.54764197930714,0.330655889350236
500189,1.69053939292622,0.445322872921338
500190,1.48859394248091,0.284342491001484
500191,1.52510664185454,0.249402731428466
500192,1.57941515474324,0.32069165284876
500193,1.69024810144915,0.415334635133129
500194,1.66093978882539,0.358566831010645
500195,1.54993092023529,0.288267572144826
500196,1.48651463294852,0.519949713896054
500197,1.57059995069672,0.586170696293363
500198,1.67143240155555,0.318730335060808
500199,1.34518839490265,0.352328431081454
500200,1.2855087986397,0.327174446206786
500201,1.22844930792857,0.36650396010269
500202,1.27396109403816,0.347454965310079
500203,1.25454873873109,0.289171728979416
500204,1.32188737718471,0.361535182906894
500205,1.30468143390909,0.400683515799869
500206,1.22178268366666,0.305557024998714
500207,1.42458354025503,1.60838943521079
500208,1.24452527755905,0.358044509541708
500209,1.24378035566153,0.327293675394941
500210,1.19498156357936,0.262663098262974
500211,1.37524719649664,0.578327294103559
500212,1.32958132121428,0.31474837711815
500213,1.31797976764912,0.439607078011215
500214,1.27774673072483,0.298351809870555
500215,1.44435282270078,0.445860072168126
500216,1.27663755923611,0.353879433472405
500217,1.36621328147154,0.419513938303735
500218,1.22114361160975,0.337587315904954
500219,1.33285350496527,0.402272740877227
500220,1.50668358472477,0.439001523977949
500221,1.24882592886614,0.325875846087689
500222,1.19556229748965,0.28863491228328
500223,1.31889131079508,0.309422945151168
500224,1.26651707897857,1.16729874931192
500225,1.11010926448245,0.194342483310841
500226,1.31149179674482,0.289122210894938
500227,1.14004959269444,0.259056489607383
500228,1.33725033827272,0.299269991786375
500229,1.42310306917699,0.31479659098792
500230,1.30839795540163,0.276597727413191
500231,1.20009708768055,0.274160202943116
500232,1.14645995751111,0.234697325603976
500233,1.19529567231967,0.26655417416632
500234,1.24523440508196,0.240269370096367
500235,1.28248650016993,0.272486703585082
500236,1.22896946335779,0.255880992559821
500237,1.39545726820472,0.297745606619517
500238,1.21170082636842,0.230160104538776
500239,1.24946658026271,0.24995233916645
500240,1.21463958886259,0.244655280229983
500241,1.22005330390714,0.243156231460405
500242,1.29501308969911,0.249147808606836
500243,1.19991278944594,0.224712842893338
500244,1.25974415918852,0.300842888580703
500245,1.26471885923577,0.262290745079399
500246,1.25996904894736,0.235058075562646
500247,1.32304149572033,0.247019224308726
500248,1.30289218679166,0.405763163542026
500249,1.18119771727049,0.279928350378857
500250,1.21203031333557,0.253153814799977
500251,1.53534913163302,0.330016401846344
500252,1.42738327640476,0.289101064810712
500253,1.61867177528378,0.363948597182373
500254,1.77966198935114,0.387349887268639
500255,1.72792917538524,0.44315798801964
500256,1.77103433208661,0.379653624105479
500257,1.7817028051,0.444969909748896
500258,1.94970167453472,0.40953293606832
500259,1.44840655080158,0.465978287272295
500260,1.57408086065137,0.440094078276749
500261,1.72046493154861,0.363400584589036
500262,1.81958885668103,0.402003914157375
500263,1.735383866,0.346223407308828
500264,1.64917648036428,0.312915806902695
500265,1.8477510074379,0.364352638107596
500266,1.80159713974561,0.348919132153338
500267,1.67470600006106,0.27681505166663
500268,1.60563906748412,0.344479002619212
500269,1.61330337589705,0.255909540996322
500270,1.76213490232456,0.370067070780682
500306,17.847729616939,
500316,19.2030097171355,
500318,20.2486958019962,
500323,20.7869614909842,
500330,13.0659400382721,
500335,12.4546799871038,
500338,12.5322917908589,
500349,14.7907256295616,
500353,13.9136293402545,
500362,14.6264394646659,
500377,17.2773884473456,
500387,18.2157310621556,
500392,19.7831889477176,
500393,21.93118288,0.0
500394,14.4958672920454,3.19629483435519
500395,16.509126419266,2.93231261938605
500396,14.362300066477,2.04289987875913
500397,12.5318019435779,2.54824837163331
500398,11.5639071505229,2.60834904463531
500399,21.8431374373119,10.5019094890314
500400,10.0105555204862,3.8690836632798
500401,10.0630499708899,3.68321881829288
500402,7.36238447563302,1.44849039804073
500403,6.96648252616513,1.32097470204935
500404,7.7383173545688,1.14960626007683
500405,8.40743249486238,2.55195532526001
500406,10.4678774895321,3.07235158705515
500407,7.20747289886238,1.58179597228833
500408,8.77936880913636,2.06106753682748
500409,7.63287461134862,1.33000777369625
500410,6.17906577157798,0.790699998979519
500411,9.04508122115596,3.44995906416547
500412,11.1749641194587,2.4895655885289
500413,14.935503156688,6.27205568623072
500414,15.8378933465412,6.66139684550793
500415,8.19533676199082,1.69040116968882
500416,14.0284232602293,5.32364366786098
500417,16.5410466754128,2.57876567617763
500418,17.3920013812935,3.76361156146517
500419,12.9948725844128,2.17687309127695
500420,16.1790316336513,3.65319181292641
500421,15.3370024969449,2.79821217053128
500422,12.8859503814954,2.01270391601287
500423,12.9635326961727,1.62967015121762
500424,12.421366932899,2.23453374451437
500425,17.1735518536697,3.22124412934851
500426,14.4691043371926,1.80065402810754
500427,14.3647205603669,1.30844577048716
500428,13.0042519967431,1.62690153420594
500429,11.8962711489724,1.61384933061444
500430,13.6945464537889,2.59138181653009
500431,27.6759213739449,7.12792194466985
500432,25.0041505186238,6.70142012741904
500433,12.1688792166055,2.36770076706982
500434,10.5840611723761,1.68287663995958
500435,16.8964053599082,3.87009766248465
500436,18.4683645344036,4.26885417364385
500437,13.1626430319908,2.12938731229193
500438,17.1493455446363,2.36714253896929
500439,13.3786720669449,2.04519878102399
500440,11.3348679642568,1.57315457419773
500441,10.1753003521467,1.22397216130065
500442,11.8570894126605,2.35218953229071
500443,12.2451247585137,1.67983016191795
500444,16.4113989987155,2.40980562543502
500445,15.8799494185321,2.25773353277952
500446,23.8787723746788,4.47837944599996
500447,18.3527859751376,3.50816182252732
500448,13.6833516715229,2.09266090654154
500449,13.8627707440275,2.03680611631002
500450,14.6866461798256,2.6322125242283
500451,13.644018653633,1.9247029757052
500452,20.3586185875229,3.0427465211192
500453,18.3926622281818,3.04356195465455
500454,15.2460827141192,2.74414302273461
500455,13.8096711704403,3.8026939138171
500456,20.4900816344036,2.59605447816842
500457,17.09307044811,3.88207725321259
500458,17.7512933686238,2.43671191349215
500459,19.0647135925688,2.72694289909546
500460,17.7877520501834,2.66874574880589
500461,14.897531666422,3.01094009347466
500462,18.5276666215596,2.68289862048927
500463,17.574899913211,2.01837197082185
500464,19.8941864191743,3.16922518090961
500465,17.0678065486238,2.55653750064704
500466,16.3681326791192,2.48658900702861
500467,17.9765505340366,2.86135141037016
500468,20.8794455013636,3.14360845679211
500469,29.5297167455045,12.7053928453042
500470,20.8145790293577,4.55296527990276
500471,21.1301508544954,5.46148840459049
500472,17.2207514744678,6.82101202045834
500473,25.340599098899,10.2292415894046
500474,11.5714711923302,1.69435502766391
500475,12.1950508016697,1.97962608043386
500476,10.6418504518532,1.58726849936841
500477,14.2691110709082,2.56550066074982
500478,12.9758111991651,1.66727415095923
500479,14.6057109325412,2.12042440206331
500480,23.0533841301834,7.70254530449004
500481,16.2822051636697,2.33389536220052
500482,16.2565080506818,2.77892535143332
500483,16.1539190147706,2.43174263156778
500484,16.4480089607339,2.47949820117937
500485,15.6412282593577,2.48550111776329
500486,15.1518347526789,2.4171706896694
500487,15.1277811001192,2.61400190935928
500488,17.0886833040366,2.37428028949206
500489,17.2755151371559,2.67257012804669
500490,14.1155610219266,2.06074503494803
500491,14.5293141103761,2.6653110656732
500492,13.9754749672201,2.6863853858149
500493,13.908154995,2.13411675128273
500494,11.5664789255504,1.7543597120661
500495,10.9605991742293,1.50366844518632
500496,10.5819432405137,1.40834816636007
500497,13.2516511752909,2.93988645290876
500498,20.8006611919266,3.96593063803098
500499,19.3719649708256,4.4526649646217
500500,25.563133209633,9.56159214760228
500501,19.362585558899,4.70030781010026
500502,23.6438332355963,6.23358506985167
500503,12.1032233331651,1.23879265064629
500504,15.7920552533944,5.31562023517174
500505,25.3301607211926,6.08613635991152
500506,13.4037846860642,3.96506254915228
500507,11.0872212347798,1.96883698427477
500508,16.2295594326605,2.04385837681958
500509,11.7934001799174,1.34359543390694
500510,13.1800403290091,1.79189346948221
500511,19.5719582373394,1.72110612899371
500512,32.0631495272727,7.8826624687885
500513,15.0354997891559,3.24559905963253
500514,12.4626666009357,1.48075174343215
500515,14.635815819266,2.00507796564714
500516,14.424022647899,1.80046571084017
500517,11.0866161114311,1.60978482018901
500518,10.2529074207889,1.96682083866565
500519,11.4176185820183,1.49859784822624
500520,12.5537376653944,2.37490917566596
500521,9.81146993971559,2.11828612295852
500522,10.2987455146238,1.79637212651359
500523,12.2372581546972,1.43228027214394
500524,12.1178975744862,1.35697077206944
500525,14.0813715530917,2.75719699222623
500526,13.7639843579816,2.23155464050078
500527,12.4784383155363,1.38037115908715
500528,12.9562959713119,1.37260968794032
500529,11.7726747054587,1.50998309987016
500530,15.2327700007339,2.41327814640303
500531,13.0056135236697,1.16714650811287
500532,13.1195279934862,1.32587776094194
500533,12.1045848607706,1.66788323666352
500534,12.4257540769816,2.03742939253854
500535,14.4383943274311,1.60278824417237
500536,14.0595871122935,1.44388666038028
500537,14.3855973152293,1.56686434462434
500538,12.5411813553119,1.98661753851317
500539,14.7226510194495,1.76403585522402
500540,14.0937765808532,1.78989045549428
500541,15.3792098501834,1.86164879668613
500542,17.5617357290909,1.46675486651279
500543,17.5744460706422,1.59433664355975
500544,15.5094626499082,1.74052532037826
500545,17.9128613016513,1.53037189799901
500546,16.7593449222935,2.31742114122167
500547,18.2160280981651,1.79606391750854
500548,17.7541677042201,1.80760363692403
500549,19.1586589915596,1.92431942939684
500550,18.2358458882568,2.50831014909092
500551,17.2417795102752,1.54097637874569
500552,16.8656953507614,2.02513760962885
500553,15.0613688120183,1.47822906583908
500554,14.6456490740366,1.70173046068486
500555,15.2804234639449,1.49530472589454
500556,14.1824147745727,1.86032571260779
500557,16.4143586015454,1.51391012882967
500558,15.6347231827522,1.43522667475315
500559,15.5607468543119,1.75909914957115
500560,15.841372805688,2.17579154038746
500561,16.4835599571559,1.79170880335858
500562,14.0601922359449,1.74061793877643
500563,15.4752731813761,1.65218722600416
500564,15.0813378831467,1.82465148407761
500565,21.51092472,5.28387098810019
500566,26.6741396733944,10.3237240972791
500567,24.8870591508256,7.24393602537976
500568,24.8928078219266,5.16847645561799
500569,17.6700555590825,1.85033045194886
500570,16.0693530267889,1.79072830522043
500571,14.3485101304545,1.62028699697608
500572,14.7049511613761,1.96206302986943
500573,16.5831027478899,1.9200076393613
500574,15.7667913533944,2.05872618481449
500575,18.2744225015596,2.04885792400846
500576,17.9670198411926,2.81132120659315
500577,36.2819856072477,19.3334820112784
500578,13.1075768077706,1.70973318173877
500579,20.8629888967889,6.82069608360916
500580,16.2890128011743,1.72223310908853
500581,26.8183103104587,10.0749086248051
500582,18.823118096055,4.12011516900729
500583,28.3020727563302,13.4369402750042
500584,28.2766575763302,8.3755044567038
500585,20.8921860982568,5.10410547664782
500586,18.2664417496363,5.62104708693073
500587,24.719742545688,9.02574929687568
500588,27.0231445640367,9.30008566585201
500589,14.5435345089633,2.61256219840972
500590,15.25712621511,2.04219019152642
500591,16.4797779365137,2.04559258851464
500592,22.514370509266,3.10804213505753
500593,17.3963885261467,2.46246103815246
500594,13.6273777621559,1.68727017283876
500595,12.6022988133394,1.54896316338642
500596,10.5639408203577,1.28312262318728
500597,12.0564775548256,1.8054819313067
500598,10.9639273523302,1.37948051897355
500599,11.2425866536789,1.82249786308019
500600,11.9691885119633,1.91848095470924
500601,12.7786991453,1.91731565195385
500602,12.8048638537981,1.70306051809521
500603,11.9192658361834,1.91841209868607
500604,11.3838829553944,1.43563243959436
500605,11.9592039771284,1.66190444255859
500606,14.6134262550458,2.02822446185442
500607,19.7404850888073,5.01745017884598
500608,14.0969534791192,2.25596333135693
500609,16.6236460122018,3.59208483595115
500610,15.0708995048623,2.14143836510165
500611,13.1116613899633,1.95428725664916
500612,15.4583297276146,2.22061218111446
500613,15.2412417268807,1.80010635733885
500614,15.474365496422,1.87860419912446
500615,12.1927815885137,1.71612981041443
500616,12.7703044344272,1.54931137476832
500617,13.3081751967706,1.84027281035542
500618,13.5765474011559,1.56098669289803
500619,13.754302384422,1.49979008129754
500620,12.8910939305871,1.63628899922214
500621,12.3626699681834,1.83946553978893
500622,13.340246734688,1.79130058893049
500623,12.5950373331284,1.51329237220751
500624,13.038441465477,2.17670580915128
500625,12.95448060111,2.18081685572619
500626,13.4248127217431,1.66145567109161
500627,17.3972962107339,2.53155912213521
500628,15.693873989633,1.84541684443055
500629,15.5672519301834,2.09797799068524
500630,17.7155388301818,2.09547323059844
500631,14.3712256359633,1.56700993232001
500632,13.8412888659266,1.51135563004216
500633,13.1506918463302,1.99009415639082
500634,13.29728297711,2.0629586778564
500635,13.2558320276055,1.41833582152333
500636,20.7027824905504,11.0535726485128
500637,45.5234293539449,18.7096575751454
500638,34.7296929425688,24.9652156040636
500639,21.8547860614036,12.8998201963877
500640,14.4654735974678,3.30853427409912
500641,15.1739217550642,3.25274063399476
500642,11.332296189844,1.12323383682382
500643,13.0404081166422,2.44390151277806
500644,18.4057342676146,6.24191140178543
500645,29.7075336161818,10.41688210182
500646,16.3114023655045,2.22160719896397
500647,13.5757909973394,1.37987351937489
500648,13.7659510083486,1.35932385433457
500649,10.3146300021834,1.72264598675571
500650,13.7592946517706,2.98105763044534
500651,26.7700517241284,9.93285798412688
500652,22.7067997334862,5.19280021140156
500653,14.9303596077064,1.70554570682293
500654,25.0959779861467,5.94619158910444
500655,23.0595866443119,4.04153137788068
500656,20.9734239078899,3.05959305046919
500657,19.6790650695412,4.81187162176806
500658,24.9038513236697,2.70513909886883
500659,25.9401250541284,4.58291006376166
500660,22.4548029920909,3.75171101045668
500661,17.1144010458715,2.08065608757248
500662,15.2553108449541,1.88381747279936
500663,16.9180385203669,1.97475546730126
500664,17.2985098243211,3.3613909211975
500665,18.1385723097247,1.97293181359611
500666,17.0088070220183,1.7066469720396
500667,16.1924956279816,1.77765614870021
500668,17.9444789966055,2.11042395345111
500669,22.1401017195412,3.93055249561655
500670,30.7765734010091,6.45263506451715
500671,31.6797199954128,4.05782807656248
500672,28.4982840018348,7.73750059892156
500673,23.9435205729357,7.27924507896551
500674,14.7515456583486,1.69329276367372
500675,14.0388052518636,1.8146363804391
500676,15.6143002702752,1.77809693206374
500677,13.9030114466055,1.56119961709185
500678,13.1856377192385,1.67340641638168
500679,12.5921629976513,1.4015813961866
500680,16.0419711955045,2.45489249155334
500681,31.3538610735779,13.1030258471921
500682,11.158323227899,1.30069426406754
500683,11.9906703911467,2.09799967652162
500684,20.0283725214678,5.38474962998823
500685,10.7391240297706,1.30366346769391
500686,11.9433194888807,1.42562832067171
500687,13.5744294696972,2.0509731253015
500688,13.1543225863853,2.01669470901513
500689,10.4550186179266,1.14120361318587
500690,9.98490929262727,1.57516901001432
500691,14.5864982664128,3.27114514936903
500692,10.4489673845963,1.25872416242639
500693,10.4594057628165,1.22693358370896
500694,10.2453433789724,1.3800914851143
500695,13.9617084111926,2.27186298496143
500696,11.4953769319724,1.12524903191343
500697,14.2343164786238,2.15958830202007
500698,13.0370799377339,1.73358091043264
500699,13.4056000554587,1.51386475431118
500700,11.1515155900366,1.69523443852865
500701,9.57199237522018,1.15072653152756
500702,10.3264299072477,1.20783250926056
500703,10.1060137285412,1.69192357835303
500704,10.8776972762935,1.51066890761994
500705,13.3796705202727,1.40617935271567
500706,11.5397022171192,1.34061852699625
500707,9.31073037033027,1.2256968316657
500708,10.5879944737981,1.06194699337179
500709,10.1893694695963,0.782316693443182
500710,9.87833606944036,0.953917074879786
500711,11.004773178899,1.18760869986968
500712,11.6549782147431,1.2086987618516
500713,10.3905729819816,1.41525239994008
500714,10.1940591755412,1.28021196818075
500715,9.86699000662385,1.3166718902362
500716,9.90995376379816,1.28949224090239
500717,10.1250751138532,1.37132890039933
500718,10.0510987844128,0.987851422233438
500719,8.73469695352727,1.03040783198886
500720,9.66729930244954,1.18974896440661
500721,9.42449355949541,1.05607360976177
500722,9.36836836925688,0.888595020916011
500723,10.0486782915137,1.16880159846576
500724,10.9320070963761,1.18486467724409
500725,10.8121926741009,1.25140673009149
500726,21.8606860143119,6.50925896248049
500727,25.293550759266,7.9420051865145
500728,14.5678907234862,2.78879883395539
500729,15.3165795839449,2.36093450002867
500730,11.6688960512385,2.02251698504068
500731,10.3512399643211,1.43938206053504
500732,10.8866228454128,1.92844849960385
500733,26.5705123011009,5.50284540352539
500734,18.8949957472727,2.03286285389054
500735,15.1837550091743,1.81485881469508
500736,12.8115202102018,1.78927647238309
500737,12.1539477978807,1.67302242492094
500738,11.0486446212477,1.42606329611231
500739,10.2467049063761,0.960587927153265
500740,10.7524367431834,1.1234199467494
500741,10.6817885922752,1.31636167862798
500742,11.8018719067339,1.57214268400233
500743,11.7324340027889,1.65549202570895
500744,12.6532804557064,1.34843548960723
500745,13.0313312659174,1.45557064266898
500746,12.5426941635963,1.43866459370629
500747,13.806796834633,1.89783984355368
500748,12.3933799784862,1.6413556521102
500749,11.6909844290727,1.5571491087773
500750,12.592919401422,1.39050662936712
500751,11.625175889633,1.22497101434125
500752,11.4510516465871,1.50419081309067
500753,13.7821380577247,1.6725398165774
500754,23.0851531059633,3.74371448539532
500755,17.3078892363302,2.60169728715614
500756,14.6399004016972,1.80664169705121
500757,13.8308504874311,1.40767715094745
500758,15.2707414908256,1.85338412455963
500759,14.8802856511009,1.94737488372062
500760,14.6718206577981,2.01779808970487
500761,13.2726242000917,1.58879360980038
500762,12.8487352960458,1.32216422040393
500763,15.6630126997247,1.83061340520387
500764,22.4829852371818,3.07646724841112
500765,18.4488493062385,2.01934811755864
500766,36.3134520212844,8.51511143344157
500767,28.7176412149541,6.92985594571723
500768,17.6276969242201,2.22139778082222
500769,16.1179141754128,1.71768334986512
500770,16.1519523634862,1.83060590419042
500771,17.5767152830275,2.18289861138132
500772,19.5863299162385,2.4067658688733
500773,33.1562209608256,9.17044342038586
500774,33.8214027994495,14.332301825025
500775,17.7496292789908,3.32682352645358
500776,13.8546015787981,1.87644304220978
500777,12.7470745736513,1.72121080026531
500778,12.7278619076697,1.7606810922734
500779,14.9521798057181,2.56216638432979
500780,21.3714437882568,5.50483896156662
500781,14.027818136899,1.91569221370538
500782,14.9845181473302,1.85346453455168
500783,13.208934968688,1.64134983812493
500784,12.1607100512844,1.6435084087844
500785,10.872705008844,1.39670356637616
500786,11.1003826673302,1.36723783646941
500787,11.1374464727706,1.27291766466188
500788,11.217322754422,1.52604609740992
500789,10.6194608878807,1.30840006612605
500790,11.2757171569082,1.49878970746727
500791,10.9720965179082,1.28014755712402
500792,12.0113958659633,1.434953975568
500793,12.0241034557798,1.46347484711714
500794,12.3952407325454,1.39245431487051
500795,11.641211658422,1.4012217119884
500796,10.241410077211,1.19214830077214
500797,11.5900787350367,1.38943233553531
500798,11.2366867015963,1.17044472845607
500799,11.1837384083394,1.61785427533003
500800,11.4253339043486,1.25670042665123
500801,11.1047698120825,1.20387409696521
500802,11.158171947,1.12045203651201
500803,11.1854024973577,1.17107249014016
500804,10.6223352236788,0.855640052211805
500805,11.3221603739633,1.14115303550384
500806,11.8829584352752,1.23998049939053
500807,11.1931178204128,1.01725765663569
500808,12.5016736774636,1.92301183004331
500809,11.3248834290825,1.60868243250583
500810,13.3633927026605,1.47714747197003
500811,15.4368478488073,2.03300546545542
500813,9.52,0.0
500814,3.92,0.0
500815,4.22,0.0
500816,5.85,0.0
500817,6.22,0.0
500818,6.22,0.0
500819,5.9,0.0
500820,5.99,0.0
500821,5.51,0.0
500822,5.65,0.0
500823,5.34,0.0
500824,5.34,0.0
500825,4.69,0.0
500826,4.75,0.0
500827,5.44,0.0
500828,5.13,0.0
500829,5.28,0.0
500830,5.28,0.0
500831,5.67,0.0
500832,5.36,0.0
500834,7.48,0.0
500835,6.88,0.0
500836,6.88,0.0
500837,6.18,0.0
500838,6.06,0.0
500839,5.85,0.0
500840,5.41,0.0
500841,5.16,0.0
500842,5.16,0.0
500843,5.86,0.0
500844,5.25,0.0
500845,5.58,0.0
500846,4.91,0.0
500847,5.17,0.0
500848,5.17,0.0
500849,4.95,0.0
500850,4.91,0.0
500851,5.23,0.0
500852,5.64,0.0
500853,5.77,0.0
500854,5.41499999999999,0.355
500855,4.15,0.0
500856,4.55,0.0
500857,4.545,0.0649999999999999
500858,4.385,0.0950000000000002
500859,4.77,0.0
500860,4.99,0.0
500861,5.02999999999999,0.18
500862,5.02999999999999,0.18
500863,4.58,0.0
500864,3.98,0.0
500865,3.495,0.135
500866,3.395,0.0350000000000001
500867,3.47,0.0
500868,3.68,0.0
500869,3.47,0.0
500870,3.465,0.00500000000000011
500871,3.69,0.0
500872,2.96,0.0
500873,3.13,0.11
500874,3.29,0.0499999999999998
500875,3.45,0.0
500876,3.16,0.0
500877,3.045,0.0549999999999999
500878,2.95,0.04
500879,3.34,0.0
500881,3.205,0.00499999999999989
500882,3.295,0.0849999999999999
500883,3.64,0.0
500884,4.05,0.0
500885,3.905,0.575
500886,4.12,0.36
500887,3.88,0.0
500888,3.39,0.0
500889,3.17999999999999,0.0999999999999998
500890,3.09499999999999,0.184999999999999
500891,2.86,0.0
500892,2.79,0.0
500893,2.88,0.06
500894,2.875,0.0550000000000001
500895,2.84,0.0
500896,3.63,0.0
500897,3.665,0.354999999999999
500898,4.355,0.335
500899,4.16,0.0
500900,4.02,0.0
500901,4.095,0.0849999999999999
500902,4.1,0.08
500903,3.65,0.0
500904,4.62,0.0
500905,4.085,0.0849999999999999
500906,4.17,0.169999999999999
500907,4.72,0.0
500908,4.79,0.0
500909,4.495,0.0549999999999997
500910,4.54,0.00999999999999978
500911,4.54,0.0
500912,3.94,0.0
500913,4.88,0.129999999999999
500914,4.7,0.0499999999999998
500915,5.08,0.0
500916,5.42,0.0
500917,5.01,0.69
500918,4.3,0.02
500919,4.59,0.0
500920,4.35,0.0
500921,3.92,0.0899999999999998
500922,4.195,0.185
500923,4.3,0.0
500924,3.94,0.0
500925,3.865,0.0450000000000001
500926,3.76499999999999,0.0549999999999999
500927,3.42,0.0
500928,3.55,0.0
500929,3.94,0.34
500930,4.165,0.115
500931,3.64,0.0
500932,3.68,0.0
500933,3.375,0.0849999999999999
500934,3.31,0.149999999999999
500935,3.49,0.0
500936,3.66,0.0
500937,3.505,0.0849999999999999
500938,3.7,0.11
500941,2.765,0.0249999999999999
500942,3.255,0.254999999999999
500943,3.545,0.0350000000000001
500944,3.27,0.0
500945,3.39,0.0
500946,3.11,0.08
500947,3.13999999999999,0.11
500948,3.36,0.0
500949,3.21,0.0
500950,3.195,0.145
500951,2.905,0.145
500952,2.99,0.0
500953,2.92,0.0
500954,2.825,0.135
500955,3.275,0.314999999999999
500956,2.79,0.0
500957,3.12,0.0
500958,2.94,0.04
500959,2.815,0.0849999999999999
500961,3.2,0.0
500962,2.975,0.104999999999999
500963,2.85,0.02
500964,2.79,0.0
500965,3.03,0.0
500966,3.45,0.05
500967,3.445,0.0450000000000001
500968,3.2,0.0
500969,3.35,0.0
500970,3.73,0.12
500971,3.57,0.28
500972,3.42,0.0
500973,3.3,0.0
500974,3.51499999999999,0.215
500975,3.42,0.31
500976,2.99,0.0
500977,2.81,0.0
500978,3.38999999999999,0.13
500979,3.51,0.01
500980,3.23,0.0
500981,3.78,0.0
500982,4.22,0.04
500983,4.57,0.31
500984,5.06,0.0
500985,5.22,0.0
500987,3.72499999999999,0.0549999999999999
500988,3.88999999999999,0.11
500989,4.31,0.0
500990,4.42,0.0
500991,4.52,0.0500000000000002
500992,4.585,0.0149999999999996
500993,4.54,0.0
500994,4.64,0.0
500995,4.465,0.185
500996,4.13,0.15
500997,4.54,0.0
500998,4.64,0.0
500999,4.385,0.0649999999999999
501000,4.45,0.129999999999999
501001,4.81,0.0
501002,4.87,0.0
501003,4.97,0.0
501005,3.75,0.0
501006,3.655,0.0149999999999999
501007,3.74,0.0999999999999998
501008,3.58,0.0
501009,3.83,0.0
501010,3.38,0.12
501011,3.46999999999999,0.21
501012,4.07,0.0
501013,3.66,0.0
501014,4.04,0.0999999999999998
501015,4.195,0.0550000000000001
501016,4.42,0.0
501017,4.27,0.0
501018,4.4,0.279999999999999
501019,3.8,0.32
501020,3.48,0.0
501021,3.37,0.0
501022,3.735,0.0749999999999999
501023,4.13,0.32
501024,3.65,0.0
501025,4.85,0.0
501026,4.49,0.14
501027,4.48,0.149999999999999
501028,4.59,0.0
501029,4.71,0.0
501030,4.54,0.11
501031,4.55,0.12
501032,4.4,0.0
501033,4.2,0.0
501034,4.18,0.169999999999999
501035,4.025,0.0150000000000001
501036,3.89,0.0
501037,3.75,0.0
501038,4.385,0.214999999999999
501039,3.785,0.385
501040,3.65,0.0
501041,4.22,0.0
501042,4.125,0.174999999999999
501043,3.95,0.0
501057,0.759155,0.0238349999999999
501058,0.761364545454545,0.0235833571376998
501059,0.770167826086956,0.0259797228549868
501060,0.77542,0.0268885607647564
501061,0.766856666666666,0.0388620376746024
501062,0.78159375,0.0318636051936609
501063,0.779047058823529,0.0276926764080974
501064,0.79478125,0.0230228133801562
501065,0.802963125,0.0220506059210257
501066,0.802331666666666,0.0255397011750551
501067,0.778112352941176,0.0258284470461661
501068,0.772443125,0.0274684076983791
501069,0.79489375,0.0349842278525266
501070,0.782780588235294,0.0287681736872718
501071,0.777254444444444,0.0319776986911229
501072,0.777541875,0.0294230979034223
501073,0.808329375,0.0308362571635951
501074,0.796170588235294,0.0257096796764515
501075,0.791071176470588,0.0319999661548263
501076,0.803160588235294,0.0245966911860322
501077,0.800960625,0.0323861136269756
501079,0.808875294117647,0.0255857520363665
501080,0.786535,0.0406522013549081
501081,0.788037142857142,0.0331797370239667
501082,0.786527777777777,0.0248469795963559
501083,0.787727777777777,0.0225064443994641
501084,0.820196666666666,0.0279701646600643
501085,0.825699,0.0382625614537239
501086,0.845629,0.0409914853231741
501087,0.855355555555555,0.0288938182973879
501088,0.82871,0.0323128815043027
501089,0.836736666666666,0.0416723249491394
501090,0.828572,0.033375524205621
501091,0.831038,0.0253463582393999
501092,0.835273333333333,0.0215293654755029
501093,0.826557058823529,0.030614387767981
501094,0.847578499999999,0.0450638784699009
501095,0.909622777777777,0.0550101425805132
501096,0.852745,0.0370236742954198
501097,0.864600769230769,0.0521866889101836
501098,0.882265833333333,0.0419397656284846
501099,0.843828461538461,0.0341614834496291
501100,0.848678461538461,0.0438367527303383
501101,0.828983846153846,0.0413961721638907
501102,0.847549166666666,0.0269228742454977
501103,0.827969166666666,0.0354777506470213
501104,0.842683846153846,0.0280787772412002
501105,0.819163846153846,0.0232062993896258
501106,0.816086153846153,0.0441184738104226
501107,0.815399999999999,0.042061607989551
501108,0.892095384615384,0.0485549908098475
501109,0.83199,0.0394923981000433
501110,0.864688461538461,0.0383091758131037
501111,1.001215,0.0707178820502047
501112,1.04932538461538,0.154462920500252
501113,0.897120833333333,0.0675612806344893
501114,0.743373076923076,0.0517336806501283
501115,0.7502,0.0340488917700595
501116,0.8090525,0.032878878256666
501117,0.839720769230769,0.0437979678948233
501118,0.794559999999999,0.0641123010817737
501119,0.832096428571428,0.0305582174141524
501120,0.825705833333333,0.0263846522490927
501121,0.803285,0.0252876315287401
501122,0.80253923076923,0.0306757748222721
501123,0.880690833333333,0.133400330925272
501124,0.834221538461538,0.069410277098308
501125,0.930092142857143,0.055188512932438
501126,0.866760588235294,0.0361201715634301
501127,0.926469375,0.0449156838516277
501128,1.19642875,0.197132598042377
501129,1.11033176470588,0.0816968119642444
501130,1.16924466666666,0.0999654726971045
501131,1.33309294117647,0.150850691112094
501132,1.08183125,0.103240281677925
501133,1.06767062499999,0.0845259478258562
501134,1.166221875,0.11938437911944
501135,1.005533125,0.0931045276637198
501136,1.03278235294117,0.0804514934990542
501137,0.997626249999999,0.0465700293744539
501138,0.974153749999999,0.046385553768792
501139,0.95748375,0.0415998156358594
501140,0.97586375,0.0456664912538449
501141,0.964543529411764,0.0260745248540943
501142,0.9388875,0.0279425682203694
501143,0.924094375,0.0305583394854722
501144,0.905763529411764,0.0419560264115792
501145,0.927945,0.0337459243835459
501146,0.947910625,0.0285654166932564
501147,0.9763775,0.0354576834938494
501148,0.942403125,0.0332142769977667
501149,0.933014705882352,0.0370159484098165
501150,0.945065,0.0294109154906813
501151,0.92908375,0.0481275722526858
501152,0.889859411764706,0.0284423322595011
501153,0.895023125,0.0453176088456173
501154,0.897041176470588,0.0311506914062353
501155,0.92304375,0.0320165915727689
501156,0.924858,0.0310160990884841
501157,0.965594705882352,0.0316471084298758
501158,0.947275,0.0363648735045235
501159,0.936237647058823,0.0364273593897598
501160,0.933514375,0.0381693620540005
501161,0.9043325,0.0422995025827727
501162,0.904074705882353,0.0319499826231467
501163,0.917923125,0.0449739167071801
501164,0.90127375,0.0349911860107299
501165,0.892811176470588,0.0262102799505557
501166,0.887514666666666,0.0341816020429444
501167,0.891757647058823,0.0448568199981454
501168,0.879416875,0.0390823036550351
501169,0.916331249999999,0.0315035664399683
501170,0.902887647058823,0.0383557015516923
501171,0.88331875,0.0246190959610116
501172,0.880784117647058,0.0339190115107812
501173,0.84865125,0.0244983259313264
501174,0.858152666666666,0.0363842483256452
501175,0.891051176470588,0.031521857940605
501176,0.926542499999999,0.0318739400804167
501177,0.904655294117647,0.0376309448878019
501178,0.880874375,0.0384106038368231
501179,0.864395625,0.0454705304247638
501180,0.912301764705882,0.0283797521514887
501181,0.87176,0.027929801049536
501182,0.86030625,0.0289819204149328
501183,0.867880588235294,0.0354611433528203
501184,0.796403125,0.0316603039543902
501185,0.836875882352941,0.039089227801324
501186,0.874545625,0.0311771121916282
501187,0.902824375,0.0430553993374742
501188,0.921697647058823,0.0277674501634794
501189,0.886243125,0.0283177737293095
501190,0.892005882352941,0.0282957841505062
501191,0.887623333333333,0.0294017957879371
501192,0.87990625,0.022678687648043
501193,0.887041272727272,0.040644124927318
501194,0.891918421052631,0.0345899063864404
501195,0.857748,0.0384787253687021
501196,0.815087368421052,0.0305917827245777
501197,0.830677321428571,0.0299990197751211
501198,0.859438524590163,0.0379935935426248
501199,0.811566785714285,0.0362690759712902
501200,0.79795737704918,0.0361764859733836
501201,0.766695714285714,0.036882674061385
501202,0.755899999999999,0.0332236408944852
501203,0.755181147540983,0.0279055456089346
501204,0.725317321428571,0.0329028437487373
501205,0.724444285714285,0.0269259788824011
501206,0.718056307692307,0.0306206609268584
501207,0.709693333333333,0.0329681580738691
501208,0.729194999999999,0.0330034128790745
501209,0.73695298245614,0.0310380687003688
501210,0.728367,0.0308385073298519
501211,0.7282225,0.029769975569635
501212,0.73425075,0.028766525458204
501213,0.705226666666666,0.0240184179329113
501214,0.705501111111111,0.0256232244672438
501215,0.70750125,0.0303146917506594
501216,0.740153333333333,0.0330448086358171
501217,0.754292222222222,0.0282901206854099
501218,0.75298,0.0249831049578176
501219,0.779121111111111,0.043377758367482
501220,0.78523,0.0325068197972876
501221,0.7677775,0.0199756324993728
501222,0.794126666666666,0.0292987398287973
501223,1.0603747368421,0.18102144334649
501224,1.16302291666666,0.171185387749635
501225,0.969566666666666,0.0509470972894651
501226,0.9464564,0.0504487047112213
501227,0.878852727272727,0.0424641785774663
501228,0.922696111111111,0.040995457151967
501229,0.975988787878788,0.0616812079214729
501230,0.904528666666666,0.0544786025722229
501231,0.823964999999999,0.0426982826157368
501232,0.842756333333333,0.0333303823843785
501233,0.815985,0.0382088561941687
501234,0.822938571428571,0.0336097241152325
501235,0.828795,0.0330710546903683
501236,0.790395666666666,0.0393561319816309
501237,0.777469333333333,0.0471578126389349
501238,0.828386363636363,0.038492009742927
501239,0.833595714285714,0.0307283273329394
501240,0.846704285714285,0.0260297208465042
501241,0.856057619047619,0.0336640729653555
501242,0.85096,0.0435543814725286
501243,0.819974545454545,0.0267764127421662
501244,0.841580476190476,0.0321408767291139
501245,0.829162727272727,0.0382221769493026
501246,0.785971999999999,0.0331660322619393
501247,0.806344090909091,0.0313308570899638
501248,0.815195909090909,0.0271713361098002
501249,0.799069047619047,0.0213225219416023
501250,0.793450454545454,0.0268794533692512
501251,0.801525714285714,0.0418745327276193
501252,0.7953245,0.0344428830783661
501253,0.801792272727272,0.0320237809265975
501254,0.791638571428571,0.0390136947000621
501255,0.791822727272727,0.0412095343316896
501256,0.786018636363636,0.0247421589591263
501257,0.79598619047619,0.0274152407172136
501258,0.812839,0.0263107523457616
501259,0.798738095238095,0.0293429551241776
501260,0.849088181818181,0.0402907198469464
501261,0.866693333333333,0.0414322280050242
501262,0.860117272727272,0.0250745900323266
501263,0.86696619047619,0.0294713046031447
501264,0.903217727272727,0.0457061027287701
501265,0.908813999999999,0.0404568435990748
501266,0.924335714285714,0.0311092311474429
501267,0.950493636363636,0.0254775929263797
501268,0.94695,0.0462056619907127
501269,0.937875909090909,0.0297196665310869
501270,0.92059,0.0275951589957369
501271,0.8982305,0.0301177951508738
501272,0.90344409090909,0.0351619702440901
501273,0.921724999999999,0.0413232115765461
501274,0.9187355,0.0464433809573549
501275,0.903958,0.0310255287787331
501276,0.875146,0.0347709126138501
501277,0.862249090909091,0.0305722647492924
501278,0.8661165,0.0424207723026113
501279,0.865678095238095,0.0340709059824818
501280,0.835939999999999,0.0276821998764549
501281,0.833375,0.0211581064950185
501282,0.869184,0.0289106131723282
501283,0.8771295,0.0363869093871683
501284,0.873960499999999,0.0251740760456069
501285,0.872066666666666,0.0284784405226686
501286,0.871082857142857,0.0377033801873389
501287,0.871321904761905,0.034329911103466
501288,0.879674,0.0322490688857833
501289,0.9976125,0.127652613168512
501290,0.904688571428571,0.0316543961117137
501291,1.05766999999999,0.28634627172941
501292,0.911969523809524,0.039412473669203
501293,0.904603,0.0456074070848146
501294,0.880025,0.0194568617573452
501295,0.885108888888889,0.0301632498781195
501296,0.8944835,0.0285383323400299
501297,0.939951666666666,0.0363705971371259
501298,0.985118947368421,0.0414030219968411
501299,0.961791111111111,0.0383005407401469
501300,0.95778947368421,0.0364263632802981
501301,0.940694210526315,0.0340424835688383
501302,0.917325,0.0451512066099382
501303,0.91526,0.032690112844372
501304,0.940289999999999,0.0390948884799938
501305,0.94557947368421,0.0468569941387941
501306,0.929985555555555,0.0408639254412634
501307,0.928688947368421,0.0320449979502075
501308,0.902273888888888,0.0316393557911115
501309,0.900043888888888,0.0419078902858384
501310,0.897332,0.0254961606129236
501311,0.884208888888888,0.0336809550354316
501312,0.878274210526316,0.0287674178479732
501313,0.869911111111111,0.0300144624193235
501314,0.872045555555555,0.0333535822201091
501315,0.844165,0.037093314559365
501316,0.890367777777777,0.0367880132282779
501317,0.914892777777777,0.0197373748129322
501319,0.921172631578947,0.0415830456141499
501320,0.919092631578947,0.0234241961817049
501321,0.939523684210526,0.0315342848025056
501322,0.966796315789473,0.0423660875068387
501323,0.9922895,0.0356916305980827
501324,0.983781052631579,0.0287914671011974
501325,0.940830476190476,0.0422146813184804
501326,0.897373157894736,0.0317711532604874
501327,0.884130526315789,0.0280042399935746
501328,0.9190175,0.0326987984297588
501329,0.931284736842105,0.0281138324014917
501330,0.912979523809524,0.0364850858605188
501331,0.936355263157894,0.0439738861943768
501332,0.924873684210526,0.0273489832795771
501333,0.8996615,0.0297753737633971
501334,0.908853684210526,0.0307293855951949
501335,0.9054975,0.0267595012799192
501336,0.908244,0.0390761707949998
501337,0.911341052631578,0.0350742302904983
501338,0.973651578947368,0.049289921918888
501339,1.02263809523809,0.0824042045632698
501340,0.967436315789473,0.0610339299260343
501341,0.971337368421052,0.0234804861516301
501342,1.0167615,0.0932543252227477
501343,1.01886631578947,0.0917799834966051
501344,0.943766666666666,0.0409726251623985
501345,0.977606111111111,0.0327471563038327
501346,1.0233737037037,0.0274071162897451
501347,1.10094999999999,0.0415408732455156
501348,1.41268222222222,0.263772009077611
501349,1.17190071428571,0.101994085925486
501350,1.07197769230769,0.0511223055568094
501351,1.00555785714285,0.0493801862634008
501352,0.921849629629629,0.0564825376148981
501353,0.86101448275862,0.0615046244174571
501354,0.813911034482758,0.032050954296926
501355,0.794463333333333,0.0295856872302958
501356,0.816825,0.034645323710423
501357,0.851444761904761,0.0324201133365205
501358,0.970891499999999,0.143143272607377
501359,0.836790952380952,0.033149114892265
501360,0.900138571428571,0.0449111893243834
501361,0.871561904761904,0.0246317519859163
501362,0.873955263157894,0.0306124700027225
501363,0.879734761904762,0.0332201590574225
501364,0.892061999999999,0.026058291693816
501365,0.892468095238095,0.0246694381234
501366,0.885832666666666,0.0245131090008772
501379,0.821924242424242,0.0440501457384376
501380,0.890159722222222,0.0255596586968726
501381,0.924098157894737,0.0288551602477345
501382,0.895628571428571,0.0262527268036265
501383,0.889947741935483,0.0410038127031068
501384,0.829099333333333,0.0180515596617639
501385,0.8684,0.0303853544080038
501386,0.918805714285714,0.0252516357926388
501387,0.965537692307692,0.0169169551514932
501388,0.974991666666666,0.0274813460470107
501389,0.944251428571428,0.0282005954489168
501390,0.930045384615384,0.0230562408088718
501391,0.938129090909091,0.0178659551583174
501392,0.939270909090909,0.00945194973108766
501393,0.976357777777777,0.0306456996358843
501394,0.931501111111111,0.0100896508522836
501395,0.934061,0.0285683693794378
501396,0.875549,0.0328969583548388
501397,0.905420999999999,0.0238979373377703
501398,0.88546625,0.027829735418029
501399,0.87393,0.0244073339387979
501400,0.9033525,0.0163945606452262
501401,0.914168888888888,0.0241363766241581
501402,0.904455,0.0113086504499873
501403,0.917436666666666,0.0272918233583288
501404,0.875797272727272,0.0413915670135199
501405,0.841146666666666,0.0230020359002318
501406,0.83117,0.0198523399124637
501407,0.815991851851851,0.0197536995198062
501408,0.866926969696969,0.0303957267216705
501409,0.895217272727272,0.0169536234211875
501410,0.899871818181818,0.0146817894736561
501411,0.897352608695651,0.0251905351820862
501412,0.908423809523809,0.027861821031688
501413,0.943776956521739,0.0287977662833622
501414,0.9258296,0.0269885576465286
501415,0.967483846153846,0.0289083288606379
501416,0.908588947368421,0.0298580333710494
501417,0.892688275862069,0.035010017341737
501418,0.900181666666666,0.0236656206257764
501419,0.953515,0.0344234726119644
501420,0.972927142857142,0.0241849629872339
501421,0.984203214285714,0.0335802197361111
501422,0.9855905,0.0557054963603233
501423,0.86179652173913,0.0508011618840678
501424,0.747142413793103,0.021465712138708
501425,0.771011379310344,0.030220293789409
501426,0.821299583333333,0.0301399895597148
501427,0.847467916666666,0.0513943580706389
501428,0.7684624,0.024918604660775
501429,0.737863809523809,0.02965441980648
501430,0.742062083333333,0.032297690446218
501431,0.83787,0.0324991512139875
501432,0.77853074074074,0.040637287012639
501433,0.757953333333333,0.0293208870185667
501434,0.735823913043478,0.0305464640719148
501435,0.755079,0.0298957664059645
501436,0.749539130434782,0.0273670139295058
501437,0.7533845,0.0322041442170103
501438,0.7391764,0.0348758546711044
501439,0.704660416666666,0.0305532955777232
501440,0.761250967741935,0.0303223007845698
501441,0.818171176470588,0.0215040570405714
501442,0.749254285714285,0.0390947553505373
501443,0.7254221875,0.0428068125225394
501444,0.781013199999999,0.028389846455379
501445,0.68926125,0.0254115310624428
501446,0.647020384615384,0.0175332195649746
501447,0.665619047619047,0.0285024526772132
501448,0.7275835,0.0360397238162281
501449,0.70029423076923,0.0300808500510357
501450,0.689162962962963,0.0323319777281477
501451,0.644138,0.0330943891921274
501452,0.722003333333333,0.0255973992974608
501453,0.80871423076923,0.0437312574511005
501454,0.844177407407407,0.0291956411755048
501455,0.782058,0.022403962283489
501456,0.804200454545454,0.0330304174521927
501457,0.7874212,0.0431772227286563
501458,0.689701904761904,0.0173964472615607
501459,0.695349047619047,0.0250954362963167
501460,0.696,0.0167077584550589
501461,0.6874412,0.0201268901363325
501462,0.688812499999999,0.0212782501336458
501463,0.672155454545454,0.0254152051352357
501464,0.654937407407407,0.0268366313490973
501465,0.6406325,0.0188910372597695
501466,0.646436,0.0216112108406724
501467,0.659548148148148,0.0230804465963976
501468,0.663925,0.0282226967105446
501469,0.70205619047619,0.0239739732837787
501470,0.729266999999999,0.0241656812649674
501471,0.70857074074074,0.0351200161273402
501472,0.649795769230769,0.0169780342644608
501473,0.675121,0.0185074168645978
501474,0.659164090909091,0.02400695953243
501475,0.658585294117647,0.0198748514216117
501476,0.667502727272727,0.0233503942310146
501477,0.675315,0.0267683941430934
501478,0.725405,0.0201567920314716
501479,0.718972,0.0208932007121934
501480,0.687327,0.0236292573095304
501481,0.697006363636363,0.0284824131615306
501482,0.680918181818181,0.0286840285994526
501483,0.654612727272727,0.0268561804604753
501484,0.723477272727272,0.0230326888616667
501485,0.746908888888889,0.0304215485681441
501486,0.764702727272727,0.0163064580574742
501487,0.752664545454545,0.0273281338096962
501488,0.755211818181818,0.0210099488633282
501489,0.759828260869565,0.0274171088527764
501490,0.779818695652173,0.0262879058494747
501491,0.750129565217391,0.0297832419291615
501492,0.755746818181818,0.0285136309327125
501493,0.759349090909091,0.0231529391240646
501494,0.760844545454545,0.0243819897628021
501495,0.755165217391304,0.0215167358259777
501496,0.76415652173913,0.0285538439670214
501497,0.77169037037037,0.0306067871293499
501498,0.719884347826086,0.0385441788111621
501499,0.712533636363636,0.0184926758340736
501500,0.725522727272727,0.0300903400660287
501501,0.740085454545454,0.0231270643751335
501502,0.739596363636363,0.022996532059788
501503,0.74449909090909,0.0297943679713115
501504,0.73352652173913,0.0229295172608309
501505,0.742739090909091,0.0301627263822406
501506,0.805325652173912,0.0183755117825414
501507,0.733841363636363,0.0273312074867897
501508,0.738001363636363,0.023038101305812
501509,0.750027307692307,0.0294545375318136
501510,0.71979,0.0237587662290631
501511,0.72666,0.0225933451585759
501512,0.687067727272727,0.0174832589878063
501513,0.754497727272727,0.0341573179876207
501514,0.806607727272727,0.0206496022263732
501515,0.786879545454545,0.023788129483817
501516,0.759825454545454,0.0362198269067789
501517,0.718537727272727,0.0258447840582297
501518,0.766821363636363,0.0205579556145446
501519,0.729771739130434,0.0204204310843595
501520,0.743939999999999,0.0189824885809862
501521,0.777105185185185,0.0210851319163212
501522,0.855615217391304,0.0340417199112788
501523,1.0295352173913,0.0572477664549733
501524,1.0705,0.0290903117268213
501525,1.17175454545454,0.0348153743112113
501526,1.22138454545454,0.0414792443964747
501527,1.24477999999999,0.0513077235901184
501528,1.15324210526315,0.0573917569341532
501529,0.938564736842105,0.0676668466103889
501530,0.806573333333333,0.0348608041597819
501531,0.800619565217391,0.0241558872972058
501532,0.916879090909091,0.0382243122191636
501533,0.957569523809523,0.0308199520218702
501534,0.970763478260869,0.0285430027378516
501535,0.982789999999999,0.0262080860406295
501536,0.992489130434782,0.0414485093782471
501537,1.042,0.045124567009846
501538,1.03306739130434,0.0391691206256409
501539,0.946454347826086,0.0264763654779596
501540,0.933667272727272,0.0201765816507018
501541,0.913753181818181,0.0316644283336082
501542,0.931078571428571,0.0231246953721432
501543,0.922587826086956,0.0239277090522994
501544,0.901089130434782,0.02813109418621
501545,0.861434782608695,0.0290770097244878
501546,0.900685454545454,0.033936536455737
501547,0.965295652173913,0.0253123750154444
501548,0.930196956521739,0.0518778109084248
501549,0.847580952380952,0.0253451665167076
501550,0.907645499999999,0.0157993754544285
501551,0.84165652173913,0.0444248931988337
501552,0.766939565217391,0.0270227141941674
501553,0.863012608695652,0.0241229633008073
501554,0.88224304347826,0.0251719782841404
501555,0.842424166666666,0.0393402848994796
501556,0.787570869565217,0.0105837413919914
501557,0.794542173913043,0.0312075882573344
501558,0.802587272727272,0.0194402764154072
501559,0.819903333333333,0.0280748995390363
501560,0.83657304347826,0.0196815575635808
501561,0.801313043478261,0.0339294978031214
501562,0.793699130434782,0.0151016860311352
501563,0.7725892,0.0249664119841037
501564,0.762985555555555,0.0286882556088121
501565,0.7450096875,0.0167789487685415
501566,0.743704545454545,0.0147300298485387
501567,0.749149047619047,0.0262452778346273
501568,0.783570909090909,0.0261830392549852
501569,0.769812727272727,0.0167992308216283
501570,0.807900769230769,0.0255374022718227
501571,0.859230454545454,0.0345415990940663
501572,0.904212727272727,0.0250023666483101
501573,0.921531818181818,0.0334859491071002
501574,0.923841363636363,0.0280954702423806
501575,0.916956923076923,0.0279942467673449
501576,0.89835909090909,0.0410135567286865
501577,0.90559909090909,0.0290252515311458
501578,0.942083333333333,0.0221310166601694
501579,0.962595454545454,0.0319056009228463
501580,0.908376923076922,0.0371162944487925
501581,0.927909545454545,0.0291969421620067
501582,0.880358571428571,0.0217039591046501
501583,0.909584166666666,0.0191467914885381
501584,0.89533923076923,0.032416969312511
501585,0.82496,0.0164594597537287
501586,0.807333181818181,0.0271696030663888
501587,0.813188695652173,0.0189152639775963
501588,0.858328636363636,0.0514410114328189
501589,0.968464285714285,0.0308395367100382
501590,0.937576956521739,0.0461282077649544
501591,0.928126363636363,0.025371880738948
501592,0.899699130434782,0.0334319187386575
501593,0.826022727272727,0.020682359233682
501594,0.832253809523809,0.0294303519187072
501595,0.887409130434782,0.0366077008901303
501596,0.897504090909091,0.0323328381707135
501597,0.875939130434782,0.0240247339781758
501598,0.920535909090909,0.0207670962777639
501599,0.937815,0.00751737044007631
501600,0.928704166666666,0.0242506754058291
501601,0.888278,0.0142559698372295
501602,0.86873,0.0257768004220849
501603,0.868778,0.0259909710476542
501604,0.854033636363636,0.0275857869440462
501605,0.838106999999999,0.0338073113542026
501606,0.818229999999999,0.0361970187119928
501607,0.821405454545454,0.0241384018314221
501608,0.830158,0.0186412954485464
501609,0.885037,0.0214642279385958
501610,0.92728,0.0218282500443805
501611,0.909527272727272,0.0349519579607388
501612,0.878256,0.017171108991559
501613,0.858051,0.0176335569015442
501614,0.840609090909091,0.0484059281595935
501615,0.799475,0.02587255157498
501616,0.797462999999999,0.0158849211833109
501617,0.83971,0.0317337596259882
501618,0.854358823529411,0.0237252151499208
501619,0.839735294117647,0.0233302333811596
501620,0.941805555555555,0.0358652512456497
501621,1.0131494117647,0.0243370643187295
501622,0.993889999999999,0.0354016076220024
501623,0.97154,0.0263698120629498
501624,0.988288333333333,0.0269358221312973
501625,1.00097,0.0349905901636425
501626,1.01311692307692,0.0268536874375584
501627,0.963294166666666,0.0263403962442776
501628,0.919846923076923,0.0236033163851755
501629,0.920499166666666,0.02414995806012
501630,0.935800833333333,0.0196687440110501
501631,0.931499166666666,0.0274245909900625
501632,0.95744,0.0249826823353031
501633,0.966376666666666,0.0299042884327092
501634,0.973927,0.0376706150865631
501635,0.941952,0.0347856856479788
501636,0.888221818181818,0.027330585869442
501637,0.872011578947368,0.0220315666507371
501638,0.914709999999999,0.0402393574862856
501639,0.841306,0.0254955492978676
501640,0.890835263157894,0.0469872437749047
501641,0.925779545454545,0.0310624666053996
501642,0.897758499999999,0.0363339266079239
501643,0.781213809523809,0.023937367575402
501644,0.757769523809524,0.0206649598702709
501645,0.758175925925925,0.0210823962478193
501646,0.7553,0.0202390899004871
501647,0.800355405405405,0.0249504503122006
501648,0.818005641025641,0.0183108909437304
501649,0.822213749999999,0.02465397368453
501650,0.812962432432432,0.0368590793688761
501651,0.7905275,0.0388434322472924
501652,0.789288684210526,0.0368211382490127
501653,0.763109,0.0310108636448583
501654,0.82388,0.0
